-- phpMyAdmin SQL Dump
-- version 4.9.7
-- https://www.phpmyadmin.net/
--
-- Host: localhost:3306
-- Generation Time: Dec 16, 2021 at 03:42 AM
-- Server version: 10.3.32-MariaDB-log-cll-lve
-- PHP Version: 7.3.33

SET SQL_MODE = "NO_AUTO_VALUE_ON_ZERO";
SET AUTOCOMMIT = 0;
START TRANSACTION;
SET time_zone = "+00:00";


/*!40101 SET @OLD_CHARACTER_SET_CLIENT=@@CHARACTER_SET_CLIENT */;
/*!40101 SET @OLD_CHARACTER_SET_RESULTS=@@CHARACTER_SET_RESULTS */;
/*!40101 SET @OLD_COLLATION_CONNECTION=@@COLLATION_CONNECTION */;
/*!40101 SET NAMES utf8mb4 */;

--
-- Database: `pekgogro_appdb`
--

-- --------------------------------------------------------

--
-- Table structure for table `accounts`
--

CREATE TABLE `accounts` (
  `id` int(10) UNSIGNED NOT NULL,
  `no_akun` varchar(4) DEFAULT NULL,
  `nama_akun` varchar(255) DEFAULT NULL,
  `account_group_id` int(11) DEFAULT NULL,
  `created_by` int(10) UNSIGNED DEFAULT NULL,
  `updated_by` int(10) UNSIGNED DEFAULT NULL,
  `deleted_by` int(10) UNSIGNED DEFAULT NULL,
  `created_at` datetime DEFAULT NULL,
  `updated_at` datetime DEFAULT NULL,
  `deleted_at` datetime DEFAULT NULL
) ENGINE=InnoDB DEFAULT CHARSET=utf8mb4 ROW_FORMAT=DYNAMIC;

-- --------------------------------------------------------

--
-- Table structure for table `account_groups`
--

CREATE TABLE `account_groups` (
  `id` int(10) UNSIGNED NOT NULL,
  `name` varchar(255) NOT NULL,
  `created_at` datetime DEFAULT NULL,
  `updated_at` datetime DEFAULT NULL,
  `deleted_at` datetime DEFAULT NULL,
  `created_by` int(10) UNSIGNED DEFAULT NULL,
  `updated_by` int(10) UNSIGNED DEFAULT NULL,
  `deleted_by` int(10) UNSIGNED DEFAULT NULL
) ENGINE=InnoDB DEFAULT CHARSET=utf8mb4 ROW_FORMAT=DYNAMIC;

-- --------------------------------------------------------

--
-- Table structure for table `admins`
--

CREATE TABLE `admins` (
  `id` int(10) UNSIGNED NOT NULL,
  `whatsapp` varchar(16) NOT NULL,
  `password` varchar(255) NOT NULL,
  `name` varchar(20) NOT NULL,
  `role` enum('cs','order','finance','produksi','owner','developer','komisaris') NOT NULL,
  `status` enum('aktif','tidak aktif') NOT NULL,
  `created_at` datetime NOT NULL,
  `updated_at` datetime DEFAULT NULL,
  `deleted_at` datetime DEFAULT NULL,
  `created_by` int(10) UNSIGNED NOT NULL,
  `updated_by` int(10) UNSIGNED DEFAULT NULL,
  `deleted_by` int(10) UNSIGNED DEFAULT NULL
) ENGINE=InnoDB DEFAULT CHARSET=utf8mb4 ROW_FORMAT=DYNAMIC;

--
-- Dumping data for table `admins`
--

INSERT INTO `admins` (`id`, `whatsapp`, `password`, `name`, `role`, `status`, `created_at`, `updated_at`, `deleted_at`, `created_by`, `updated_by`, `deleted_by`) VALUES
(1, '082114578976', '$2y$10$wEoESyhVVXF2Et22AeejK.C3GlPrsnfvyR4046pTsm.gb1XiC9i0W', 'Adam PM', 'developer', 'aktif', '2021-10-22 20:57:51', '2021-12-16 03:42:42', NULL, 1, 1, NULL),
(2, '085603355799', '$2y$10$kiMo3KzzWPZEnKcPoFJ2JOoro6I9de6HnxEg6trQmQfzFET5YaTrC', 'Nurul', 'order', 'aktif', '2021-10-25 22:48:17', '2021-10-25 22:48:17', '2021-11-29 08:22:00', 1, 1, 3),
(3, '081248892735', '$2y$10$8kPtP3F1sNMMIuUN.p7kXOl/nIcKMoFcKTvczlk2lNTVe6Uikodgu', 'ISANDA', 'owner', 'aktif', '2021-10-30 05:10:38', '2021-12-09 14:57:48', NULL, 1, 3, NULL),
(4, '081111111111', '$2y$10$LJM7vcllW5DDMcy8jjxEBe33PrrDduCriHxEJdbVGItKeJiqy2cn2', 'Admin CS', 'cs', 'aktif', '2021-10-30 08:53:16', '2021-10-30 08:53:16', '2021-11-29 08:22:12', 3, 3, 3),
(5, '082222222222', '$2y$10$x7NjiaR/zLJvXfBPupyydu00J2zrbyY9HtCzjXWAxsaX4BdlsZk.S', 'Admin Order', 'order', 'aktif', '2021-10-30 08:53:42', '2021-10-30 08:53:42', '2021-11-29 08:22:20', 3, 3, 3),
(6, '083333333333', '$2y$10$5QVSj.UXFezjgdgfnQW17uuv0vmBkU2J3.mYIk.cUXCZm4zwHMcF2', 'Admin Produksi', 'produksi', 'aktif', '2021-10-30 08:54:04', '2021-10-30 08:54:04', '2021-11-29 08:23:16', 3, 3, 3),
(7, '084444444444', '$2y$10$6wZdIeFMQtvq3tffagDcBuEnXQRdsbKjrOPV9oWzRJEnJwxk1exf2', 'Admin Finance', 'finance', 'aktif', '2021-10-30 08:57:09', '2021-11-13 22:01:12', '2021-11-29 08:23:45', 3, 7, 3),
(8, '123456789', '$2y$10$c0isU/CanbSzJl9toPPKhefHw0WtDNINAP/1LZ5f7kdXGUT0Ux5mu', 'test', 'cs', 'aktif', '2021-11-13 21:08:44', '2021-11-13 21:08:44', '2021-11-13 21:10:02', 1, 1, 1),
(9, '085695667068', '$2y$10$9WN5XXWSiuubqHcC6AA6m.90XaJ.Mh9Aks.4q/uWIBel0V75FMVNq', 'RAHMA ', 'produksi', 'aktif', '2021-11-29 08:21:48', '2021-12-04 11:42:39', '2021-12-04 11:46:48', 3, 3, 3),
(10, '85695667068', '$2y$10$aJ4htpxKJg.0cNt1L9KZaOckdy0YTGFQNTZ5fSI7Qrk8nzHOARtr2', 'RAHMAWATIDEWI', 'finance', 'aktif', '2021-12-04 11:47:33', '2021-12-04 11:47:33', '2021-12-04 11:53:56', 3, 3, 3),
(11, '088211428195', '$2y$10$KAdy7scOEDt7B8.KQiGhfOJ.acYheScelLz8Y81C6ickvsoSIticy', 'DESTI', 'developer', 'aktif', '2021-12-09 12:18:09', '2021-12-15 14:12:20', NULL, 3, 11, NULL);

-- --------------------------------------------------------

--
-- Table structure for table `barangs`
--

CREATE TABLE `barangs` (
  `id` int(10) UNSIGNED NOT NULL,
  `kategori_id` int(10) UNSIGNED NOT NULL,
  `name` varchar(255) DEFAULT NULL,
  `merk_id` int(10) UNSIGNED NOT NULL,
  `color_id` int(10) UNSIGNED NOT NULL,
  `unit_id` int(11) NOT NULL,
  `stock` decimal(19,4) NOT NULL DEFAULT 0.0000,
  `created_by` int(10) UNSIGNED DEFAULT NULL,
  `updated_by` int(10) UNSIGNED DEFAULT NULL,
  `deleted_by` int(10) UNSIGNED DEFAULT NULL,
  `created_at` datetime DEFAULT NULL,
  `updated_at` datetime DEFAULT NULL,
  `deleted_at` datetime DEFAULT NULL
) ENGINE=InnoDB DEFAULT CHARSET=utf8mb4 ROW_FORMAT=DYNAMIC;

--
-- Dumping data for table `barangs`
--

INSERT INTO `barangs` (`id`, `kategori_id`, `name`, `merk_id`, `color_id`, `unit_id`, `stock`, `created_by`, `updated_by`, `deleted_by`, `created_at`, `updated_at`, `deleted_at`) VALUES
(1, 11, 'SWAROVSKI CANGKANG BULAT 20 SS', 21, 32, 4, 5200.0000, 3, 3, 11, '2021-12-04 12:02:58', '2021-12-04 12:21:37', '2021-12-09 14:53:46'),
(2, 12, 'SWAROVSKI CANGKANG BULAT 25 SS', 21, 32, 4, 4320.0000, 3, 3, 11, '2021-12-04 12:06:11', '2021-12-04 12:21:37', '2021-12-09 14:53:52'),
(3, 13, 'SWAROVSKI CANGKANG BULAT 30 SS', 21, 33, 4, 2880.0000, 3, 3, 11, '2021-12-04 12:06:55', '2021-12-04 12:21:37', '2021-12-09 14:54:01'),
(4, 16, 'SWAROVSKI CANGKANG MATA 6x12', 21, 32, 4, 500.0000, 3, 3, 11, '2021-12-04 12:08:12', '2021-12-04 12:21:37', '2021-12-09 14:54:06'),
(5, 17, 'SWAROVSKI CANGKANG MATA 7x15', 21, 32, 4, 480.0000, 3, 3, 11, '2021-12-04 12:09:17', '2021-12-04 12:21:37', '2021-12-09 14:54:12'),
(6, 20, 'SWAROVSKI CANGKANG TETES 8X13', 21, 32, 4, 500.0000, 3, 3, 11, '2021-12-04 12:10:09', '2021-12-04 12:21:37', '2021-12-09 14:54:17'),
(7, 19, 'SWAROVSKI DIAMOND CANGKANG KELILING AB = 6X10', 21, 32, 4, 0.0000, 3, 3, 11, '2021-12-04 12:15:29', '2021-12-04 12:15:29', '2021-12-09 14:54:24'),
(8, 17, 'SWAROVSKI CANGKANG MATA 7X15', 21, 33, 4, 0.0000, 11, 11, 11, '2021-12-09 14:52:35', '2021-12-09 14:52:35', '2021-12-14 10:10:01'),
(9, 104, 'SONGKET', 21, 4, 3, 0.0000, 11, 11, 11, '2021-12-10 18:51:47', '2021-12-10 18:54:03', '2021-12-14 10:13:08'),
(10, 104, 'SONGKET', 21, 35, 3, 0.0000, 11, 11, 11, '2021-12-10 18:59:11', '2021-12-10 18:59:11', '2021-12-14 10:13:45'),
(11, 119, 'KAIN LADY ZARA', 19, 37, 3, 54.0000, 11, 11, NULL, '2021-12-14 09:38:44', '2021-12-14 09:47:03', NULL),
(12, 119, 'KAIN LADY ZARA', 19, 41, 3, 54.0000, 11, 11, NULL, '2021-12-14 09:40:18', '2021-12-14 09:47:03', NULL),
(13, 119, 'KAIN LADY ZARA', 19, 12, 3, 0.0000, 11, 11, 11, '2021-12-14 09:42:38', '2021-12-14 09:42:38', '2021-12-14 10:13:23'),
(14, 102, 'KAIN CERUTI ARMANI', 30, 4, 3, 0.0000, 11, 11, 11, '2021-12-14 09:50:25', '2021-12-14 09:50:25', '2021-12-14 09:53:40'),
(15, 102, 'KAIN CERUTI ARMANI MAROON', 30, 4, 3, 71.0000, 11, 11, NULL, '2021-12-14 09:51:42', '2021-12-14 11:08:49', NULL),
(16, 119, 'KAIN LADY ZARA', 19, 38, 3, 0.0000, 11, 11, 11, '2021-12-14 09:56:08', '2021-12-14 09:56:08', '2021-12-14 10:13:33'),
(17, 119, 'KAIN LADY ZARA ', 19, 42, 3, 0.0000, 11, 11, 11, '2021-12-14 09:59:25', '2021-12-14 10:05:32', '2021-12-14 10:08:26'),
(18, 106, 'KAIN VELVET', 33, 10, 3, 0.0000, 11, 11, 11, '2021-12-14 10:00:24', '2021-12-14 10:00:24', '2021-12-14 10:13:40'),
(19, 119, 'KAIN LADY ZARA ', 19, 42, 3, 54.0000, 11, 11, NULL, '2021-12-14 10:06:19', '2021-12-14 10:09:24', NULL),
(20, 119, 'KAIN LADY ZARA', 19, 12, 3, 40.0000, 11, 11, NULL, '2021-12-14 10:15:33', '2021-12-14 10:21:53', NULL),
(21, 119, 'KAIN LADY ZARA', 19, 38, 3, 49.0000, 11, 11, NULL, '2021-12-14 10:18:55', '2021-12-14 10:19:34', NULL),
(22, 119, 'KAIN LADY ZARA ', 34, 43, 3, 46.0000, 11, 11, NULL, '2021-12-14 10:41:54', '2021-12-14 11:09:41', NULL),
(23, 102, 'KAIN CERUTI LAVENDER', 35, 3, 3, 0.0000, 11, 11, 11, '2021-12-14 10:46:48', '2021-12-14 11:13:04', '2021-12-14 11:13:19'),
(24, 118, 'KAIN ARMANI SILK', 29, 4, 3, 40.0000, 11, 11, NULL, '2021-12-14 10:49:14', '2021-12-14 11:05:45', NULL),
(25, 108, 'KAIN BRUKAT CORD MAROON', 36, 4, 4, 50.0000, 11, 11, NULL, '2021-12-14 10:52:06', '2021-12-14 11:10:34', NULL),
(26, 120, 'KAIN BRUKAT RENDA', 38, 4, 3, 9.0000, 11, 11, NULL, '2021-12-14 11:02:34', '2021-12-14 11:11:06', NULL),
(27, 102, 'KAIN CERUTI', 35, 3, 3, 16.0000, 11, 11, NULL, '2021-12-14 11:14:09', '2021-12-14 11:14:35', NULL),
(28, 90, 'AKRIKIK MATA 7X15', 21, 33, 4, 0.0000, 11, 11, 11, '2021-12-14 11:43:22', '2021-12-14 11:43:22', '2021-12-14 11:52:43'),
(29, 95, 'CANGKANG TETES 8X13 BENING', 21, 33, 4, 0.0000, 11, 11, 11, '2021-12-14 11:45:49', '2021-12-14 11:45:49', '2021-12-14 11:52:53'),
(30, 96, 'CANGKANG MATA KELILING DIAMOND  6X10 PELANGI', 21, 33, 4, 25.0000, 11, 11, NULL, '2021-12-14 11:49:18', '2021-12-14 11:55:58', NULL),
(31, 121, 'BENANG YAMALON BLACK', 27, 11, 4, 9.0000, 11, 11, NULL, '2021-12-14 11:49:49', '2021-12-14 11:55:58', NULL),
(32, 91, 'CANGKANG BULAT 20 SS', 21, 33, 4, 2600.0000, 11, 11, NULL, '2021-12-14 11:54:35', '2021-12-14 12:06:50', NULL),
(33, 92, 'CANGKANG BULAT 25 SS BENING', 21, 33, 4, 2880.0000, 11, 11, NULL, '2021-12-14 11:55:36', '2021-12-14 12:06:50', NULL),
(34, 93, 'CANGKANG BULAT 30 SS BENING', 21, 33, 4, 1440.0000, 11, 11, NULL, '2021-12-14 11:56:50', '2021-12-14 12:06:50', NULL),
(35, 94, 'CANGKANG MATA 6x12 BENING', 21, 33, 4, 500.0000, 11, 11, NULL, '2021-12-14 11:57:46', '2021-12-14 12:07:40', NULL),
(36, 122, 'CANGKANG MATA 7 X15 BENING', 21, 33, 4, 480.0000, 11, 11, NULL, '2021-12-14 11:58:32', '2021-12-14 12:07:40', NULL),
(37, 95, 'CANGKANG TETES 8X13 BENING', 21, 33, 4, 500.0000, 11, 11, NULL, '2021-12-14 11:59:32', '2021-12-14 12:08:24', NULL),
(38, 124, 'BENANG YAMALON DONGKER', 27, 45, 4, 12.0000, 11, 11, NULL, '2021-12-14 12:00:33', '2021-12-14 12:08:40', NULL),
(39, 125, 'BENANG YAMALON MERAH HATI', 27, 46, 4, 12.0000, 11, 11, NULL, '2021-12-14 12:05:20', '2021-12-14 12:12:32', NULL),
(40, 90, 'AKRILIK MATA 7 X15 BENING', 21, 33, 4, 2000.0000, 11, 11, NULL, '2021-12-14 12:10:29', '2021-12-14 12:11:14', NULL),
(41, 127, 'BENANG OBRAS', 43, 47, 4, 1.0000, 11, 11, NULL, '2021-12-14 13:24:16', '2021-12-14 13:25:02', NULL),
(42, 127, 'BENANG OBRAS', 43, 48, 4, 1.0000, 11, 11, NULL, '2021-12-14 13:56:09', '2021-12-14 14:02:04', NULL),
(43, 133, 'BENANAG PAYET PACIFIC', 34, 33, 4, 2.0000, 11, 11, NULL, '2021-12-14 14:06:04', '2021-12-14 14:06:36', NULL),
(44, 127, 'BENANG OBRAS', 43, 49, 4, 1.0000, 11, 11, NULL, '2021-12-14 14:10:00', '2021-12-14 14:11:20', NULL),
(45, 126, 'BENANG JAHIT', 26, 12, 4, 7.0000, 11, 11, NULL, '2021-12-14 15:26:38', '2021-12-14 15:27:28', NULL),
(46, 128, 'SLETING 50 CM', 44, 46, 4, 12.0000, 11, 11, NULL, '2021-12-14 15:32:04', '2021-12-14 15:34:47', NULL),
(47, 128, 'SLETING 50 CM', 44, 11, 4, 12.0000, 11, 11, NULL, '2021-12-14 15:38:37', '2021-12-14 15:39:20', NULL),
(48, 128, 'SLETING 50 CM', 21, 10, 4, 12.0000, 11, 11, NULL, '2021-12-14 15:43:06', '2021-12-14 15:52:46', NULL),
(49, 128, 'SLETING 50 CM', 44, 8, 4, 12.0000, 11, 11, NULL, '2021-12-14 15:45:45', '2021-12-14 15:46:29', NULL),
(50, 128, 'SLETING 50 CM', 21, 50, 4, 10.0000, 11, 11, NULL, '2021-12-14 15:51:07', '2021-12-14 15:51:45', NULL),
(51, 135, 'ATK-STABILO', 45, 52, 4, 10.0000, 11, 11, NULL, '2021-12-15 10:44:24', '2021-12-15 10:45:06', NULL),
(52, 135, 'ATK-STABILO', 45, 53, 4, 7.0000, 11, 11, NULL, '2021-12-15 10:46:11', '2021-12-15 10:47:05', NULL),
(53, 135, 'ATK-STABILO', 45, 56, 4, 5.0000, 11, 11, NULL, '2021-12-15 10:49:02', '2021-12-15 10:49:34', NULL),
(54, 135, 'ATK-STABILO', 45, 51, 4, 6.0000, 11, 11, NULL, '2021-12-15 10:50:34', '2021-12-15 10:51:07', NULL),
(55, 135, 'ATK-STABILO', 45, 57, 4, 3.0000, 11, 11, NULL, '2021-12-15 10:53:11', '2021-12-15 10:53:40', NULL),
(56, 146, 'ATK-ISI SPIDOL', 48, 11, 4, 2.0000, 11, 11, NULL, '2021-12-15 10:56:52', '2021-12-15 10:57:16', NULL),
(57, 137, 'ATK-SPIDOL SNOWMAN', 48, 11, 4, 2.0000, 11, 11, NULL, '2021-12-15 10:58:08', '2021-12-15 10:58:37', NULL),
(58, 137, 'ATK-SPIDOL SNOWMAN', 48, 46, 4, 1.0000, 11, 11, NULL, '2021-12-15 10:59:51', '2021-12-15 11:00:21', NULL),
(59, 139, 'ATK-PULPEN STANDARD', 47, 11, 4, 24.0000, 11, 11, NULL, '2021-12-15 11:01:20', '2021-12-15 11:01:44', NULL),
(60, 138, 'ATK-TINTA PRINTER', 46, 57, 4, 1.0000, 11, 11, NULL, '2021-12-15 11:02:45', '2021-12-15 11:03:44', NULL),
(61, 138, 'ATK-TINTA PRINTER', 46, 51, 4, 1.0000, 11, 11, NULL, '2021-12-15 11:04:47', '2021-12-15 11:05:16', NULL),
(62, 138, 'ATK-TINTA PRINTER', 46, 58, 4, 2.0000, 11, 11, NULL, '2021-12-15 11:07:15', '2021-12-15 11:07:41', NULL),
(63, 136, 'ATK-LEM KERTAS', 56, 33, 4, 0.0000, 11, 11, NULL, '2021-12-15 11:09:28', '2021-12-15 11:09:58', NULL),
(64, 140, 'ATK-PEMBOLONG KERTAS', 45, 11, 4, 0.0000, 11, 11, NULL, '2021-12-15 11:11:35', '2021-12-15 11:11:35', NULL),
(65, 140, 'ATK-PEMBOLONG KERTAS', 45, 7, 4, 1.0000, 11, 11, NULL, '2021-12-15 11:15:11', '2021-12-15 11:15:53', NULL),
(66, 143, 'ATK-ISI STRAPLER', 49, 7, 4, 20.0000, 11, 11, NULL, '2021-12-15 11:17:11', '2021-12-15 11:19:50', NULL),
(67, 141, 'ATK-BINDERKLIP', 45, 11, 4, 72.0000, 11, 11, NULL, '2021-12-15 11:23:23', '2021-12-15 11:23:57', NULL),
(68, 141, 'ATK-BINDERKLIP', 45, 11, 4, 12.0000, 11, 11, NULL, '2021-12-15 11:25:19', '2021-12-15 11:26:02', NULL),
(69, 142, 'ATK-MAP', 51, 11, 4, 2.0000, 11, 11, NULL, '2021-12-15 11:27:36', '2021-12-15 11:29:43', NULL),
(70, 142, 'ATK-MAP', 51, 51, 4, 0.0000, 11, 11, NULL, '2021-12-15 11:30:04', '2021-12-15 11:30:04', NULL),
(71, 142, 'ATK-MAP', 57, 46, 4, 1.0000, 11, 11, NULL, '2021-12-15 11:31:43', '2021-12-15 11:32:11', NULL),
(72, 147, 'ATK-KERTAS PEMBATAS ', 58, 59, 4, 74.0000, 11, 11, NULL, '2021-12-15 11:35:20', '2021-12-15 11:43:02', NULL),
(73, 142, 'ATK-MAP', 52, 45, 4, 1.0000, 11, 11, NULL, '2021-12-15 11:36:57', '2021-12-15 11:37:30', NULL),
(74, 142, 'ATK-MAP', 53, 45, 4, 1.0000, 11, 11, NULL, '2021-12-15 11:38:43', '2021-12-15 11:39:17', NULL),
(75, 142, 'ATK-MAP', 50, 45, 4, 1.0000, 11, 11, NULL, '2021-12-15 11:40:23', '2021-12-15 11:40:49', NULL),
(76, 143, 'ATK-ISI STRAPLER', 59, 7, 1, 1.0000, 11, 11, NULL, '2021-12-15 11:47:29', '2021-12-15 11:47:59', NULL),
(77, 145, 'ATK-LEBEL ', 54, 60, 4, 35.0000, 11, 11, NULL, '2021-12-15 11:51:26', '2021-12-15 11:55:12', NULL),
(78, 144, 'ATK-STRAPLER', 45, 46, 4, 1.0000, 11, 11, NULL, '2021-12-15 11:56:17', '2021-12-15 11:57:11', NULL);

-- --------------------------------------------------------

--
-- Table structure for table `cashflow`
--

CREATE TABLE `cashflow` (
  `id` int(10) UNSIGNED NOT NULL,
  `tanggal` date DEFAULT NULL,
  `account_id` int(10) UNSIGNED DEFAULT NULL,
  `no_voucher` varchar(255) DEFAULT NULL,
  `dari_untuk` varchar(255) DEFAULT NULL,
  `keterangan` text DEFAULT NULL,
  `debet` decimal(19,4) UNSIGNED DEFAULT NULL,
  `kredit` decimal(19,4) UNSIGNED DEFAULT NULL,
  `jenis_cashflow` enum('kas cash','bca','mandiri') DEFAULT NULL,
  `created_at` datetime NOT NULL,
  `updated_at` datetime DEFAULT NULL,
  `deleted_at` datetime DEFAULT NULL,
  `created_by` int(10) UNSIGNED NOT NULL,
  `updated_by` int(10) UNSIGNED DEFAULT NULL,
  `deleted_by` int(10) UNSIGNED DEFAULT NULL
) ENGINE=InnoDB DEFAULT CHARSET=utf8mb4 ROW_FORMAT=DYNAMIC;

-- --------------------------------------------------------

--
-- Table structure for table `categories`
--

CREATE TABLE `categories` (
  `id` int(10) UNSIGNED NOT NULL,
  `name` varchar(255) NOT NULL,
  `created_by` int(10) UNSIGNED DEFAULT NULL,
  `updated_by` int(10) UNSIGNED DEFAULT NULL,
  `deleted_by` int(10) UNSIGNED DEFAULT NULL,
  `created_at` datetime DEFAULT NULL,
  `updated_at` datetime DEFAULT NULL,
  `deleted_at` datetime DEFAULT NULL
) ENGINE=InnoDB DEFAULT CHARSET=utf8mb4 ROW_FORMAT=DYNAMIC;

--
-- Dumping data for table `categories`
--

INSERT INTO `categories` (`id`, `name`, `created_by`, `updated_by`, `deleted_by`, `created_at`, `updated_at`, `deleted_at`) VALUES
(1, 'BENANG JAHIT', 3, 3, 3, '2021-11-29 09:12:37', '2021-11-29 09:12:37', '2021-12-04 12:45:34'),
(2, 'BENANG OBRAS', 3, 3, 3, '2021-11-29 09:12:44', '2021-11-29 09:12:44', '2021-12-04 12:45:38'),
(3, 'SLETING 50CM', 3, 3, 3, '2021-11-29 09:12:53', '2021-11-29 09:12:53', '2021-12-04 12:45:30'),
(4, 'SLETING 25 CM', 3, 3, 3, '2021-11-29 09:13:01', '2021-11-29 09:13:01', '2021-12-04 12:45:42'),
(5, 'MUTIARA BERAT 3MM', 3, 3, 3, '2021-11-29 09:14:02', '2021-11-29 09:14:02', '2021-12-04 12:44:47'),
(6, 'MUTIARA BERAT 4MM', 3, 3, 3, '2021-11-29 09:14:10', '2021-11-29 09:14:10', '2021-12-04 12:44:53'),
(7, 'MUTIARA BERAT 6MM', 3, 3, 3, '2021-11-29 09:14:19', '2021-11-29 09:14:19', '2021-12-04 12:44:57'),
(8, 'MUTIARA TEMBAK 4MM', 3, 3, 3, '2021-11-29 09:14:33', '2021-11-29 09:14:33', '2021-12-04 12:45:03'),
(9, 'MUTIARA TEMBAK 6MM', 3, 3, 3, '2021-11-29 09:14:58', '2021-11-29 09:14:58', '2021-12-04 12:45:47'),
(10, '88 - SWAROVSKI CANGKANG BULAT 16 SS ', 3, 3, 11, '2021-11-29 09:15:19', '2021-12-04 12:47:10', '2021-12-10 18:26:58'),
(11, '88 - SWAROVSKI CANGKANG BULAT 20 SS', 3, 3, 11, '2021-11-29 09:15:26', '2021-12-04 12:47:24', '2021-12-10 18:27:02'),
(12, '88 - SWAROVSKI CANGKANG BULAT 25 SS', 3, 3, 11, '2021-11-29 09:15:32', '2021-12-04 12:47:35', '2021-12-10 18:27:07'),
(13, '88 - SWAROVSKI CANGKANG BULAT 30 SS', 3, 3, 11, '2021-11-29 09:15:39', '2021-12-04 12:47:46', '2021-12-10 18:27:30'),
(14, '88 - SWAROVSKI CANGKANG BULAT 35 SS', 3, 3, 11, '2021-11-29 09:15:45', '2021-12-04 12:47:56', '2021-12-10 18:27:34'),
(15, 'SWAROVSKI CANGKANG MATA 5X10 ', 3, 3, 3, '2021-11-29 09:16:14', '2021-11-30 22:30:20', '2021-12-04 12:48:04'),
(16, '88 - SWAROVSKI CANGKANG MATA 6X12 ', 3, 3, 11, '2021-11-29 09:16:27', '2021-12-04 12:48:19', '2021-12-10 18:28:05'),
(17, '88 - SWAROVSKI CANGKANG MATA 7X15 ', 3, 3, 11, '2021-11-29 09:16:39', '2021-12-04 12:48:30', '2021-12-10 18:28:23'),
(18, 'SWAROVSKI CANGKANG TETES 5X8 ', 3, 3, 3, '2021-11-29 09:17:08', '2021-11-29 09:17:08', '2021-12-04 12:48:50'),
(19, 'SWAROVSKI CANGKANG TETES 6X10 ', 3, 3, 3, '2021-11-29 09:17:19', '2021-11-29 09:17:19', '2021-12-04 12:48:55'),
(20, '88 - SWAROVSKI CANGKANG TETES 8X13 ', 3, 3, 11, '2021-11-29 09:17:30', '2021-12-04 12:49:08', '2021-12-10 18:28:28'),
(21, 'SWAROVSKI CANGKANG TETES 10X14 ', 3, 3, 3, '2021-11-29 09:17:42', '2021-11-29 09:17:42', '2021-12-04 12:49:14'),
(22, 'AKRILIK DIAMOND MATA 5X10', 3, 3, 3, '2021-11-29 09:18:15', '2021-11-29 09:18:15', '2021-12-04 12:49:32'),
(23, 'AKRILIK DIAMOND MATA 9X7', 3, 3, 3, '2021-11-29 09:18:26', '2021-11-29 09:18:26', '2021-12-04 12:49:41'),
(24, 'AKRILIK DIAMOND MATA 10X18', 3, 3, 3, '2021-11-29 09:18:37', '2021-11-29 09:18:37', '2021-12-04 12:49:47'),
(25, 'AKRILIK DIAMOND MATA 13X22', 3, 3, 3, '2021-11-29 09:18:52', '2021-11-29 09:18:52', '2021-12-04 12:49:53'),
(26, '88 - AKRILIK DIAMOND MATA 7X15', 3, 3, 11, '2021-11-29 09:19:18', '2021-12-04 12:50:07', '2021-12-10 18:28:31'),
(27, 'JASA PAYET - RACHEL', 3, 3, 11, '2021-11-30 22:23:54', '2021-12-04 12:50:16', '2021-12-10 18:25:05'),
(28, 'JASA JAHIT 1 - RACHEL', 3, 3, 11, '2021-11-30 22:24:00', '2021-12-04 12:46:33', '2021-12-10 18:28:35'),
(29, 'JASA JAHIT 2 - RACHEL', 3, 3, 11, '2021-11-30 22:24:07', '2021-12-04 12:46:42', '2021-12-10 18:28:39'),
(30, '88 - SWAROVSKI DIAMOND CANGKANG KELILING', 3, 3, 11, '2021-12-04 12:29:55', '2021-12-04 12:50:34', '2021-12-10 18:28:44'),
(31, 'AKRILIK MATA 7x15', 3, 3, 3, '2021-12-04 12:39:37', '2021-12-04 12:39:37', '2021-12-04 12:50:22'),
(32, 'AK - Mutiara 6mm litte gold kode 141 - MAROON', 3, 3, 11, '2021-12-04 12:52:33', '2021-12-04 12:52:33', '2021-12-10 18:28:49'),
(33, 'AK - Mutiara 6mm Dusty kode 49 - DUSTY', 3, 3, 11, '2021-12-04 12:52:49', '2021-12-04 12:52:49', '2021-12-10 18:29:26'),
(34, 'AK - Mutiara 6mm Coklat tua kode 55 - COKMUD', 3, 3, 11, '2021-12-04 12:53:08', '2021-12-04 12:53:08', '2021-12-10 18:28:53'),
(35, 'AK - Mutiara 6mm Lavender Kode 52 - LAVENDER', 3, 3, 11, '2021-12-04 12:53:33', '2021-12-04 12:53:33', '2021-12-10 18:28:57'),
(36, 'AK - Mutiara 4mm maroon kode 51 - MAROON', 3, 3, 11, '2021-12-04 12:54:19', '2021-12-04 12:54:26', '2021-12-10 18:29:30'),
(37, 'AK - Mutiara 4mm pink muda kode 61 - DUSTY', 3, 3, 11, '2021-12-04 12:54:49', '2021-12-04 12:54:49', '2021-12-10 18:29:33'),
(38, 'AK - Mutiara 4mm beige kode 9 - COKMUD', 3, 3, 11, '2021-12-04 12:55:09', '2021-12-04 12:55:09', '2021-12-10 18:29:37'),
(39, 'AK - Mutiara 4mm RoseGold Kode 249 - LAVENDER', 3, 3, 11, '2021-12-04 12:55:27', '2021-12-04 12:55:27', '2021-12-10 18:29:41'),
(40, 'AK - Mutiara 4mm Abu muda 23 - ABU ', 3, 3, 11, '2021-12-04 12:57:12', '2021-12-04 12:57:12', '2021-12-10 18:29:49'),
(41, 'AK - Mutiara 6mm Abu muda 23 - ABU ', 3, 3, 11, '2021-12-04 12:57:20', '2021-12-04 12:57:20', '2021-12-10 18:29:45'),
(42, 'AK - CANGKANG PERMATA BUNGA 8mm - BENING', 3, 3, 11, '2021-12-04 12:58:03', '2021-12-04 21:09:24', '2021-12-10 18:30:06'),
(43, 'JASA JAHIT 1 - WIDURI', 3, 3, 11, '2021-12-04 16:19:28', '2021-12-04 16:19:28', '2021-12-10 18:30:10'),
(44, 'JASA JAHIT 2 - WIDURI', 3, 3, 11, '2021-12-04 16:19:38', '2021-12-04 16:19:38', '2021-12-10 18:29:53'),
(45, 'JASA JAHIT 1 - INTAN', 3, 3, 11, '2021-12-04 16:19:44', '2021-12-04 16:19:44', '2021-12-10 18:29:57'),
(46, 'JASA JAHIT 2 - INTAN', 3, 3, 11, '2021-12-04 16:19:51', '2021-12-04 16:19:51', '2021-12-10 18:31:19'),
(47, 'JASA JAHIT 1 - PINKAN', 3, 3, 11, '2021-12-04 16:20:03', '2021-12-04 16:20:03', '2021-12-10 18:25:29'),
(48, 'JASA JAHIT 2 - PINKAN', 3, 3, 11, '2021-12-04 16:20:13', '2021-12-04 16:20:13', '2021-12-10 18:30:01'),
(49, 'JASA JAHIT 1 - MAWAR', 3, 3, 11, '2021-12-04 16:20:18', '2021-12-04 16:20:18', '2021-12-10 18:30:24'),
(50, 'JASA JAHIT 2 - MAWAR', 3, 3, 11, '2021-12-04 16:20:25', '2021-12-04 16:20:25', '2021-12-10 18:25:33'),
(51, 'JASA JAHIT 1 - SIERA ', 3, 3, 11, '2021-12-04 16:21:30', '2021-12-04 16:21:30', '2021-12-10 18:30:28'),
(52, 'JASA JAHIT 2 - SIERA', 3, 3, 11, '2021-12-04 16:21:38', '2021-12-04 16:21:38', '2021-12-10 18:30:41'),
(53, 'JASA JAHIT 1 - JOANA', 3, 3, 11, '2021-12-04 16:21:45', '2021-12-04 16:21:45', '2021-12-10 18:30:32'),
(54, 'JASA JAHIT 2 - JOANA', 3, 3, 11, '2021-12-04 16:21:49', '2021-12-04 16:21:49', '2021-12-10 18:30:36'),
(55, 'JASA JAHIT 1 - WILONA', 3, 3, 11, '2021-12-04 16:21:58', '2021-12-04 16:21:58', '2021-12-10 18:31:25'),
(56, 'JASA JAHIT 2 - WILONA', 3, 3, 11, '2021-12-04 16:22:02', '2021-12-04 16:22:02', '2021-12-10 18:31:14'),
(57, 'JASA JAHIT 1 - NINA', 3, 3, 11, '2021-12-04 16:22:48', '2021-12-04 16:22:48', '2021-12-10 18:30:46'),
(58, 'JASA JAHIT 2 - NINA', 3, 3, 11, '2021-12-04 16:22:53', '2021-12-04 16:22:53', '2021-12-10 18:31:30'),
(59, 'JASA JAHIT 1 - BUNA', 3, 3, 11, '2021-12-04 16:24:05', '2021-12-04 16:24:05', '2021-12-10 18:31:48'),
(60, 'JASA JAHIT 2 - BUNA', 3, 3, 11, '2021-12-04 16:24:12', '2021-12-04 16:24:12', '2021-12-10 18:31:36'),
(61, 'JASA JAHIT 1 - SALMA', 3, 3, 11, '2021-12-04 16:24:37', '2021-12-04 16:24:37', '2021-12-10 18:31:53'),
(62, 'JASA JAHIT 2 - SALMA', 3, 3, 11, '2021-12-04 16:24:46', '2021-12-04 16:24:46', '2021-12-10 18:33:47'),
(63, 'JASA JAHIT 1 - ASYA', 3, 3, 11, '2021-12-04 16:25:04', '2021-12-04 16:25:04', '2021-12-10 18:32:07'),
(64, 'JASA JAHIT 2 - ASYA', 3, 3, 11, '2021-12-04 16:25:09', '2021-12-04 16:25:09', '2021-12-10 18:31:42'),
(65, 'JASA JAHIT 1 - HANNA', 3, 3, 11, '2021-12-04 16:25:20', '2021-12-04 16:25:20', '2021-12-10 18:33:53'),
(66, 'JASA JAHIT 2 - HANNA', 3, 3, 11, '2021-12-04 16:25:30', '2021-12-04 16:25:30', '2021-12-10 18:32:01'),
(67, 'JASA JAHIT 1 - WILONA', 3, 3, 11, '2021-12-04 16:26:02', '2021-12-04 16:26:02', '2021-12-10 18:32:12'),
(68, 'JASA JAHIT 2 - WILONA', 3, 3, 11, '2021-12-04 16:26:11', '2021-12-04 16:26:11', '2021-12-10 18:32:19'),
(69, 'JASA JAHIT 1 - RISA', 3, 3, 11, '2021-12-04 16:36:15', '2021-12-04 16:36:15', '2021-12-10 18:32:24'),
(70, 'JASA JAHIT 2 - RISA', 3, 3, 11, '2021-12-04 16:36:24', '2021-12-04 16:36:24', '2021-12-10 18:32:29'),
(71, 'JASA PAYET - BUNA', 3, 3, 11, '2021-12-04 16:37:07', '2021-12-04 16:37:07', '2021-12-10 18:32:35'),
(72, 'JASA JAHIT HANNA', 3, 3, 3, '2021-12-04 16:37:18', '2021-12-04 16:37:18', '2021-12-04 16:37:47'),
(73, 'JASA JAHIT WILONA', 3, 3, 3, '2021-12-04 16:37:26', '2021-12-04 16:37:26', '2021-12-04 16:38:00'),
(74, 'JASA PAYET - HANNA', 3, 3, 11, '2021-12-04 16:38:13', '2021-12-04 16:38:13', '2021-12-10 18:32:50'),
(75, 'JASA PAYET - WILONA', 3, 3, 11, '2021-12-04 16:38:18', '2021-12-04 16:38:18', '2021-12-10 18:32:40'),
(76, 'JASA PAYET - PINKAN', 3, 3, 11, '2021-12-04 16:38:24', '2021-12-04 16:38:24', '2021-12-10 18:32:45'),
(77, 'JASA PAYET - MAWAR', 3, 3, 11, '2021-12-04 16:38:28', '2021-12-04 16:38:28', '2021-12-10 18:33:10'),
(78, 'SAJ - BENANG OBRAS POLYSTER BIOLA @300GRAM - MERAH HATI - 7807', 3, 3, 11, '2021-12-04 16:45:10', '2021-12-04 16:45:10', '2021-12-10 18:32:55'),
(79, 'SAJ - BENANG OBRAS POLYSTER BIOLA @300GRAM - MILO - 3821', 3, 3, 11, '2021-12-04 16:45:46', '2021-12-04 16:45:46', '2021-12-10 18:33:18'),
(80, 'SAJ - BENANG JAHIT YAMALON @500Y - 398 - DONGKER', 3, 3, 11, '2021-12-04 16:46:24', '2021-12-04 16:46:24', '2021-12-10 18:33:25'),
(81, 'SAJ - BENANG JAHIT YAMALON @500Y - HITAM', 3, 3, 11, '2021-12-04 16:46:39', '2021-12-04 16:46:39', '2021-12-10 18:33:42'),
(82, 'SAJ - BENANG JAHIT YAMALON @500Y - 111 - MERAH HATI', 3, 3, 11, '2021-12-04 16:46:54', '2021-12-04 16:46:54', '2021-12-10 18:33:30'),
(83, 'SAJ - SLETING JPG MURAH 50cm - 520 - MAROON', 3, 3, 11, '2021-12-04 16:47:37', '2021-12-04 16:47:37', '2021-12-10 18:33:37'),
(84, 'BIAYA ADMIN SHOPPE', 3, 3, 11, '2021-12-04 21:10:32', '2021-12-04 21:10:32', '2021-12-10 18:25:52'),
(85, 'GOSEND INSTAN', 3, 3, 11, '2021-12-04 21:10:46', '2021-12-04 21:10:46', '2021-12-10 18:33:57'),
(86, 'GOSEND SAMEDAY', 3, 3, 11, '2021-12-04 21:10:55', '2021-12-04 21:10:55', '2021-12-10 18:25:23'),
(87, 'JM - SLETING JEPANG - 50 CM -567 - DUSTY', 3, 3, 11, '2021-12-04 21:54:05', '2021-12-04 21:54:05', '2021-12-10 18:25:43'),
(88, 'JM - SLETING JEPANG - 50 CM -679 - COKMUD', 3, 3, 11, '2021-12-04 21:54:38', '2021-12-04 21:54:38', '2021-12-10 18:34:02'),
(89, 'JM - SLETING JEPANG - 50 CM -567 - LAVENDER', 3, 3, 11, '2021-12-04 21:55:01', '2021-12-04 21:55:01', '2021-12-10 18:25:16'),
(90, 'AKRILIK MATA 7X15 ', 11, 11, NULL, '2021-12-10 18:34:41', '2021-12-14 12:18:39', NULL),
(91, 'CANGKANG BULAT 20 SS', 11, 11, NULL, '2021-12-10 18:34:53', '2021-12-14 12:18:49', NULL),
(92, 'CANGKANG BULAT 25 SS', 11, 11, NULL, '2021-12-10 18:35:02', '2021-12-14 12:18:56', NULL),
(93, 'CANGKANG BULAT 30 SS', 11, 11, NULL, '2021-12-10 18:35:09', '2021-12-10 18:35:52', NULL),
(94, 'CANGKANG MATA 6x12', 11, 11, NULL, '2021-12-10 18:35:25', '2021-12-10 18:35:25', NULL),
(95, 'CANGKANG TETES 8X13', 11, 11, NULL, '2021-12-10 18:36:14', '2021-12-10 18:36:14', NULL),
(96, 'CANGKANG KELILING AB = 6X10', 11, 11, NULL, '2021-12-10 18:36:35', '2021-12-10 18:36:35', NULL),
(97, 'PLASTIK BENING BAJU OPP - 35x40', 11, 11, NULL, '2021-12-10 18:37:11', '2021-12-10 18:37:11', NULL),
(98, 'CANGKANG PERMATA BUNGA 8mm', 11, 11, NULL, '2021-12-10 18:37:26', '2021-12-14 12:19:09', NULL),
(99, 'MUTIARA 4 MM', 11, 11, 11, '2021-12-10 18:37:43', '2021-12-10 18:38:39', '2021-12-14 12:18:06'),
(100, 'MUTIARA 6 MM', 11, 11, 11, '2021-12-10 18:37:52', '2021-12-10 18:38:50', '2021-12-14 12:20:46'),
(101, 'PAYET PATAH', 11, 11, NULL, '2021-12-10 18:38:13', '2021-12-10 18:38:13', NULL),
(102, 'KAIN CERUTI ', 11, 11, NULL, '2021-12-10 18:39:33', '2021-12-10 18:39:33', NULL),
(103, 'KAIN MAXMARA', 11, 11, NULL, '2021-12-10 18:39:41', '2021-12-10 18:39:41', NULL),
(104, 'KAIN SONGKET', 11, 11, NULL, '2021-12-10 18:39:51', '2021-12-10 18:39:51', NULL),
(105, 'KAIN TULE MUTIARA', 11, 11, NULL, '2021-12-10 18:40:01', '2021-12-10 18:40:01', NULL),
(106, 'KAIN VELVET', 11, 11, NULL, '2021-12-10 18:43:32', '2021-12-10 18:43:32', NULL),
(107, 'KAIN ORGANZA', 11, 11, NULL, '2021-12-10 18:43:39', '2021-12-10 18:43:39', NULL),
(108, 'KAIN BRUKAT CORD', 11, 11, NULL, '2021-12-10 18:43:52', '2021-12-10 18:43:52', NULL),
(109, 'KAIN CANTILY', 11, 11, NULL, '2021-12-10 18:44:02', '2021-12-10 18:44:02', NULL),
(110, 'KAIN SCUBA', 11, 11, NULL, '2021-12-10 18:44:24', '2021-12-10 18:44:24', NULL),
(111, 'KAIN TILE HALUS', 11, 11, NULL, '2021-12-10 18:45:05', '2021-12-10 18:45:05', NULL),
(112, 'KAIN TILE POLKADOT', 11, 11, NULL, '2021-12-10 18:45:14', '2021-12-10 18:45:14', NULL),
(113, 'MUTIARA TEMBAK 4MM', 11, 11, NULL, '2021-12-10 18:45:53', '2021-12-10 18:45:53', NULL),
(114, 'MUTIARA TEMBAK 6 MM', 11, 11, NULL, '2021-12-10 18:46:02', '2021-12-10 18:46:02', NULL),
(115, 'KAIN DIAMOND', 11, 11, NULL, '2021-12-10 18:46:25', '2021-12-10 18:46:25', NULL),
(116, 'KAIN ZARA CREP', 11, 11, NULL, '2021-12-10 18:46:34', '2021-12-10 18:46:34', NULL),
(117, 'KAIN MOSSCRAPE ANDINA', 11, 11, NULL, '2021-12-10 18:46:46', '2021-12-10 18:46:46', NULL),
(118, 'KAIN ARMANI SILK', 11, 11, NULL, '2021-12-10 18:47:00', '2021-12-10 18:47:00', NULL),
(119, 'KAIN LADY ZARA', 11, 11, NULL, '2021-12-14 09:33:03', '2021-12-14 09:33:03', NULL),
(120, 'KAIN BRUKAT RENDA', 11, 11, NULL, '2021-12-14 11:01:28', '2021-12-14 11:01:28', NULL),
(121, 'BENANG YAMALON BLACK', 11, 11, 11, '2021-12-14 11:43:13', '2021-12-14 11:43:13', '2021-12-14 12:21:11'),
(122, 'CANGKANG MATA 7X15 ', 11, 11, NULL, '2021-12-14 11:44:11', '2021-12-14 12:19:29', NULL),
(123, 'CANGKANG MATA KELILING DIAMOND  8X13 PELANGI', 11, 11, NULL, '2021-12-14 11:46:42', '2021-12-14 11:46:42', NULL),
(124, 'BENANG YAMALON', 11, 11, 11, '2021-12-14 11:58:01', '2021-12-14 12:20:21', '2021-12-14 12:21:01'),
(125, 'BENANG YAMALON', 11, 11, 11, '2021-12-14 12:02:35', '2021-12-14 12:20:29', '2021-12-14 12:21:02'),
(126, 'BENANG JAHIT', 11, 11, NULL, '2021-12-14 12:21:26', '2021-12-14 12:50:04', NULL),
(127, 'BENANG OBRAS', 11, 11, NULL, '2021-12-14 12:50:12', '2021-12-14 12:50:12', NULL),
(128, 'SLETING 50 CM', 11, 11, NULL, '2021-12-14 12:50:28', '2021-12-14 12:50:28', NULL),
(129, 'SLETING 25 CM', 11, 11, NULL, '2021-12-14 12:50:35', '2021-12-14 12:50:35', NULL),
(130, 'CEKO 4 MM', 11, 11, NULL, '2021-12-14 12:51:02', '2021-12-14 12:51:22', NULL),
(131, 'CEKO 6 MM', 11, 11, NULL, '2021-12-14 12:51:11', '2021-12-14 12:51:11', NULL),
(132, 'BENANG OBRAS ', 11, 11, NULL, '2021-12-14 13:18:54', '2021-12-14 13:18:54', NULL),
(133, 'BENANG PAYET PACIFIC', 11, 11, NULL, '2021-12-14 14:03:05', '2021-12-14 14:03:05', NULL),
(134, 'SLETING JEPANG 50 CM', 11, 11, NULL, '2021-12-14 14:54:12', '2021-12-14 14:54:12', NULL),
(135, 'ATK-STABILO', 11, 11, NULL, '2021-12-15 10:34:11', '2021-12-15 10:34:11', NULL),
(136, 'ATK-LEM KERTAS-GLUE KENKO', 11, 11, NULL, '2021-12-15 10:34:41', '2021-12-15 10:34:41', NULL),
(137, 'ATK-SPIDOL SNOWMAN', 11, 11, NULL, '2021-12-15 10:35:17', '2021-12-15 10:55:09', NULL),
(138, 'ATK-TINTA PRINTER', 11, 11, NULL, '2021-12-15 10:36:00', '2021-12-15 10:36:00', NULL),
(139, 'ATK-PULPEN STANDART', 11, 11, NULL, '2021-12-15 10:36:11', '2021-12-15 10:36:19', NULL),
(140, 'ATK-PEMBOLONG KERTAS', 11, 11, NULL, '2021-12-15 10:36:34', '2021-12-15 10:36:47', NULL),
(141, 'ATK-BINDERKLIP', 11, 11, NULL, '2021-12-15 10:36:58', '2021-12-15 10:37:16', NULL),
(142, 'ATK-MAP ', 11, 11, NULL, '2021-12-15 10:37:34', '2021-12-15 10:37:34', NULL),
(143, 'ATK-ISI STRAPLER ', 11, 11, NULL, '2021-12-15 10:37:48', '2021-12-15 10:37:56', NULL),
(144, 'ATK-STAPLER', 11, 11, NULL, '2021-12-15 10:38:16', '2021-12-15 10:38:16', NULL),
(145, 'ATK-LABEL', 11, 11, NULL, '2021-12-15 10:38:32', '2021-12-15 10:38:32', NULL),
(146, 'ATK-ISI SPIDOL', 11, 11, NULL, '2021-12-15 10:55:37', '2021-12-15 10:55:37', NULL),
(147, 'ATK-KERTAS PEMBATAS', 11, 11, NULL, '2021-12-15 11:33:04', '2021-12-15 11:33:04', NULL);

-- --------------------------------------------------------

--
-- Table structure for table `colors`
--

CREATE TABLE `colors` (
  `id` int(10) UNSIGNED NOT NULL,
  `name` varchar(20) NOT NULL,
  `hex` varchar(7) DEFAULT NULL,
  `created_at` datetime NOT NULL,
  `updated_at` datetime DEFAULT NULL,
  `deleted_at` datetime DEFAULT NULL,
  `created_by` int(10) UNSIGNED NOT NULL,
  `updated_by` int(10) UNSIGNED DEFAULT NULL,
  `deleted_by` int(10) UNSIGNED DEFAULT NULL
) ENGINE=InnoDB DEFAULT CHARSET=utf8mb4 ROW_FORMAT=DYNAMIC;

--
-- Dumping data for table `colors`
--

INSERT INTO `colors` (`id`, `name`, `hex`, `created_at`, `updated_at`, `deleted_at`, `created_by`, `updated_by`, `deleted_by`) VALUES
(1, 'Dusty Pink', '#D9598A', '2021-11-30 19:39:50', '2021-11-30 19:46:11', NULL, 3, 3, NULL),
(2, 'Soft Lavender', '#B95DC2', '2021-11-30 19:40:25', '2021-11-30 19:40:39', NULL, 3, 3, NULL),
(3, 'Lavender', '#821088', '2021-11-30 19:40:54', '2021-11-30 19:40:54', NULL, 3, 3, NULL),
(4, 'Maroon ', '#960D0D', '2021-11-30 19:41:13', '2021-11-30 19:41:27', NULL, 3, 3, NULL),
(5, 'oldmaroon', '#610404', '2021-11-30 19:41:41', '2021-11-30 19:41:41', NULL, 3, 3, NULL),
(6, 'Broken White', '#F7F7F7', '2021-11-30 19:41:57', '2021-11-30 19:46:28', NULL, 3, 3, NULL),
(7, 'Silver', '#C2BBBF', '2021-11-30 19:42:12', '2021-11-30 19:42:12', NULL, 3, 3, NULL),
(8, 'Abu Muda', '#9E9696', '2021-11-30 19:42:27', '2021-11-30 19:49:30', NULL, 3, 3, NULL),
(9, 'Cokmud', '#9E5528', '2021-11-30 19:42:50', '2021-11-30 19:42:50', NULL, 3, 3, NULL),
(10, 'Navy', '#122449', '2021-11-30 19:43:14', '2021-11-30 19:43:14', NULL, 3, 3, NULL),
(11, 'Black', '#14070F', '2021-11-30 19:43:30', '2021-11-30 19:43:30', NULL, 3, 3, NULL),
(12, 'Lime', '#B3B66F', '2021-11-30 19:43:56', '2021-11-30 19:43:56', NULL, 3, 3, NULL),
(13, 'Sage', '#566F56', '2021-11-30 19:44:07', '2021-11-30 19:44:07', NULL, 3, 3, NULL),
(14, 'Green Botle ', '#0A4B0A', '2021-11-30 19:45:09', '2021-11-30 19:45:09', NULL, 3, 3, NULL),
(15, 'Army', '#0C3707', '2021-11-30 19:45:23', '2021-11-30 19:45:23', NULL, 3, 3, NULL),
(16, 'Olive', '#456528', '2021-11-30 19:45:52', '2021-11-30 19:45:52', NULL, 3, 3, NULL),
(17, 'Abu Tua', '#6B6767', '2021-11-30 19:49:45', '2021-11-30 19:49:45', '2021-12-14 09:58:28', 3, 3, 11),
(18, 'Mocca', '#A06835', '2021-11-30 19:52:37', '2021-11-30 19:52:37', NULL, 3, 3, NULL),
(19, 'Milo ', '#844B18', '2021-11-30 19:52:54', '2021-11-30 19:52:54', NULL, 3, 3, NULL),
(20, 'Brown', '#593112', '2021-11-30 19:53:08', '2021-11-30 19:53:08', NULL, 3, 3, NULL),
(21, 'Mustard', '#FFBA0C', '2021-11-30 19:53:51', '2021-11-30 19:53:51', NULL, 3, 3, NULL),
(22, 'Wardah', '#58B27A', '2021-11-30 19:54:31', '2021-11-30 19:54:31', NULL, 3, 3, NULL),
(23, 'White', '#F5F3F4', '2021-11-30 19:54:59', '2021-11-30 19:54:59', NULL, 3, 3, NULL),
(24, 'BABY BLUE', '#2597C4', '2021-11-30 19:55:22', '2021-11-30 19:55:22', NULL, 3, 3, NULL),
(25, 'Lilac', '#DD98ED', '2021-11-30 19:55:48', '2021-11-30 19:55:48', NULL, 3, 3, NULL),
(26, 'Old Lavender', '#680F94', '2021-11-30 19:57:13', '2021-11-30 19:57:13', NULL, 3, 3, NULL),
(27, 'Pink Muda', '#C03F70', '2021-11-30 21:11:20', '2021-11-30 21:11:20', NULL, 3, 3, NULL),
(28, 'Beige', '#928585', '2021-11-30 21:13:20', '2021-11-30 21:13:20', NULL, 3, 3, NULL),
(29, 'Off White', '#C42588', '2021-11-30 21:13:30', '2021-11-30 21:13:30', NULL, 3, 3, NULL),
(30, 'Coklat Tua', '#842727', '2021-11-30 21:13:38', '2021-11-30 21:13:38', NULL, 3, 3, NULL),
(31, 'Light Gold', '#C42588', '2021-11-30 21:13:48', '2021-11-30 21:13:48', NULL, 3, 3, NULL),
(32, 'APLIKASI', '#C42588', '2021-12-04 12:00:42', '2021-12-04 12:00:42', NULL, 3, 3, NULL),
(33, 'BENING', '#842727', '2021-12-04 12:01:09', '2021-12-04 12:01:09', NULL, 3, 3, NULL),
(34, 'PELANGI', '#C42588', '2021-12-04 12:01:23', '2021-12-04 12:01:23', NULL, 3, 3, NULL),
(35, 'BATA', '#C42588', '2021-12-10 18:49:56', '2021-12-10 18:49:56', NULL, 11, 11, NULL),
(36, 'GOLD', '#8A5A5A', '2021-12-10 18:50:04', '2021-12-10 18:50:04', NULL, 11, 11, NULL),
(37, 'SALMON', '#9A2A2A', '2021-12-14 09:34:49', '2021-12-14 09:34:49', NULL, 11, 11, NULL),
(38, 'HARSEY', '#530F0F', '2021-12-14 09:34:59', '2021-12-14 09:34:59', NULL, 11, 11, NULL),
(39, 'LIME', '#9A2A2A', '2021-12-14 09:35:11', '2021-12-14 09:35:11', NULL, 11, 11, NULL),
(40, 'CAPPUCINO', '#9A2A2A', '2021-12-14 09:35:25', '2021-12-14 09:35:25', NULL, 11, 11, NULL),
(41, 'BABY BLUE', '#530F0F', '2021-12-14 09:35:33', '2021-12-14 09:35:33', NULL, 11, 11, NULL),
(42, 'ABU TUA', '#A43737', '2021-12-14 09:57:00', '2021-12-14 09:57:00', NULL, 11, 11, NULL),
(43, 'NUTELA', '#473434', '2021-12-14 10:27:24', '2021-12-14 10:27:24', NULL, 11, 11, NULL),
(44, 'LAVENDER', '#836CCE', '2021-12-14 10:27:48', '2021-12-14 10:27:48', NULL, 11, 11, NULL),
(45, 'BIRU DONGKER ', '#000000', '2021-12-14 11:59:18', '2021-12-14 11:59:18', NULL, 11, 11, NULL),
(46, 'MERAH HATI', '#CE6C91', '2021-12-14 12:01:46', '2021-12-14 12:01:46', NULL, 11, 11, NULL),
(47, 'DUSTY FANTA', '#E30E0E', '2021-12-14 13:21:58', '2021-12-14 13:21:58', NULL, 11, 11, NULL),
(48, 'MERAH HATI TUA', '#7F1D1D', '2021-12-14 13:29:39', '2021-12-14 13:29:39', NULL, 11, 11, NULL),
(49, 'UNGU MUDA', '#374CA4', '2021-12-14 14:08:07', '2021-12-14 14:08:07', NULL, 11, 11, NULL),
(50, 'COKSU', '#C89A9A', '2021-12-14 15:47:30', '2021-12-14 15:47:30', NULL, 11, 11, NULL),
(51, 'BIRU', '#3C22D9', '2021-12-15 10:39:04', '2021-12-15 10:39:04', NULL, 11, 11, NULL),
(52, 'PINK', '#D02929', '2021-12-15 10:43:21', '2021-12-15 10:43:21', NULL, 11, 11, NULL),
(53, 'ORANGE', '#A43737', '2021-12-15 10:45:24', '2021-12-15 10:45:24', NULL, 11, 11, NULL),
(54, 'ORANGE', '#A43737', '2021-12-15 10:45:24', '2021-12-15 10:45:24', NULL, 11, 11, NULL),
(55, 'HIJAU', '#37A456', '2021-12-15 10:48:12', '2021-12-15 10:48:12', NULL, 11, 11, NULL),
(56, 'HIJAU', '#37A456', '2021-12-15 10:48:12', '2021-12-15 10:48:12', NULL, 11, 11, NULL),
(57, 'KUNING', '#A49F37', '2021-12-15 10:51:48', '2021-12-15 10:51:48', NULL, 11, 11, NULL),
(58, 'MAGENTA', '#37A456', '2021-12-15 11:05:47', '2021-12-15 11:05:47', NULL, 11, 11, NULL),
(59, 'WARNA WARNI', '#95A437', '2021-12-15 11:34:23', '2021-12-15 11:34:23', NULL, 11, 11, NULL),
(60, 'PUTIH', '#260000', '2021-12-15 11:50:19', '2021-12-15 11:50:19', NULL, 11, 11, NULL);

-- --------------------------------------------------------

--
-- Table structure for table `customers`
--

CREATE TABLE `customers` (
  `id` int(10) UNSIGNED NOT NULL,
  `whatsapp` varchar(16) NOT NULL,
  `password` varchar(255) NOT NULL,
  `name` varchar(100) NOT NULL,
  `id_tokped` varchar(255) DEFAULT NULL,
  `id_shopee` varchar(255) DEFAULT NULL,
  `id_instagram` varchar(255) DEFAULT NULL,
  `order_created` int(10) UNSIGNED NOT NULL DEFAULT 0,
  `order_canceled` int(10) UNSIGNED NOT NULL DEFAULT 0,
  `order_total` decimal(19,4) UNSIGNED NOT NULL DEFAULT 0.0000,
  `status` enum('aktif','tidak aktif') NOT NULL,
  `reason_inactive` varchar(255) DEFAULT NULL,
  `created_at` datetime NOT NULL,
  `updated_at` datetime DEFAULT NULL,
  `deleted_at` datetime DEFAULT NULL,
  `created_by` int(10) UNSIGNED NOT NULL,
  `updated_by` int(10) UNSIGNED DEFAULT NULL,
  `deleted_by` int(10) UNSIGNED DEFAULT NULL
) ENGINE=InnoDB DEFAULT CHARSET=utf8mb4 ROW_FORMAT=DYNAMIC;

--
-- Dumping data for table `customers`
--

INSERT INTO `customers` (`id`, `whatsapp`, `password`, `name`, `id_tokped`, `id_shopee`, `id_instagram`, `order_created`, `order_canceled`, `order_total`, `status`, `reason_inactive`, `created_at`, `updated_at`, `deleted_at`, `created_by`, `updated_by`, `deleted_by`) VALUES
(1001, '081248892735', '$2y$10$y8wReBZR2qxRDWt/hTm.JOdF4T22.sAyXcYiOHoEMQnAq8Z8LF.x2', 'ISANDA', '', '', '', 1, 0, 345001.0000, 'aktif', NULL, '2021-12-01 15:43:44', '2021-12-07 18:54:11', NULL, 3, 1001, NULL),
(1002, '082114578976', '$2y$10$2jaMN92LqZTVzwQ/BgRKqurKZ1JdYdGzwmf8Xczh8TAIPibqW83y6', 'Adam', '', '', '', 0, 0, 0.0000, 'aktif', NULL, '2021-12-07 20:01:26', '2021-12-07 20:01:26', NULL, 1, 1, NULL);

-- --------------------------------------------------------

--
-- Table structure for table `employees`
--

CREATE TABLE `employees` (
  `id` int(10) UNSIGNED NOT NULL,
  `name` varchar(10) NOT NULL,
  `role` enum('potong kain','penjahit','qc','aksesoris') NOT NULL,
  `path_photo` varchar(255) DEFAULT NULL,
  `created_at` datetime NOT NULL,
  `updated_at` datetime DEFAULT NULL,
  `deleted_at` datetime DEFAULT NULL,
  `created_by` int(10) UNSIGNED NOT NULL,
  `updated_by` int(10) UNSIGNED DEFAULT NULL,
  `deleted_by` int(10) UNSIGNED DEFAULT NULL
) ENGINE=InnoDB DEFAULT CHARSET=utf8mb4 ROW_FORMAT=DYNAMIC;

--
-- Dumping data for table `employees`
--

INSERT INTO `employees` (`id`, `name`, `role`, `path_photo`, `created_at`, `updated_at`, `deleted_at`, `created_by`, `updated_by`, `deleted_by`) VALUES
(1, 'DEDE', 'potong kain', 'cb968f1946d51c0bd45aad6c263580b6.png', '2021-11-29 08:31:22', '2021-11-29 08:31:22', '2021-11-29 08:31:56', 3, 3, 3),
(2, 'DEDE', 'penjahit', '39f80cb1a83f71583607f5d3999241cc.jpg', '2021-11-29 08:31:51', '2021-11-29 08:31:51', NULL, 3, 3, NULL),
(3, 'DEDE', 'potong kain', '2b548283f2dc9a2e2a17843e44ad315e.jpg', '2021-11-29 08:32:15', '2021-11-29 08:32:15', NULL, 3, 3, NULL),
(4, 'RAHMA', 'qc', '0a5893a139b53da5a9a7f89adb3877f7.jpg', '2021-11-29 08:34:04', '2021-11-29 08:34:04', NULL, 3, 3, NULL),
(5, 'MBOJUM', 'qc', '722a8dce5b9cb624b5437132a817ee0e.jpg', '2021-11-29 08:35:12', '2021-11-29 08:35:12', NULL, 3, 3, NULL),
(6, 'JUNA', 'qc', 'cf4f45fa49ec348d1a9d56022dbde3de.jpg', '2021-11-29 08:35:48', '2021-11-29 08:35:48', NULL, 3, 3, NULL),
(7, 'FERY', 'aksesoris', '3fbfd06ef9e55bfc71c321f9d2b40605.jpg', '2021-11-29 08:36:17', '2021-11-29 08:36:17', NULL, 3, 3, NULL),
(8, 'FRANS', 'aksesoris', '9a22bd38a49bc323892edc606ed0f2f1.jpg', '2021-11-29 08:36:41', '2021-11-29 08:36:41', NULL, 3, 3, NULL),
(9, 'TEAM PAYET', 'aksesoris', '9b84b9efde65c10cb24fd120a321e277.jpg', '2021-11-29 08:37:23', '2021-11-29 08:37:23', NULL, 3, 3, NULL);

-- --------------------------------------------------------

--
-- Table structure for table `hpps`
--

CREATE TABLE `hpps` (
  `id` int(10) UNSIGNED NOT NULL,
  `name` varchar(50) NOT NULL,
  `cost` decimal(19,4) NOT NULL,
  `unit_id` int(10) UNSIGNED NOT NULL,
  `supplier_id` int(10) UNSIGNED DEFAULT NULL,
  `created_at` datetime NOT NULL,
  `updated_at` datetime DEFAULT NULL,
  `deleted_at` datetime DEFAULT NULL,
  `created_by` int(10) UNSIGNED NOT NULL,
  `updated_by` int(10) UNSIGNED DEFAULT NULL,
  `deleted_by` int(10) UNSIGNED DEFAULT NULL
) ENGINE=InnoDB DEFAULT CHARSET=utf8mb4 ROW_FORMAT=DYNAMIC;

--
-- Dumping data for table `hpps`
--

INSERT INTO `hpps` (`id`, `name`, `cost`, `unit_id`, `supplier_id`, `created_at`, `updated_at`, `deleted_at`, `created_by`, `updated_by`, `deleted_by`) VALUES
(1, 'LADY ZARA-KMI', 20350.0000, 3, 3, '2021-11-29 23:21:53', '2021-11-30 22:34:02', '2021-12-01 07:23:54', 3, 3, 3),
(2, 'LADY ZARA-TK', 28500.0000, 3, 6, '2021-11-29 23:22:53', '2021-11-30 22:33:37', '2021-12-01 07:23:59', 3, 3, 3),
(3, 'CERUTI ARMANI-KMI', 15950.0000, 3, 3, '2021-11-29 23:24:08', '2021-11-30 22:30:55', '2021-12-01 07:22:13', 3, 3, 3),
(4, 'CERUTI BABY DOLL - TM', 25000.0000, 3, 12, '2021-11-29 23:24:44', '2021-11-30 22:35:10', '2021-12-01 07:22:17', 3, 3, 3),
(5, 'CERUTI ARMANI-TK', 24500.0000, 3, 6, '2021-11-29 23:25:17', '2021-11-30 22:32:50', '2021-12-01 07:22:22', 3, 3, 3),
(6, 'SCUBA', 50000.0000, 3, 6, '2021-11-29 23:26:00', '2021-11-29 23:26:00', '2021-12-01 07:25:57', 3, 3, 3),
(7, 'DIAMOND GGT-KMI', 11550.0000, 3, 3, '2021-11-29 23:27:47', '2021-11-30 22:33:15', '2021-12-01 07:22:42', 3, 3, 3),
(8, 'ARMANI SILK-KMI', 24200.0000, 3, 3, '2021-11-29 23:28:18', '2021-11-30 22:31:09', '2021-12-01 07:21:24', 3, 3, 3),
(9, 'SHAKILA', 20900.0000, 3, 3, '2021-11-29 23:28:59', '2021-11-29 23:28:59', '2021-12-01 07:26:01', 3, 3, 3),
(10, 'ZARA MOSSCRAPE - KMI', 13200.0000, 3, 3, '2021-11-29 23:29:34', '2021-11-30 22:34:27', '2021-12-01 07:32:23', 3, 3, 3),
(11, 'MAXMARA SILK - TM', 26000.0000, 3, 12, '2021-11-29 23:30:21', '2021-11-30 22:35:45', '2021-12-01 07:24:11', 3, 3, 3),
(12, 'VELVET SILK', 15500.0000, 3, 17, '2021-11-29 23:32:21', '2021-11-29 23:32:21', '2021-12-01 07:32:18', 3, 3, 3),
(13, 'TILE POLOS', 10000.0000, 3, 17, '2021-11-29 23:32:45', '2021-11-29 23:32:45', '2021-12-01 07:32:08', 3, 3, 3),
(14, 'TILE POLKADOT', 15500.0000, 3, 17, '2021-11-29 23:33:09', '2021-11-29 23:33:09', '2021-12-01 07:32:03', 3, 3, 3),
(15, 'BRIDAL SILK-AT', 23000.0000, 3, 17, '2021-11-29 23:33:30', '2021-11-30 22:32:08', '2021-12-01 07:22:02', 3, 3, 3),
(16, 'ROBERTO SILK-AT', 24000.0000, 3, 17, '2021-11-29 23:33:46', '2021-11-30 22:34:13', '2021-12-01 07:25:52', 3, 3, 3),
(17, 'MAXMARA SILK - AT', 27000.0000, 3, 17, '2021-11-29 23:34:03', '2021-11-30 22:34:37', '2021-12-01 07:24:05', 3, 3, 3),
(18, 'LADY ZARA-AT', 25000.0000, 3, 17, '2021-11-29 23:34:30', '2021-11-30 22:33:48', '2021-12-01 07:23:49', 3, 3, 3),
(19, 'BRUKAT CORD-AT', 24000.0000, 3, 17, '2021-11-29 23:34:49', '2021-11-30 22:32:15', '2021-12-01 07:22:07', 3, 3, 3),
(20, 'TULE MUTIARA', 26000.0000, 3, 17, '2021-11-29 23:35:34', '2021-11-29 23:35:34', '2021-12-01 07:32:13', 3, 3, 3),
(21, 'DIAMOND CRAPE-AT', 15000.0000, 3, 17, '2021-11-29 23:35:54', '2021-11-30 22:32:26', '2021-12-01 07:22:27', 3, 3, 3),
(22, 'RAYON VISCOSE - AT', 30000.0000, 3, 17, '2021-11-29 23:36:31', '2021-11-30 22:34:58', '2021-12-01 07:25:47', 3, 3, 3),
(23, 'SLETING YEE JEPANG 50CM - JM', 1583.0000, 4, 1, '2021-11-29 23:39:23', '2021-11-30 22:36:56', '2021-12-01 07:30:45', 3, 3, 3),
(24, 'SLETING  YEE JEPANG 25CM', 1250.0000, 4, 1, '2021-11-29 23:40:30', '2021-11-29 23:42:37', '2021-12-01 07:28:47', 3, 3, 3),
(25, 'SLETING  KTT JEPANG 25CM', 375.0000, 4, 1, '2021-11-29 23:43:25', '2021-11-29 23:44:13', '2021-12-01 07:26:07', 3, 3, 3),
(26, 'SLETING  KTT JEPANG 50CM', 542.0000, 4, 1, '2021-11-29 23:43:49', '2021-11-29 23:43:49', '2021-12-01 07:26:13', 3, 3, 3),
(27, 'SLETING  SJ STAR JEPANG 50CM', 1500.0000, 4, 2, '2021-11-29 23:44:53', '2021-11-29 23:44:53', '2021-12-01 07:27:23', 3, 3, 3),
(28, 'SLETING  SJ STAR JEPANG 25CM', 1167.0000, 4, 2, '2021-11-29 23:45:16', '2021-11-29 23:45:16', '2021-12-01 07:27:16', 3, 3, 3),
(29, 'SLETING JEPANG 50CM', 1417.0000, 4, 18, '2021-11-29 23:47:39', '2021-11-29 23:47:39', '2021-12-01 07:30:21', 3, 3, 3),
(30, 'SLETING JEPANG 25CM', 1083.0000, 4, 18, '2021-11-29 23:48:32', '2021-11-29 23:48:32', '2021-12-01 07:30:17', 3, 3, 3),
(31, 'BENANG YAMALON - 5O0M-SAJ', 1458.0000, 4, 18, '2021-11-29 23:49:21', '2021-11-30 22:31:49', '2021-12-01 07:21:38', 3, 3, 3),
(32, 'JARUM ORGAN DB 11-SAJ', 1350.0000, 4, 18, '2021-11-29 23:50:34', '2021-11-30 22:33:28', '2021-12-01 07:22:57', 3, 3, 3),
(33, 'KAPUR JAHIT CHALK DIAMOND', 1350.0000, 4, 18, '2021-11-29 23:51:34', '2021-11-29 23:51:34', '2021-12-01 07:23:37', 3, 3, 3),
(34, 'BENANG EXTRA - 500M-JM', 1833.0000, 4, 1, '2021-11-29 23:52:29', '2021-11-30 22:31:03', '2021-12-01 07:21:28', 3, 3, 3),
(35, 'BENANG YAMALON - 5O0M-ZJI', 1643.0000, 4, 10, '2021-11-29 23:52:58', '2021-11-30 22:32:40', '2021-12-01 07:21:51', 3, 3, 3),
(36, 'BENANG EXTRA - 500M-ZJI', 1930.0000, 4, 10, '2021-11-29 23:53:36', '2021-11-30 22:31:37', '2021-12-01 07:21:34', 3, 3, 3),
(37, 'MUTIARA SIZE 3 MM - AK', 19.0000, 4, 4, '2021-11-29 23:56:32', '2021-11-30 22:35:27', '2021-12-01 07:24:52', 3, 3, 3),
(38, 'MUTIARA SIZE 4 MM - AK', 19.0000, 4, 4, '2021-11-29 23:56:54', '2021-11-30 22:36:00', '2021-12-01 07:25:38', 3, 3, 3),
(39, 'MUTIARA SIZE 6 MM', 36.0000, 4, 4, '2021-11-29 23:57:17', '2021-11-29 23:57:17', '2021-12-01 07:25:43', 3, 3, 3),
(40, 'MUTIARA CEKO SIZE 3 MM-AK', 46.0000, 4, 4, '2021-11-29 23:57:45', '2021-11-30 22:34:46', '2021-12-01 07:24:36', 3, 3, 3),
(41, 'MUTIARA CEKO SIZE 4 MM - AK', 46.0000, 4, 4, '2021-11-29 23:58:05', '2021-11-30 22:36:25', '2021-12-01 07:24:41', 3, 3, 3),
(42, 'MUTIARA CEKO SIZE 6 MM', 77.0000, 4, 4, '2021-11-29 23:58:22', '2021-11-29 23:58:22', '2021-12-01 07:24:47', 3, 3, 3),
(43, 'SWAROVSKI CANGKANG BULAT 16 SS', 42.0000, 4, 4, '2021-11-29 23:58:59', '2021-11-29 23:58:59', '2021-12-01 07:30:50', 3, 3, 3),
(44, 'SWAROVSKI CANGKANG BULAT 20 SS - AK', 52.0000, 4, 4, '2021-11-29 23:59:17', '2021-11-30 22:36:15', '2021-12-01 07:30:56', 3, 3, 3),
(45, 'SWAROVSKI CANGKANG BULAT 25 SS - AK', 208.0000, 4, 4, '2021-11-29 23:59:49', '2021-11-30 22:36:39', '2021-12-01 07:31:10', 3, 3, 3),
(46, 'SWAROVSKI CANGKANG BULAT 30 SS', 167.0000, 4, 4, '2021-11-30 00:00:24', '2021-11-30 00:00:24', '2021-12-01 07:31:49', 3, 3, 3),
(47, 'SWAROVSKI CANGKANG BULAT 35 SS', 174.0000, 4, 4, '2021-11-30 00:00:45', '2021-11-30 00:00:45', '2021-12-01 07:31:54', 3, 3, 3),
(48, 'SWAROVSKI CANGKANG BULAT 40 SS', 191.0000, 4, 4, '2021-11-30 00:01:06', '2021-11-30 00:01:06', '2021-12-01 07:31:58', 3, 3, 3),
(49, 'JAHIT RACHEL 1 ', 35000.0000, 4, 19, '2021-11-30 22:37:28', '2021-11-30 22:37:28', '2021-12-01 07:22:48', 3, 3, 3),
(50, 'JAHIT RACHEL 2', 35000.0000, 4, 19, '2021-11-30 22:37:47', '2021-11-30 22:37:47', '2021-12-01 07:22:53', 3, 3, 3),
(51, 'JASA PAYET RACHEL', 15000.0000, 4, 19, '2021-11-30 22:38:48', '2021-11-30 22:38:48', '2021-12-01 07:23:05', 3, 3, 3),
(52, 'BIAYA ADMIN & FOTO', 30000.0000, 4, 19, '2021-11-30 22:40:09', '2021-11-30 22:40:09', '2021-12-01 07:21:56', 3, 3, 3),
(53, 'LABEL SIZE BORDIR', 9.0000, 4, 2, '2021-11-30 22:40:54', '2021-11-30 22:40:54', '2021-12-01 07:23:44', 3, 3, 3),
(54, 'LADY ZARA - KMI ', 20350.0000, 3, 3, '2021-12-01 07:33:08', '2021-12-01 08:45:28', '2021-12-01 12:42:32', 3, 3, 3),
(55, 'CERUTI ARMANI - KMI', 15950.0000, 3, 3, '2021-12-01 07:33:32', '2021-12-01 08:44:17', '2021-12-01 12:42:47', 3, 3, 3),
(56, 'KMI - ARMANI SILK ', 24200.0000, 3, 3, '2021-12-01 07:33:48', '2021-12-10 16:09:58', NULL, 3, 11, NULL),
(57, 'KMI - SENORITA', 20900.0000, 3, 3, '2021-12-01 07:37:59', '2021-12-10 15:56:49', NULL, 3, 11, NULL),
(58, 'KMI - DIAMOND CRAPE ', 11550.0000, 3, 3, '2021-12-01 07:38:56', '2021-12-10 16:12:00', NULL, 3, 11, NULL),
(59, 'KMI - ZARA MOSSCRAPE ', 13200.0000, 3, 3, '2021-12-01 07:40:10', '2021-12-10 16:15:42', NULL, 3, 11, NULL),
(60, 'TONICO - MAXMARA - ROSEGOLD - KODE 17', 26000.0000, 3, 12, '2021-12-01 07:40:52', '2021-12-10 15:58:18', NULL, 3, 11, NULL),
(61, 'LADY ZARA - AKR', 25000.0000, 3, 17, '2021-12-01 07:41:32', '2021-12-01 07:41:32', '2021-12-10 16:11:08', 3, 3, 11),
(62, 'MAXMARA - AKR', 27000.0000, 3, 17, '2021-12-01 07:41:59', '2021-12-01 07:41:59', '2021-12-10 16:14:34', 3, 3, 11),
(63, 'VELVET - AKR', 15500.0000, 3, 17, '2021-12-01 07:42:27', '2021-12-01 07:42:27', '2021-12-10 16:05:08', 3, 3, 11),
(64, 'TILE HALUS - AKR', 10000.0000, 3, 17, '2021-12-01 07:42:45', '2021-12-01 07:42:45', '2021-12-10 16:16:17', 3, 3, 11),
(65, 'TILE DOT - AKR', 15500.0000, 3, 17, '2021-12-01 07:43:11', '2021-12-01 07:43:11', '2021-12-10 16:14:19', 3, 3, 11),
(66, 'CERUTI ARMANI - AKR', 19000.0000, 3, 17, '2021-12-01 07:43:48', '2021-12-01 07:43:48', '2021-12-10 16:09:40', 3, 3, 11),
(67, 'TULE MUTIARA @D\'FASHION', 30000.0000, 3, 13, '2021-12-01 07:44:49', '2021-12-01 07:44:49', '2021-12-10 15:58:41', 3, 3, 11),
(68, 'TULE MUTIARA - AKR', 26000.0000, 3, 17, '2021-12-01 07:45:22', '2021-12-01 07:45:22', '2021-12-10 16:16:00', 3, 3, 11),
(69, 'AKR - BRUKAT CORD ', 24000.0000, 3, 17, '2021-12-01 07:45:48', '2021-12-10 15:57:30', '2021-12-10 16:05:57', 3, 11, 11),
(70, 'DIAMOND CRAPE - AKR', 15000.0000, 3, 17, '2021-12-01 07:46:11', '2021-12-01 07:46:11', '2021-12-10 16:11:43', 3, 3, 11),
(71, 'TULE MUTIARA - LINA', 22000.0000, 3, 20, '2021-12-01 07:47:37', '2021-12-01 08:46:35', '2021-12-10 16:15:53', 3, 3, 11),
(72, 'BRUKAT CORD - LINA', 20900.0000, 3, 20, '2021-12-01 07:48:58', '2021-12-01 08:44:49', '2021-12-10 16:12:44', 3, 3, 11),
(73, 'CERUTI BABY DOLL - ANDINA', 14850.0000, 3, 21, '2021-12-01 07:49:48', '2021-12-01 08:45:08', '2021-12-10 16:05:31', 3, 3, 11),
(74, 'MOSSCRAPE - ANDINA', 14300.0000, 3, 21, '2021-12-01 07:50:44', '2021-12-01 08:46:19', '2021-12-10 16:13:09', 3, 3, 11),
(75, 'IN HOUSE - JASA PAYET RACHEL', 15000.0000, 4, 19, '2021-12-01 08:50:43', '2021-12-10 16:15:08', NULL, 3, 11, NULL),
(76, 'AK - SWAROVSKI CANGKANG BULAT 20 SS ', 52.0000, 4, 4, '2021-12-01 08:53:35', '2021-12-01 08:53:35', NULL, 3, 3, NULL),
(77, 'AK - SWAROVSKI CANGKANG BULAT 16 SS ', 42.0000, 4, 4, '2021-12-01 08:53:58', '2021-12-01 08:53:58', NULL, 3, 3, NULL),
(78, 'AK - SWAROVSKI CANGKANG BULAT 25 SS ', 208.0000, 4, 4, '2021-12-01 08:54:19', '2021-12-01 08:54:19', NULL, 3, 3, NULL),
(79, 'AK - SWAROVSKI CANGKANG BULAT 30 SS ', 280.0000, 3, 4, '2021-12-01 08:54:46', '2021-12-01 08:54:46', NULL, 3, 3, NULL),
(80, 'AK - SWAROVSKI CANGKANG BULAT 35 SS ', 174.0000, 4, 4, '2021-12-01 08:54:59', '2021-12-01 08:54:59', NULL, 3, 3, NULL),
(81, 'AK - SWAROVSKI CANGKANG BULAT 40 SS ', 191.0000, 4, 4, '2021-12-01 08:55:16', '2021-12-01 08:55:16', NULL, 3, 3, NULL),
(82, 'AK - MUTIARA BERAT 3MM', 19.0000, 4, 4, '2021-12-01 08:55:48', '2021-12-01 08:55:48', '2021-12-01 12:14:10', 3, 3, 3),
(83, 'AK - MUTIARA BERAT 4MM', 19.0000, 4, 4, '2021-12-01 08:56:01', '2021-12-01 08:56:01', '2021-12-01 12:14:18', 3, 3, 3),
(84, 'AK - MUTIARA BERAT 6MM', 36.0000, 4, 4, '2021-12-01 08:56:17', '2021-12-01 08:56:17', '2021-12-01 12:14:23', 3, 3, 3),
(85, 'AK - PAYET PATAH @50GR', 12500.0000, 2, 4, '2021-12-01 08:59:59', '2021-12-01 08:59:59', '2021-12-01 12:16:05', 3, 3, 3),
(86, 'AK - PAYET PATAH @50GR', 12500.0000, 2, 4, '2021-12-01 09:08:15', '2021-12-01 09:08:15', '2021-12-01 12:15:52', 3, 3, 3),
(87, 'PUSACO - PAYET PATAH @50GR', 19000.0000, 2, 16, '2021-12-01 09:08:36', '2021-12-01 09:08:36', NULL, 3, 3, NULL),
(88, 'IN HOUSE - JASA JAHIT RACHEL 1', 35000.0000, 4, 19, '2021-12-01 09:10:38', '2021-12-10 16:12:29', NULL, 3, 11, NULL),
(89, 'IN HOUSE - JASA JAHIT RACHEL 2', 35000.0000, 4, 19, '2021-12-01 09:10:59', '2021-12-10 16:13:28', NULL, 3, 11, NULL),
(90, 'AAN - PLASTIK BENING BAJU OPP - 35x40', 1500.0000, 4, 22, '2021-12-01 09:21:38', '2021-12-01 09:21:38', NULL, 3, 3, NULL),
(91, 'PACKING - PLASTIK PLONG 35x50 - CYC', 500.0000, 4, 23, '2021-12-01 09:24:52', '2021-12-10 17:44:03', NULL, 3, 11, NULL),
(92, 'YT - PLASTIK POLYMAILER - 35x50 ', 600.0000, 4, 24, '2021-12-01 09:41:02', '2021-12-01 09:41:02', NULL, 3, 3, NULL),
(93, 'ZJI - BENANG JAHIT EXTRA 500Y', 1833.0000, 4, 10, '2021-12-01 09:45:56', '2021-12-01 09:45:56', NULL, 3, 3, NULL),
(94, 'ZJI - BENANG JAHIT YAMALON 500Y', 1643.0000, 4, 10, '2021-12-01 09:46:15', '2021-12-01 09:46:15', NULL, 3, 3, NULL),
(95, 'JM - SLETING JEPANG - 50CM - YEE', 1600.0000, 4, 26, '2021-12-01 09:47:13', '2021-12-01 09:47:13', NULL, 3, 3, NULL),
(96, 'JM - SLETING JEPANG - 50CM - KTT', 600.0000, 4, 1, '2021-12-01 09:47:38', '2021-12-01 09:47:38', NULL, 3, 3, NULL),
(97, 'JM - SLETING JEPANG - 25CM - KTT', 400.0000, 4, 1, '2021-12-01 09:48:11', '2021-12-01 09:48:11', NULL, 3, 3, NULL),
(98, 'JM - SLETING JEPANG - 50CM - KTT', 600.0000, 4, 1, '2021-12-01 09:48:33', '2021-12-01 09:48:33', NULL, 3, 3, NULL),
(99, 'JM - SLETING JEPANG - 25CM - YEE', 1250.0000, 4, 1, '2021-12-01 09:49:08', '2021-12-01 09:49:08', NULL, 3, 3, NULL),
(100, 'PACKING - TALI HANGTAG NYLON', 50.0000, 4, 31, '2021-12-01 10:10:44', '2021-12-10 16:18:54', NULL, 3, 11, NULL),
(101, 'PACKING - LABEL NOMOR PENJAHIT', 25.0000, 4, 30, '2021-12-01 10:11:48', '2021-12-10 16:16:40', NULL, 3, 11, NULL),
(102, 'IN HOUSE - BIAYA MODEL & FG', 15000.0000, 4, 19, '2021-12-01 10:14:58', '2021-12-10 16:11:36', NULL, 3, 11, NULL),
(103, 'PACKING - LABEL SIZE', 10.0000, 4, 31, '2021-12-01 10:18:46', '2021-12-10 17:52:56', NULL, 3, 11, NULL),
(104, 'PACKING - LABEL BRAND', 500.0000, 4, 32, '2021-12-01 10:19:31', '2021-12-10 16:15:25', NULL, 3, 11, NULL),
(105, 'PACKING - HANGTAG', 1000.0000, 4, 33, '2021-12-01 10:24:05', '2021-12-10 16:14:51', NULL, 3, 11, NULL),
(106, 'KAIN KERAS - YM', 200.0000, 7, 34, '2021-12-01 10:28:51', '2021-12-01 10:28:51', NULL, 3, 3, NULL),
(107, 'KAIN KERAS KERAH ', 150.0000, 7, 34, '2021-12-01 10:44:42', '2021-12-01 10:44:42', NULL, 3, 3, NULL),
(108, 'KAIN KERAS - MANSET STANDART', 1500.0000, 4, 34, '2021-12-01 12:05:16', '2021-12-01 12:05:16', NULL, 3, 3, NULL),
(109, 'KAIN KERAS - KERAH', 1000.0000, 4, 34, '2021-12-01 12:05:49', '2021-12-01 12:05:49', NULL, 3, 3, NULL),
(110, 'KAIN KERAS - BELT JOANA', 2500.0000, 4, 34, '2021-12-01 12:06:23', '2021-12-01 12:06:23', NULL, 3, 3, NULL),
(111, 'KAIN KERAS - BELT INTAN', 2500.0000, 4, 34, '2021-12-01 12:06:44', '2021-12-01 12:06:44', NULL, 3, 3, NULL),
(112, 'KAIN KERAS - BELT SALMA', 2500.0000, 4, 34, '2021-12-01 12:07:20', '2021-12-01 12:07:20', NULL, 3, 3, NULL),
(113, 'PACKING - PRINT ALAMAT', 500.0000, 4, 19, '2021-12-01 12:07:45', '2021-12-10 17:44:36', NULL, 3, 11, NULL),
(114, 'PACKING - PRINT UNBOXING', 500.0000, 4, 19, '2021-12-01 12:08:00', '2021-12-10 17:44:20', NULL, 3, 11, NULL),
(115, 'AK - PAYET PATAH - LAVENDER - KODE 13/207 - 50GR', 12500.0000, 2, 4, '2021-12-01 12:17:31', '2021-12-01 12:17:31', NULL, 3, 3, NULL),
(116, 'PUSACHO - PAYET PATAH - MAROON - ABUDOFF - @50G', 19000.0000, 2, 16, '2021-12-01 12:19:12', '2021-12-01 12:19:12', NULL, 3, 3, NULL),
(117, 'PUSACHO - PAYET PATAH - BLACK - ABUDOFF - @50G', 19000.0000, 2, 16, '2021-12-01 12:19:34', '2021-12-01 12:19:34', NULL, 3, 3, NULL),
(118, 'PUSACHO - PAYET PATAH - GREY - ABUDOFF - @50G', 19000.0000, 4, 16, '2021-12-01 12:20:01', '2021-12-01 12:20:01', NULL, 3, 3, NULL),
(119, 'PUSACHO - PAYET PATAH - NAVY - ABUDOFF - @50G', 19000.0000, 4, 16, '2021-12-01 12:20:18', '2021-12-01 12:20:18', NULL, 3, 3, NULL),
(120, 'KMI - CERUTI ARMANI - MAROON - 277', 16000.0000, 3, 3, '2021-12-01 12:43:43', '2021-12-01 12:43:43', NULL, 3, 3, NULL),
(121, 'KMI - CERUTI ARMANI - COKMUD - 252', 16000.0000, 3, 3, '2021-12-01 12:44:09', '2021-12-01 12:44:09', NULL, 3, 3, NULL),
(122, 'KMI - CERUTI ARMANI - LAVENDER - 212', 16000.0000, 3, 3, '2021-12-01 12:44:48', '2021-12-01 12:44:48', NULL, 3, 3, NULL),
(123, 'KMI - CERUTI ARMANI - DUSTY - 201', 16000.0000, 3, 3, '2021-12-01 12:45:14', '2021-12-01 12:45:14', NULL, 3, 3, NULL),
(124, 'KMI - CERUTI ARMANI - BLACK - 272', 16000.0000, 3, 3, '2021-12-01 12:45:42', '2021-12-01 12:45:42', NULL, 3, 3, NULL),
(125, 'KMI - CERUTI ARMANI - NAVY - 271', 16000.0000, 3, 3, '2021-12-01 12:46:00', '2021-12-01 12:46:00', NULL, 3, 3, NULL),
(126, 'KMI - LADY ZARA - MAROON - 277', 21000.0000, 4, 3, '2021-12-01 12:47:05', '2021-12-01 12:47:05', NULL, 3, 3, NULL),
(127, 'KMI - LADY ZARA - COKMUD - 252', 21000.0000, 3, 3, '2021-12-01 12:47:30', '2021-12-01 12:47:30', NULL, 3, 3, NULL),
(128, 'KMI - LADY ZARA - DUSTY - 201', 21000.0000, 3, 3, '2021-12-01 12:47:51', '2021-12-01 12:47:51', NULL, 3, 3, NULL),
(129, 'KMI - LADY ZARA - LAVENDER - 212', 21000.0000, 3, 3, '2021-12-01 12:48:17', '2021-12-01 12:48:17', NULL, 3, 3, NULL),
(130, 'KMI - LADY ZARA - NAVY - 271', 21000.0000, 3, 3, '2021-12-01 12:48:37', '2021-12-01 12:48:37', NULL, 3, 3, NULL),
(131, 'KMI - LADY ZARA - BLACK - 272', 21000.0000, 3, 3, '2021-12-01 12:48:59', '2021-12-01 12:48:59', NULL, 3, 3, NULL),
(132, 'AK - PAYET PATAH - DUSTY - KODE 804 - 50GR', 12500.0000, 2, 4, '2021-12-01 13:04:16', '2021-12-01 13:04:16', NULL, 3, 3, NULL),
(133, 'AK - PAYET PATAH - COKMUD - KODE 54 - 50GR', 12500.0000, 2, 4, '2021-12-01 13:04:47', '2021-12-01 13:04:47', NULL, 3, 3, NULL),
(134, 'HPP LAIN - LAIN ', 30000.0000, 4, 19, '2021-12-01 14:03:18', '2021-12-01 14:03:18', NULL, 3, 3, NULL),
(135, '88 - SWAROVSKI CANGKANG BULAT 20 SS', 100.0000, 4, 35, '2021-12-02 22:15:41', '2021-12-02 22:15:41', NULL, 3, 3, NULL),
(136, '88 - SWAROVSKI CANGKANG BULAT 25 SS', 150.0000, 4, 35, '2021-12-04 11:11:30', '2021-12-04 11:11:30', NULL, 3, 3, NULL),
(137, '88 - SWAROVSKI CANGKANG BULAT 30 SS', 150.0000, 4, 35, '2021-12-04 11:11:52', '2021-12-04 11:11:52', NULL, 3, 3, NULL),
(138, '88 - SWAROVSKI CANGKANG MATA 6x12', 600.0000, 4, 35, '2021-12-04 11:12:28', '2021-12-04 11:12:28', NULL, 3, 3, NULL),
(139, '88 - SWAROVSKI CANGKANG MATA 7x15', 700.0000, 4, 35, '2021-12-04 11:12:58', '2021-12-04 11:12:58', NULL, 3, 3, NULL),
(140, '88 - SWAROVSKI CANGKANG TETES 8X13', 650.0000, 4, 35, '2021-12-04 11:13:48', '2021-12-04 11:13:48', NULL, 3, 3, NULL),
(141, '88 - SWAROVSKI DIAMOND CANGKANG KELILING AB = 6X10', 5000.0000, 4, 35, '2021-12-04 11:14:18', '2021-12-04 11:14:18', NULL, 3, 3, NULL),
(142, 'AK - Mutiara 6mm light gold kode 141 ( maroon )', 20.0000, 4, 4, '2021-12-04 11:35:14', '2021-12-04 11:36:19', NULL, 3, 3, NULL),
(143, 'AK -Mutiara 6mm Dusty kode 49  - DUSTY', 20.0000, 4, 4, '2021-12-04 11:35:47', '2021-12-04 11:37:12', NULL, 3, 3, NULL),
(144, 'AK -Mutiara 6mm Coklat tua kode 55 - COKMUD', 20.0000, 4, 4, '2021-12-04 11:37:50', '2021-12-04 11:37:50', NULL, 3, 3, NULL),
(145, 'AK -Mutiara 6mm Lavender Kode 52 - LAVENDER', 20.0000, 4, 4, '2021-12-04 11:38:32', '2021-12-04 11:38:32', NULL, 3, 3, NULL),
(146, 'AK - Mutiara 4mm maroon kode 51 - MAROON', 20.0000, 4, 4, '2021-12-04 11:39:57', '2021-12-04 11:39:57', NULL, 3, 3, NULL),
(147, 'AK - Mutiara 4mm pink muda kode 61 - DUSTY', 20.0000, 4, 4, '2021-12-04 11:40:22', '2021-12-04 11:40:22', NULL, 3, 3, NULL),
(148, 'AK -Mutiara 4mm beige kode 9 - COKMUD', 20.0000, 4, 4, '2021-12-04 11:40:53', '2021-12-04 11:40:53', NULL, 3, 3, NULL),
(149, 'AK - Mutiara 4mm RoseGold Kode 249 - LAVENDER', 20.0000, 4, 4, '2021-12-04 11:41:23', '2021-12-04 11:41:23', NULL, 3, 3, NULL),
(150, '88 - SWAROVSKI DIAMOND CANGKANG KELILING AB = 6X10', 5000.0000, 4, 35, '2021-12-04 12:11:16', '2021-12-04 12:13:34', '2021-12-10 18:36:45', 3, 3, 11),
(151, 'AK - CANGKANG PERMATA BUNGA 8mm - BENING', 274.0000, 4, 4, '2021-12-04 21:13:15', '2021-12-04 21:13:15', NULL, 3, 3, NULL),
(152, 'AK - Mutiara 6mm litte gold kode 141 - MAROON', 20.0000, 4, 4, '2021-12-04 21:14:13', '2021-12-04 21:14:13', NULL, 3, 3, NULL),
(153, 'AK - Mutiara 6mm Dusty kode 49 - DUSTY', 20.0000, 4, 4, '2021-12-04 21:14:30', '2021-12-04 21:14:30', NULL, 3, 3, NULL),
(154, 'AK - Mutiara 6mm Coklat tua kode 55 - COKMUD', 20.0000, 4, 4, '2021-12-04 21:14:53', '2021-12-04 21:14:53', NULL, 3, 3, NULL),
(155, 'AK - Mutiara 6mm Lavender Kode 52 - LAVENDER', 20.0000, 4, 4, '2021-12-04 21:15:23', '2021-12-04 21:15:23', NULL, 3, 3, NULL),
(156, 'AK - Mutiara 4mm maroon kode 51 - MAROON', 20.0000, 4, 4, '2021-12-04 21:15:40', '2021-12-04 21:15:40', NULL, 3, 3, NULL),
(157, 'AK - Mutiara 4mm pink muda kode 61 - DUSTY', 20.0000, 4, 4, '2021-12-04 21:15:57', '2021-12-04 21:15:57', NULL, 3, 3, NULL),
(158, 'AK - Mutiara 4mm beige kode 9 - COKMUD', 20.0000, 4, 4, '2021-12-04 21:16:12', '2021-12-04 21:16:12', NULL, 3, 3, NULL),
(159, 'AK - Mutiara 4mm RoseGold Kode 249 - LAVENDER', 20.0000, 4, 4, '2021-12-04 21:16:29', '2021-12-04 21:16:29', NULL, 3, 3, NULL),
(160, 'AK - Mutiara 4mm Abu muda 23 - ABU ', 20.0000, 4, 4, '2021-12-04 21:17:34', '2021-12-04 21:17:34', NULL, 3, 3, NULL),
(161, 'IN HOUSE - AK - Mutiara 6mm Abu muda 23 - ABU', 20.0000, 4, 4, '2021-12-04 21:17:57', '2021-12-10 16:07:51', NULL, 3, 11, NULL),
(162, 'SILKROUTE - TILE POLKADOT - DUSTY PINK', 10000.0000, 3, 14, '2021-12-05 15:56:39', '2021-12-05 15:56:39', NULL, 3, 3, NULL),
(163, 'SILKROUTE - TILE POLKADOT - MAROON', 10000.0000, 3, 14, '2021-12-05 15:57:09', '2021-12-05 15:57:09', NULL, 3, 3, NULL),
(164, 'IN HOUSE - ATK  - STABILO - PINK', 0.0000, 4, 19, '2021-12-09 13:21:35', '2021-12-10 16:08:49', NULL, 11, 11, NULL),
(165, 'IN HOUSE - ATK  - STABILO - ORANGE', 0.0000, 4, 19, '2021-12-09 13:23:37', '2021-12-10 16:07:27', NULL, 11, 11, NULL),
(166, 'IN HOUSE - ATK  - STABILO - HIJAU ', 0.0000, 4, 19, '2021-12-09 13:23:59', '2021-12-10 16:08:39', NULL, 11, 11, NULL),
(167, 'IN HOUSE - ATK  - STABILO - BIRU', 0.0000, 4, 19, '2021-12-09 13:24:16', '2021-12-10 16:06:56', NULL, 11, 11, NULL),
(168, 'IN HOUSE - ATK  - STABILO - KUNING', 0.0000, 4, 19, '2021-12-09 13:24:33', '2021-12-10 16:08:14', NULL, 11, 11, NULL),
(169, 'IN HOUSE - ATK  - HPGT52-TINTA PRINT-YELOW', 0.0000, 4, 19, '2021-12-09 13:25:54', '2021-12-10 16:09:07', NULL, 11, 11, NULL),
(170, 'IN HOUSE - ATK  - HPGT52 - TINTA PRINT - CYAN', 0.0000, 4, 19, '2021-12-09 13:26:34', '2021-12-10 16:06:39', NULL, 11, 11, NULL),
(171, 'IN HOUSE - ATK  - HPGT52-TINTA PRINT-MAGENTA ', 0.0000, 4, 19, '2021-12-09 13:27:00', '2021-12-10 16:09:24', NULL, 11, 11, NULL),
(172, 'IN HOUSE - ATK-SNOWMAN REFIL -TINTA SPIDOL-HITAM', 0.0000, 4, 19, '2021-12-09 13:28:13', '2021-12-10 17:52:15', NULL, 11, 11, NULL),
(173, 'IN HOUSE - ATK-PULPEN STANDART-HITAM ', 0.0000, 4, 19, '2021-12-09 13:28:58', '2021-12-10 16:11:18', NULL, 11, 11, NULL),
(174, 'IN HOUSE - ATK=SPIDOL SNOWMAN BG12-HITAM', 0.0000, 4, 19, '2021-12-09 13:29:46', '2021-12-10 16:07:37', NULL, 11, 11, NULL),
(175, 'IN HOUSE - ATK-SPIDOL SNAWMAN BG12-MERAH', 0.0000, 4, 19, '2021-12-09 13:30:22', '2021-12-10 16:10:48', NULL, 11, 11, NULL),
(176, 'IN HOUSE - ATK-PEMBOLONG KERTAS-JOYKO 30XL-BLACK', 0.0000, 4, 19, '2021-12-09 13:31:04', '2021-12-10 16:10:06', NULL, 11, 11, NULL),
(177, 'IN HOUSE - ATK-PEMBOLONG KERTAS-JOYKO 30XL-SILVER', 0.0000, 4, 19, '2021-12-09 13:31:30', '2021-12-10 16:09:31', NULL, 11, 11, NULL),
(178, 'IN HOUSE - ATK-ISI STRAPLER -KENKO 10-1M', 0.0000, 4, 19, '2021-12-09 13:32:15', '2021-12-10 16:08:23', NULL, 11, 11, NULL),
(179, 'IN HOUSE - ATK-BINDERKLIP-155 JOYKO', 0.0000, 4, 19, '2021-12-09 13:32:58', '2021-12-10 16:07:45', NULL, 11, 11, NULL),
(180, 'IN HOUSE - ATK-BINDERKLIP-107 JOYKO', 0.0000, 4, 19, '2021-12-09 13:33:31', '2021-12-10 16:11:26', NULL, 11, 11, NULL),
(181, 'IN HOUSE - ATK-MAP-PRONTO-FOLDER HITAM', 0.0000, 4, 19, '2021-12-09 13:34:35', '2021-12-10 16:13:51', NULL, 11, 11, NULL),
(182, 'IN HOUSE - ATK-MAP-HOMEBOOK-BIRU', 0.0000, 4, 19, '2021-12-09 13:35:24', '2021-12-10 16:13:43', NULL, 11, 11, NULL),
(183, 'IN HOUSE - ATK-MAP-FOLDER-MERAH ', 0.0000, 4, 19, '2021-12-09 13:36:04', '2021-12-10 16:09:14', NULL, 11, 11, NULL),
(184, 'IN HOUSE - ATK-LABELS', 0.0000, 4, 19, '2021-12-09 13:37:27', '2021-12-10 16:07:20', NULL, 11, 11, NULL),
(185, 'IN HOUSE - ATK-SHEET TECTOR-MAP', 0.0000, 4, 19, '2021-12-09 13:38:16', '2021-12-10 16:10:57', NULL, 11, 11, NULL),
(186, 'IN HOUSE - ATK-MAP-BINDEX-BIRU', 0.0000, 4, 19, '2021-12-09 13:42:19', '2021-12-10 16:08:31', NULL, 11, 11, NULL),
(187, 'IN HOUSE - ATK-MAP-BENEX-BIRU', 0.0000, 4, 19, '2021-12-09 13:42:43', '2021-12-10 16:07:13', NULL, 11, 11, NULL),
(188, 'IN HOUSE - ATK-ISI STAPLER-ETONA-23/10', 0.0000, 4, 19, '2021-12-09 13:47:15', '2021-12-10 16:08:06', NULL, 11, 11, NULL),
(189, 'IN HOUSE - ATK-PEMBATAS KERTAS-BANTEX-WARNA WARNI', 0.0000, 4, 19, '2021-12-09 13:48:09', '2021-12-10 16:10:21', NULL, 11, 11, NULL),
(190, 'IN HOUSE - ATK-MAP-PRONTO-BIRU', 0.0000, 4, 19, '2021-12-09 13:49:52', '2021-12-10 16:10:38', NULL, 11, 11, NULL),
(191, 'IN HOUSE - ATK-MAP-FELIX-MERAH', 0.0000, 4, 19, '2021-12-09 13:50:32', '2021-12-10 16:08:57', NULL, 11, 11, NULL),
(192, 'IN HOUSE - ATK=PULPEN=GREBEL0HITAM', 0.0000, 5, 19, '2021-12-09 13:53:52', '2021-12-10 16:12:37', NULL, 11, 11, NULL),
(193, 'IN HOUSE - ATK=PULPEN-GM04-PELANGI', 0.0000, 4, 19, '2021-12-09 13:56:06', '2021-12-10 16:10:32', NULL, 11, 11, NULL),
(194, 'IN HOUSE - ATK-LEM KERTAS-GLUE KENKO', 0.0000, 4, 19, '2021-12-09 13:56:50', '2021-12-10 16:07:05', NULL, 11, 11, NULL),
(195, '88 - AKRILIK MATA 7X15-BENING', 65.0000, 4, 35, '2021-12-09 14:32:43', '2021-12-09 14:32:43', NULL, 11, 11, NULL),
(196, 'TONICO - MAXMARA - KULIT - KODE 20', 26000.0000, 3, 12, '2021-12-10 15:59:18', '2021-12-10 16:00:18', NULL, 11, 11, NULL),
(197, 'TONICO - MAXMARA - COKMUD - KODE 06', 26000.0000, 3, 12, '2021-12-10 15:59:48', '2021-12-10 15:59:48', NULL, 11, 11, NULL),
(198, 'TONICO - MAXMARA - DUSTY - KODE 18', 26000.0000, 3, 12, '2021-12-10 16:00:52', '2021-12-10 16:00:52', NULL, 11, 11, NULL),
(199, 'TONICO - MAXMARA - DONGKER - KODE 20', 26000.0000, 3, 12, '2021-12-10 16:01:39', '2021-12-10 16:01:39', NULL, 11, 11, NULL),
(200, 'TONICO - MAXMARA - MAROON - KODE 25', 26000.0000, 3, 12, '2021-12-10 16:02:00', '2021-12-10 16:02:00', NULL, 11, 11, NULL),
(201, 'TONICO - MAXMARA - GREY - KODE 21', 26000.0000, 3, 12, '2021-12-10 16:02:41', '2021-12-10 16:02:41', NULL, 11, 11, NULL),
(202, 'TONICO - TILE HALUS - COKMUD - KODE 06', 10000.0000, 3, 12, '2021-12-10 16:19:58', '2021-12-10 16:19:58', NULL, 11, 11, NULL),
(203, 'FINAJAYA  - TILE HALUS - DUSTY PINK - T.M.17', 10000.0000, 3, 11, '2021-12-10 16:22:37', '2021-12-10 16:22:37', NULL, 11, 11, NULL),
(204, 'FINAJAYA  - TILE HALUS - MAROON - T.M.25', 10000.0000, 3, 11, '2021-12-10 16:23:11', '2021-12-10 16:23:11', NULL, 11, 11, NULL),
(205, 'SILKROUTE - SONGKET GOLD ', 32000.0000, 3, 14, '2021-12-10 16:28:07', '2021-12-10 16:28:07', NULL, 11, 11, NULL),
(206, 'SILKROUTE - SONGKET DONGKER', 35000.0000, 3, 14, '2021-12-10 16:28:28', '2021-12-10 16:28:28', NULL, 11, 11, NULL),
(207, 'SILKROUTE - SONGKET MAROON', 32000.0000, 3, 14, '2021-12-10 16:29:05', '2021-12-10 16:29:05', NULL, 11, 11, NULL),
(208, 'NURI TEXTILE - SONGKET ORANGE', 45000.0000, 3, 37, '2021-12-10 16:29:33', '2021-12-10 16:29:33', NULL, 11, 11, NULL),
(209, 'NURI TEXTILE - TILE HALUS - DONGKER', 15000.0000, 3, 37, '2021-12-10 16:30:17', '2021-12-10 16:30:17', NULL, 11, 11, NULL),
(210, 'NURI TEXTILE - CANTILY - DONGKER', 45000.0000, 3, 37, '2021-12-10 16:30:35', '2021-12-10 16:30:35', NULL, 11, 11, NULL),
(211, 'FANCY - CERUTI - BATA ', 36000.0000, 3, 38, '2021-12-10 16:32:14', '2021-12-10 16:32:14', NULL, 11, 11, NULL),
(212, 'RIZAL - TULE MUTIARA TEMBAGA ( COKMUD )', 29900.0000, 3, 13, '2021-12-10 16:33:00', '2021-12-10 16:33:00', NULL, 11, 11, NULL),
(213, 'AKR - DIAMOND CREP - DUSTY PINK ', 15000.0000, 3, 17, '2021-12-10 16:33:46', '2021-12-10 16:33:46', NULL, 11, 11, NULL),
(214, 'AKR - DIAMOND CREP - DUSTY UNGU', 15000.0000, 3, 17, '2021-12-10 17:34:05', '2021-12-10 17:34:05', NULL, 11, 11, NULL),
(215, 'AKR - DIAMOND CREP - MAROON', 15000.0000, 3, 17, '2021-12-10 17:34:20', '2021-12-10 17:34:20', NULL, 11, 11, NULL),
(216, 'AKR - DIAMOND CREP - DONGKER', 15000.0000, 3, 17, '2021-12-10 17:34:39', '2021-12-10 17:34:39', NULL, 11, 11, NULL),
(217, 'AKR - TILE POLKADOT - DUSTY PINK', 15000.0000, 3, 17, '2021-12-10 17:36:54', '2021-12-10 17:36:54', NULL, 11, 11, NULL),
(218, 'AKR - TILE POLKADOT - MAROON', 15000.0000, 3, 17, '2021-12-10 17:37:07', '2021-12-10 17:37:07', NULL, 11, 11, NULL),
(219, 'AKR - TILE POLKADOT - DONGKER', 15000.0000, 3, 17, '2021-12-10 17:37:20', '2021-12-10 17:37:20', NULL, 11, 11, NULL),
(220, 'AKR - VELVET - MAROON', 15000.0000, 3, 17, '2021-12-10 17:38:21', '2021-12-10 17:38:21', NULL, 11, 11, NULL),
(221, 'AKR - VELVET - DONGKER', 15000.0000, 3, 17, '2021-12-10 17:38:34', '2021-12-10 17:38:34', NULL, 11, 11, NULL),
(222, 'AKR - VELVET - BLACK', 15000.0000, 3, 17, '2021-12-10 17:38:45', '2021-12-10 17:38:45', NULL, 11, 11, NULL),
(223, 'AKR - VELVET - CINNAMON', 15000.0000, 3, 17, '2021-12-10 17:39:53', '2021-12-10 17:39:53', NULL, 11, 11, NULL),
(224, 'AKR - VELVET - TERONG', 15000.0000, 3, 17, '2021-12-10 17:40:06', '2021-12-10 17:40:06', NULL, 11, 11, NULL),
(225, 'AKR - TILE HALUS - MAROON', 10000.0000, 3, 17, '2021-12-10 17:40:43', '2021-12-10 17:40:43', NULL, 11, 11, NULL),
(226, 'AKR - TILE HALUS - DONGKER', 10000.0000, 3, 17, '2021-12-10 17:40:57', '2021-12-10 17:40:57', NULL, 11, 11, NULL),
(227, 'AKR - TILE HALUS - BLACK', 10000.0000, 3, 17, '2021-12-10 17:41:15', '2021-12-10 17:41:15', NULL, 11, 11, NULL),
(228, 'AKR - TILE HALUS - DUSTY UNGU', 10000.0000, 3, 17, '2021-12-10 17:41:35', '2021-12-10 17:41:35', NULL, 11, 11, NULL),
(229, 'TIGA KAIN - LADY ZARA - NAVY - KODE 271', 28500.0000, 3, 6, '2021-12-10 17:45:40', '2021-12-10 17:56:27', NULL, 11, 11, NULL),
(230, 'TIGA KAIN - LADY ZARA - BLACK', 28500.0000, 3, 6, '2021-12-10 17:46:01', '2021-12-10 17:46:01', '2021-12-10 17:55:56', 11, 11, 11),
(231, 'TIGA KAIN - LADY ZARA - BLACK - KODE 272', 28500.0000, 3, 6, '2021-12-10 17:55:33', '2021-12-10 17:55:33', NULL, 11, 11, NULL),
(232, 'TIGA KAIN - LADY ZARA - UNGUDUSTY - KODE 212', 28500.0000, 3, 6, '2021-12-10 17:56:48', '2021-12-10 17:56:48', NULL, 11, 11, NULL),
(233, 'TIGA KAIN - LADY ZARA - BW - KODE 239', 28500.0000, 3, 6, '2021-12-10 17:58:47', '2021-12-10 17:58:47', NULL, 11, 11, NULL),
(234, 'TIGA KAIN - LADY ZARA - ABU TUA - KODE 217', 28500.0000, 3, 6, '2021-12-10 17:59:37', '2021-12-10 17:59:37', NULL, 11, 11, NULL),
(235, 'TIGA KAIN - LADY ZARA - OLIVE - KODE 244', 28500.0000, 3, 6, '2021-12-10 17:59:59', '2021-12-10 17:59:59', NULL, 11, 11, NULL),
(236, 'TIGA KAIN - LADY ZARA - HIJAU BOTOL - KODE 258', 28500.0000, 3, 6, '2021-12-10 18:00:31', '2021-12-10 18:00:31', NULL, 11, 11, NULL),
(237, 'TIGA KAIN - LADY ZARA - NUDEIS - KODE 204', 28500.0000, 3, 6, '2021-12-10 18:01:15', '2021-12-10 18:01:15', NULL, 11, 11, NULL),
(238, 'TIGA KAIN - LADY ZARA - DUSTY - KODE 201', 28500.0000, 3, 6, '2021-12-10 18:01:37', '2021-12-10 18:01:37', NULL, 11, 11, NULL),
(239, 'TIGA KAIN - LADY ZARA - MOKA - KODE 252', 28500.0000, 3, 6, '2021-12-10 18:02:04', '2021-12-10 18:02:04', NULL, 11, 11, NULL),
(240, 'TIGA KAIN - LADY ZARA - TERONG - ANDINA 69', 28500.0000, 3, 6, '2021-12-10 18:03:07', '2021-12-10 18:03:07', NULL, 11, 11, NULL),
(241, 'TIGA KAIN - LADY ZARA - COKLAT - ANDINA 18 ', 28500.0000, 3, 6, '2021-12-10 18:03:41', '2021-12-10 18:03:41', NULL, 11, 11, NULL),
(242, 'TIGA KAIN - CERUTI - NAVY - KODE 271', 24500.0000, 3, 6, '2021-12-10 18:09:37', '2021-12-10 18:09:37', NULL, 11, 11, NULL),
(243, 'TIGA KAIN - CERUTI - BLACK - KODE 272', 24500.0000, 3, 6, '2021-12-10 18:09:55', '2021-12-10 18:09:55', NULL, 11, 11, NULL),
(244, 'TIGA KAIN - CERUTI - ABU TUA - KODE 217', 24500.0000, 3, 6, '2021-12-10 18:10:14', '2021-12-10 18:10:14', NULL, 11, 11, NULL),
(245, 'TIGA KAIN - CERUTI - NUDEIS - KODE 204', 24500.0000, 3, 6, '2021-12-10 18:10:39', '2021-12-10 18:10:39', NULL, 11, 11, NULL);

-- --------------------------------------------------------

--
-- Table structure for table `merks`
--

CREATE TABLE `merks` (
  `id` int(10) UNSIGNED NOT NULL,
  `name` varchar(255) NOT NULL,
  `created_by` int(10) UNSIGNED DEFAULT NULL,
  `updated_by` int(10) UNSIGNED DEFAULT NULL,
  `deleted_by` int(10) UNSIGNED DEFAULT NULL,
  `created_at` datetime DEFAULT NULL,
  `updated_at` datetime DEFAULT NULL,
  `deleted_at` datetime DEFAULT NULL
) ENGINE=InnoDB DEFAULT CHARSET=utf8mb4 ROW_FORMAT=DYNAMIC;

--
-- Dumping data for table `merks`
--

INSERT INTO `merks` (`id`, `name`, `created_by`, `updated_by`, `deleted_by`, `created_at`, `updated_at`, `deleted_at`) VALUES
(1, 'BABY DOLL CERUTI', 3, 3, 3, '2021-11-29 08:51:50', '2021-11-29 09:00:04', '2021-12-01 07:14:44'),
(2, 'ARMANI SILK', 3, 3, 3, '2021-11-29 08:52:05', '2021-11-29 08:52:05', '2021-12-01 07:15:32'),
(3, 'ARMANI CERUTI KMI', 3, 3, 3, '2021-11-29 08:52:13', '2021-11-30 22:27:03', '2021-12-01 07:17:16'),
(4, 'MAXMARA SILK', 3, 3, 3, '2021-11-29 08:52:27', '2021-11-29 08:52:27', '2021-12-01 07:18:38'),
(5, 'ROBERTO CAVALI', 3, 3, 3, '2021-11-29 09:00:14', '2021-11-29 09:00:14', '2021-12-01 07:18:43'),
(6, 'VELVET', 3, 3, 3, '2021-11-29 09:00:24', '2021-11-29 09:00:24', '2021-12-01 07:14:49'),
(7, 'LADY ZARA KMI', 3, 3, 3, '2021-11-29 09:00:34', '2021-11-30 22:26:27', '2021-12-01 07:18:48'),
(8, 'LADY MOSSCRAPE', 3, 3, 3, '2021-11-29 09:00:45', '2021-11-29 09:00:45', '2021-12-01 07:18:52'),
(9, 'DIAMOND CRAPE', 3, 3, 3, '2021-11-29 09:00:55', '2021-11-29 09:00:55', '2021-12-01 07:18:56'),
(10, 'NO MERK', 3, 3, 3, '2021-11-29 09:01:13', '2021-11-29 09:01:13', '2021-12-01 07:19:02'),
(11, 'YEE', 3, 3, 3, '2021-11-29 09:01:22', '2021-11-29 09:01:22', '2021-12-01 07:19:07'),
(12, 'KTT', 3, 3, 3, '2021-11-29 09:01:27', '2021-11-29 09:01:27', '2021-12-01 07:19:12'),
(13, 'EXTRA', 3, 3, 3, '2021-11-29 09:01:32', '2021-11-29 09:01:32', '2021-12-01 07:19:16'),
(14, 'SJ STAR', 3, 3, 3, '2021-11-29 09:01:49', '2021-11-29 09:01:49', '2021-12-01 07:19:28'),
(15, 'YAMALON', 3, 3, 3, '2021-11-29 09:02:02', '2021-11-29 09:02:02', '2021-12-01 07:19:32'),
(16, 'BIOLA', 3, 3, 3, '2021-11-29 09:03:32', '2021-11-29 09:03:32', '2021-12-01 07:19:37'),
(17, 'PEGASUS', 3, 3, 3, '2021-11-29 09:05:29', '2021-11-29 09:05:29', '2021-12-01 07:19:41'),
(18, 'TASIK', 3, 3, 3, '2021-11-29 09:05:38', '2021-11-29 09:05:38', '2021-12-01 07:19:53'),
(19, 'LADY ZARA', 3, 11, NULL, '2021-11-30 22:26:43', '2021-12-10 18:56:39', NULL),
(20, 'LADY ZARA TK', 3, 3, 11, '2021-11-30 22:26:54', '2021-11-30 22:26:54', '2021-12-10 18:56:44'),
(21, 'NO MERK', 3, 3, NULL, '2021-12-04 11:58:10', '2021-12-04 11:58:10', NULL),
(22, 'MGB', 3, 3, NULL, '2021-12-04 11:58:19', '2021-12-04 11:58:19', NULL),
(23, 'BEE', 3, 3, NULL, '2021-12-04 11:58:30', '2021-12-04 11:58:30', NULL),
(24, 'KTT', 3, 3, NULL, '2021-12-04 11:58:38', '2021-12-04 11:58:38', NULL),
(25, 'YEE', 3, 3, NULL, '2021-12-04 11:58:44', '2021-12-04 11:58:44', NULL),
(26, 'EXTRA', 3, 3, NULL, '2021-12-04 11:58:49', '2021-12-04 11:58:49', NULL),
(27, 'YAMALON', 3, 3, NULL, '2021-12-04 11:58:57', '2021-12-04 11:58:57', NULL),
(28, 'MAXMARA SILK', 11, 11, NULL, '2021-12-10 18:56:53', '2021-12-10 18:56:53', NULL),
(29, 'ARMANI SILK', 11, 11, NULL, '2021-12-10 18:57:01', '2021-12-10 18:57:01', NULL),
(30, 'ARMANI ', 11, 11, NULL, '2021-12-10 18:57:07', '2021-12-10 18:57:07', NULL),
(31, 'BABY DOLL', 11, 11, NULL, '2021-12-10 18:57:15', '2021-12-10 18:57:15', NULL),
(32, 'LACE', 11, 11, NULL, '2021-12-10 18:57:31', '2021-12-10 18:57:31', NULL),
(33, 'VELVET', 11, 11, NULL, '2021-12-14 09:58:37', '2021-12-14 09:58:37', NULL),
(34, 'IN HOUSE ', 11, 11, NULL, '2021-12-14 10:30:40', '2021-12-14 10:30:40', NULL),
(35, 'KMI', 11, 11, 11, '2021-12-14 10:45:56', '2021-12-14 10:45:56', '2021-12-14 12:17:12'),
(36, 'BRUKAT CORD', 11, 11, NULL, '2021-12-14 10:50:14', '2021-12-14 10:50:14', NULL),
(37, 'BRUKAT RENDA', 11, 11, NULL, '2021-12-14 10:50:28', '2021-12-14 10:50:28', NULL),
(38, 'BRUKAT RENDA', 11, 11, NULL, '2021-12-14 10:57:52', '2021-12-14 12:16:51', NULL),
(39, 'BRUKAT CANTILY', 11, 11, NULL, '2021-12-14 12:16:27', '2021-12-14 12:16:27', NULL),
(40, 'SONGKET', 11, 11, NULL, '2021-12-14 12:16:57', '2021-12-14 12:16:57', NULL),
(41, 'TILE HALUS', 11, 11, NULL, '2021-12-14 12:17:38', '2021-12-14 12:17:38', NULL),
(42, 'TILE POLKADOT', 11, 11, NULL, '2021-12-14 12:17:45', '2021-12-14 12:17:45', NULL),
(43, 'POLYESTER BIOLA', 11, 11, NULL, '2021-12-14 13:19:52', '2021-12-14 13:19:52', NULL),
(44, 'AMZ', 11, 11, NULL, '2021-12-14 14:55:42', '2021-12-14 14:55:42', NULL),
(45, 'JOYKO', 11, 11, NULL, '2021-12-15 10:40:02', '2021-12-15 10:40:02', NULL),
(46, 'HP GT52', 11, 11, NULL, '2021-12-15 10:40:20', '2021-12-15 10:40:20', NULL),
(47, 'STANDARD', 11, 11, NULL, '2021-12-15 10:40:36', '2021-12-15 10:40:36', NULL),
(48, 'SNOWMAN', 11, 11, NULL, '2021-12-15 10:40:44', '2021-12-15 10:40:44', NULL),
(49, 'KENKO', 11, 11, NULL, '2021-12-15 10:40:48', '2021-12-15 10:40:48', NULL),
(50, 'HOMBO', 11, 11, NULL, '2021-12-15 10:40:59', '2021-12-15 10:40:59', NULL),
(51, 'PRONTO', 11, 11, NULL, '2021-12-15 10:41:05', '2021-12-15 10:41:05', NULL),
(52, 'BINDEX', 11, 11, NULL, '2021-12-15 10:41:17', '2021-12-15 10:41:17', NULL),
(53, 'BANEX', 11, 11, NULL, '2021-12-15 10:41:22', '2021-12-15 10:41:22', NULL),
(54, 'SELF ADHESIVE', 11, 11, NULL, '2021-12-15 10:41:50', '2021-12-15 10:41:50', NULL),
(55, 'GN04 SPIN', 11, 11, NULL, '2021-12-15 10:42:07', '2021-12-15 10:42:07', NULL),
(56, 'GLUE KENKO', 11, 11, NULL, '2021-12-15 11:08:27', '2021-12-15 11:08:27', NULL),
(57, 'PELIX', 11, 11, NULL, '2021-12-15 11:30:46', '2021-12-15 11:30:46', NULL),
(58, 'BANTEX', 11, 11, NULL, '2021-12-15 11:33:50', '2021-12-15 11:33:50', NULL),
(59, 'ETONA', 11, 11, NULL, '2021-12-15 11:46:14', '2021-12-15 11:46:14', NULL),
(60, 'HD-50', 11, 11, NULL, '2021-12-15 11:58:51', '2021-12-15 11:58:51', NULL);

-- --------------------------------------------------------

--
-- Table structure for table `orders`
--

CREATE TABLE `orders` (
  `id` bigint(10) UNSIGNED NOT NULL,
  `project_id` int(10) UNSIGNED NOT NULL,
  `sales_invoice` varchar(16) NOT NULL,
  `durasi_batas_transfer` enum('3','5','24') NOT NULL,
  `batas_waktu_transfer` datetime NOT NULL,
  `estimasi_selesai` date DEFAULT NULL,
  `order_via` enum('web','wa','tokped','shopee','offline') NOT NULL,
  `product_id` int(10) UNSIGNED NOT NULL,
  `product_price` decimal(19,4) DEFAULT NULL,
  `color_id` int(10) UNSIGNED NOT NULL,
  `size_id` int(10) UNSIGNED NOT NULL,
  `size_price` decimal(19,4) DEFAULT NULL,
  `pilih_jahitan` enum('standard','express','urgent','super urgent') NOT NULL,
  `pilih_jahitan_price` decimal(19,4) DEFAULT NULL,
  `catatan` text DEFAULT NULL,
  `customer_id` int(10) UNSIGNED NOT NULL,
  `whatsapp` varchar(16) NOT NULL,
  `id_tokped` varchar(255) DEFAULT NULL,
  `id_shopee` varchar(255) DEFAULT NULL,
  `id_instagram` varchar(255) DEFAULT NULL,
  `status_order` enum('order dibuat','naik produksi','pengiriman','selesai','order dibatalkan','retur pending','retur terkirim','refund') NOT NULL,
  `status_pembayaran` enum('menunggu pembayaran','partial','lunas','melewati batas transfer','refund pending','refund selesai') NOT NULL,
  `status_pengiriman` enum('terkirim','proses pengiriman','antrian') DEFAULT 'antrian',
  `sub_total` decimal(19,4) UNSIGNED NOT NULL DEFAULT 0.0000,
  `kode_unik` int(10) UNSIGNED NOT NULL DEFAULT 0,
  `grand_total` decimal(19,5) UNSIGNED NOT NULL DEFAULT 0.00000,
  `jenis_dp` enum('30','50','100') NOT NULL,
  `dp_value` decimal(19,4) UNSIGNED NOT NULL DEFAULT 0.0000,
  `pelunasan_value` decimal(19,4) UNSIGNED NOT NULL DEFAULT 0.0000,
  `terbayarkan` decimal(19,4) UNSIGNED NOT NULL DEFAULT 0.0000,
  `tanggal_pengiriman` datetime DEFAULT NULL,
  `ekspedisi` varchar(255) DEFAULT NULL,
  `no_resi` varchar(255) DEFAULT NULL,
  `alamat_pengiriman` text DEFAULT NULL,
  `admin_order` int(11) NOT NULL,
  `admin_finance` int(11) DEFAULT NULL,
  `admin_cs` int(11) DEFAULT NULL,
  `admin_produksi` int(11) DEFAULT NULL,
  `is_printed` enum('no','yes') NOT NULL DEFAULT 'no',
  `is_production` enum('no','yes') NOT NULL DEFAULT 'no',
  `is_paid_off` enum('no','yes') NOT NULL DEFAULT 'no',
  `status` enum('temp','active') NOT NULL,
  `created_at` datetime NOT NULL COMMENT 'berlaku sebagai tangga & jam order',
  `updated_at` datetime DEFAULT NULL,
  `deleted_at` datetime DEFAULT NULL,
  `created_by` int(10) UNSIGNED NOT NULL,
  `updated_by` int(10) UNSIGNED DEFAULT NULL,
  `deleted_by` int(10) UNSIGNED DEFAULT NULL
) ENGINE=InnoDB DEFAULT CHARSET=utf8mb4 ROW_FORMAT=DYNAMIC;

-- --------------------------------------------------------

--
-- Table structure for table `order_payments`
--

CREATE TABLE `order_payments` (
  `id` int(10) UNSIGNED NOT NULL,
  `order_id` int(10) UNSIGNED NOT NULL,
  `customer_id` int(10) UNSIGNED NOT NULL,
  `path_image` varchar(255) NOT NULL,
  `status_pembayaran` enum('menunggu verifikasi','valid','ditolak') NOT NULL,
  `alasan_penolakan` text DEFAULT NULL,
  `jenis_pembayaran` enum('dp','pelunasan') DEFAULT NULL,
  `created_at` datetime NOT NULL,
  `updated_at` datetime DEFAULT NULL,
  `deleted_at` datetime DEFAULT NULL,
  `created_by` int(10) UNSIGNED NOT NULL,
  `updated_by` int(10) UNSIGNED DEFAULT NULL,
  `deleted_by` int(10) UNSIGNED DEFAULT NULL
) ENGINE=InnoDB DEFAULT CHARSET=utf8mb4 ROW_FORMAT=DYNAMIC;

-- --------------------------------------------------------

--
-- Table structure for table `order_productions`
--

CREATE TABLE `order_productions` (
  `id` int(10) UNSIGNED NOT NULL,
  `order_id` int(10) UNSIGNED NOT NULL,
  `petugas_potong_kain` int(10) UNSIGNED DEFAULT NULL,
  `tanggal_potong_kain` date DEFAULT NULL,
  `petugas_jahit` int(10) DEFAULT NULL,
  `tanggal_jahit` date DEFAULT NULL,
  `petugas_qc_1` int(10) UNSIGNED DEFAULT NULL,
  `tanggal_qc_1` date DEFAULT NULL,
  `petugas_aksesoris` int(10) UNSIGNED DEFAULT NULL,
  `tanggal_aksesoris` date DEFAULT NULL,
  `petugas_qc_2` int(10) UNSIGNED DEFAULT NULL,
  `tanggal_qc_2` date DEFAULT NULL,
  `created_at` datetime NOT NULL,
  `updated_at` datetime DEFAULT NULL,
  `deleted_at` datetime DEFAULT NULL,
  `created_by` int(10) UNSIGNED NOT NULL,
  `updated_by` int(10) UNSIGNED DEFAULT NULL,
  `deleted_by` int(10) UNSIGNED DEFAULT NULL
) ENGINE=InnoDB DEFAULT CHARSET=utf8mb4 ROW_FORMAT=DYNAMIC;

-- --------------------------------------------------------

--
-- Table structure for table `order_requests`
--

CREATE TABLE `order_requests` (
  `id` bigint(20) UNSIGNED NOT NULL,
  `order_id` bigint(20) UNSIGNED NOT NULL,
  `request_id` int(10) UNSIGNED NOT NULL,
  `cost` decimal(19,4) UNSIGNED NOT NULL DEFAULT 0.0000,
  `created_at` datetime NOT NULL,
  `updated_at` datetime DEFAULT NULL,
  `deleted_at` datetime DEFAULT NULL,
  `created_by` int(10) UNSIGNED NOT NULL,
  `updated_by` int(10) UNSIGNED DEFAULT NULL,
  `deleted_by` int(10) UNSIGNED DEFAULT NULL
) ENGINE=InnoDB DEFAULT CHARSET=utf8mb4 ROW_FORMAT=DYNAMIC;

-- --------------------------------------------------------

--
-- Table structure for table `pembelian`
--

CREATE TABLE `pembelian` (
  `id` int(10) UNSIGNED NOT NULL,
  `tanggal_pembelian` date NOT NULL,
  `supplier_id` int(10) UNSIGNED NOT NULL,
  `no_invoice` varchar(255) NOT NULL,
  `total` decimal(19,4) UNSIGNED NOT NULL,
  `created_by` int(10) UNSIGNED DEFAULT NULL,
  `updated_by` int(10) UNSIGNED DEFAULT NULL,
  `deleted_by` int(10) UNSIGNED DEFAULT NULL,
  `created_at` datetime DEFAULT NULL,
  `updated_at` datetime DEFAULT NULL,
  `deleted_at` datetime DEFAULT NULL
) ENGINE=InnoDB DEFAULT CHARSET=utf8mb4 ROW_FORMAT=DYNAMIC;

--
-- Dumping data for table `pembelian`
--

INSERT INTO `pembelian` (`id`, `tanggal_pembelian`, `supplier_id`, `no_invoice`, `total`, `created_by`, `updated_by`, `deleted_by`, `created_at`, `updated_at`, `deleted_at`) VALUES
(1, '2021-12-03', 35, '0001', 221000.0000, 3, 3, 3, '2021-12-04 12:05:05', '2021-12-04 12:05:05', '2021-12-04 12:21:50'),
(2, '2021-12-03', 35, '0001', 1870040.0000, 3, 3, 3, '2021-12-04 12:21:37', '2021-12-04 12:21:37', '2021-12-04 12:44:06'),
(3, '2021-12-14', 19, '000', 2494800.0000, 11, 11, NULL, '2021-12-14 09:47:03', '2021-12-14 09:47:03', NULL),
(4, '2021-12-14', 3, '000', 861300.0000, 11, 11, NULL, '2021-12-14 09:54:31', '2021-12-14 09:54:31', NULL),
(5, '2021-12-14', 19, '005', 1334000.0000, 11, 11, NULL, '2021-12-14 10:08:41', '2021-12-14 10:08:41', NULL),
(6, '2021-12-14', 19, '000', 920000.0000, 11, 11, NULL, '2021-12-14 10:16:44', '2021-12-14 10:16:44', NULL),
(7, '2021-12-14', 19, '000', 1127000.0000, 11, 11, NULL, '2021-12-14 10:19:34', '2021-12-14 10:19:34', NULL),
(8, '2021-12-14', 3, '000', 968000.0000, 11, 11, NULL, '2021-12-14 11:05:45', '2021-12-14 11:05:45', NULL),
(9, '2021-12-14', 3, '000', 263175.0000, 11, 11, NULL, '2021-12-14 11:08:49', '2021-12-14 11:08:49', NULL),
(10, '2021-12-14', 19, '000', 1058000.0000, 11, 11, NULL, '2021-12-14 11:09:41', '2021-12-14 11:09:41', NULL),
(11, '2021-12-14', 19, '000', 1100000.0000, 11, 11, NULL, '2021-12-14 11:10:34', '2021-12-14 11:10:34', NULL),
(12, '2021-12-14', 19, '000', 198000.0000, 11, 11, NULL, '2021-12-14 11:11:06', '2021-12-14 11:11:06', NULL),
(13, '2021-12-14', 3, '000', 255200.0000, 11, 11, NULL, '2021-12-14 11:14:35', '2021-12-14 11:14:35', NULL),
(14, '2021-12-14', 18, '003', 270000.0000, 11, 11, NULL, '2021-12-14 11:55:58', '2021-12-14 11:55:58', NULL),
(15, '2021-12-14', 18, '003', 470260.0000, 11, 11, NULL, '2021-12-14 12:01:12', '2021-12-14 12:01:12', NULL),
(16, '2021-12-03', 35, '3 DES 2021', 420100.0000, 11, 11, NULL, '2021-12-14 12:06:50', '2021-12-14 12:06:50', NULL),
(17, '2021-12-03', 35, '3 DES 2021', 570080.0000, 11, 11, NULL, '2021-12-14 12:07:40', '2021-12-14 12:07:40', NULL),
(18, '2021-12-03', 35, '3 DES 2021', 310000.0000, 11, 11, NULL, '2021-12-14 12:08:24', '2021-12-14 12:08:24', NULL),
(19, '2021-12-03', 35, '3 DES 2021', 126000.0000, 11, 11, NULL, '2021-12-14 12:11:14', '2021-12-14 12:11:14', NULL),
(20, '2021-12-14', 18, '003', 17496.0000, 11, 11, NULL, '2021-12-14 12:12:32', '2021-12-14 12:12:32', NULL),
(21, '2021-12-14', 18, '003', 18000.0000, 11, 11, NULL, '2021-12-14 13:25:02', '2021-12-14 13:25:02', NULL),
(22, '2021-12-14', 18, '003', 18000.0000, 11, 11, NULL, '2021-12-14 14:02:04', '2021-12-14 14:02:04', NULL),
(23, '2021-12-14', 19, '003', 50000.0000, 11, 11, NULL, '2021-12-14 14:06:36', '2021-12-14 14:06:36', NULL),
(24, '2021-12-14', 18, '003', 18000.0000, 11, 11, NULL, '2021-12-14 14:11:20', '2021-12-14 14:11:20', NULL),
(25, '2021-12-14', 19, '003', 12831.0000, 11, 11, NULL, '2021-12-14 15:27:28', '2021-12-14 15:27:28', NULL),
(26, '2021-12-14', 18, '003', 16992.0000, 11, 11, NULL, '2021-12-14 15:34:47', '2021-12-14 15:34:47', NULL),
(27, '2021-12-14', 18, '003', 16992.0000, 11, 11, NULL, '2021-12-14 15:39:20', '2021-12-14 15:39:20', NULL),
(28, '2021-12-14', 18, '003', 16992.0000, 11, 11, NULL, '2021-12-14 15:43:53', '2021-12-14 15:43:53', NULL),
(29, '2021-12-14', 18, '003', 16992.0000, 11, 11, NULL, '2021-12-14 15:46:29', '2021-12-14 15:46:29', NULL),
(30, '2021-12-14', 18, '003', 14160.0000, 11, 11, NULL, '2021-12-14 15:51:45', '2021-12-14 15:51:45', NULL),
(31, '2021-12-15', 19, '000', 0.0000, 11, 11, NULL, '2021-12-15 10:45:06', '2021-12-15 10:45:06', NULL),
(32, '2021-12-15', 19, '000', 0.0000, 11, 11, NULL, '2021-12-15 10:47:05', '2021-12-15 10:47:05', NULL),
(33, '2021-12-15', 19, '000', 0.0000, 11, 11, NULL, '2021-12-15 10:49:34', '2021-12-15 10:49:34', NULL),
(34, '2021-12-15', 19, '000', 0.0000, 11, 11, NULL, '2021-12-15 10:51:07', '2021-12-15 10:51:07', NULL),
(35, '2021-12-15', 19, '000', 0.0000, 11, 11, NULL, '2021-12-15 10:53:40', '2021-12-15 10:53:40', NULL),
(36, '2021-12-15', 19, '000', 0.0000, 11, 11, NULL, '2021-12-15 10:57:16', '2021-12-15 10:57:16', NULL),
(37, '2021-12-15', 19, '000', 0.0000, 11, 11, NULL, '2021-12-15 10:58:37', '2021-12-15 10:58:37', NULL),
(38, '2021-12-15', 19, '000', 0.0000, 11, 11, NULL, '2021-12-15 11:00:21', '2021-12-15 11:00:21', NULL),
(39, '2021-12-15', 19, '000', 0.0000, 11, 11, NULL, '2021-12-15 11:01:44', '2021-12-15 11:01:44', NULL),
(40, '2021-12-15', 19, '000', 0.0000, 11, 11, NULL, '2021-12-15 11:03:44', '2021-12-15 11:03:44', NULL),
(41, '2021-12-15', 19, '000', 0.0000, 11, 11, NULL, '2021-12-15 11:05:16', '2021-12-15 11:05:16', NULL),
(42, '2021-12-15', 19, '000', 0.0000, 11, 11, NULL, '2021-12-15 11:07:41', '2021-12-15 11:07:41', NULL),
(43, '2021-12-15', 19, '000', 0.0000, 11, 11, NULL, '2021-12-15 11:09:58', '2021-12-15 11:09:58', NULL),
(44, '2021-12-15', 19, '000', 0.0000, 11, 11, NULL, '2021-12-15 11:15:53', '2021-12-15 11:15:53', NULL),
(45, '2021-12-15', 19, '000', 0.0000, 11, 11, NULL, '2021-12-15 11:19:50', '2021-12-15 11:19:50', NULL),
(46, '2021-12-15', 19, '000', 0.0000, 11, 11, NULL, '2021-12-15 11:23:57', '2021-12-15 11:23:57', NULL),
(47, '2021-12-15', 19, '000', 0.0000, 11, 11, NULL, '2021-12-15 11:26:02', '2021-12-15 11:26:02', NULL),
(48, '2021-12-15', 19, '000', 0.0000, 11, 11, NULL, '2021-12-15 11:28:07', '2021-12-15 11:28:07', NULL),
(49, '2021-12-15', 19, '000', 0.0000, 11, 11, NULL, '2021-12-15 11:29:43', '2021-12-15 11:29:43', NULL),
(50, '2021-12-15', 19, '000', 0.0000, 11, 11, NULL, '2021-12-15 11:32:11', '2021-12-15 11:32:11', NULL),
(51, '2021-12-15', 19, '000', 0.0000, 11, 11, NULL, '2021-12-15 11:35:51', '2021-12-15 11:35:51', NULL),
(52, '2021-12-15', 19, '000', 0.0000, 11, 11, NULL, '2021-12-15 11:37:30', '2021-12-15 11:37:30', NULL),
(53, '2021-12-15', 19, '000', 0.0000, 11, 11, NULL, '2021-12-15 11:39:17', '2021-12-15 11:39:17', NULL),
(54, '2021-12-15', 19, '000', 0.0000, 11, 11, NULL, '2021-12-15 11:40:49', '2021-12-15 11:40:49', NULL),
(55, '2021-12-15', 19, '000', 0.0000, 11, 11, NULL, '2021-12-15 11:43:02', '2021-12-15 11:43:02', NULL),
(56, '2021-12-15', 19, '000', 0.0000, 11, 11, NULL, '2021-12-15 11:47:59', '2021-12-15 11:47:59', NULL),
(57, '2021-12-15', 19, '000', 0.0000, 11, 11, NULL, '2021-12-15 11:53:48', '2021-12-15 11:53:48', NULL),
(58, '2021-12-15', 19, '000', 0.0000, 11, 11, NULL, '2021-12-15 11:55:12', '2021-12-15 11:55:12', NULL),
(59, '2021-12-15', 19, '000', 0.0000, 11, 11, NULL, '2021-12-15 11:57:11', '2021-12-15 11:57:11', NULL);

-- --------------------------------------------------------

--
-- Table structure for table `pengurangan`
--

CREATE TABLE `pengurangan` (
  `id` int(10) UNSIGNED NOT NULL,
  `tanggal` date DEFAULT NULL,
  `untuk` varchar(255) DEFAULT NULL,
  `keterangan` text DEFAULT NULL,
  `kategori_id` int(11) DEFAULT NULL,
  `barang_id` int(11) DEFAULT NULL,
  `sub_barang_id` int(11) DEFAULT NULL,
  `qty` int(11) DEFAULT NULL,
  `created_by` int(10) UNSIGNED DEFAULT NULL,
  `updated_by` int(10) UNSIGNED DEFAULT NULL,
  `deleted_by` int(10) UNSIGNED DEFAULT NULL,
  `created_at` datetime DEFAULT NULL,
  `updated_at` datetime DEFAULT NULL,
  `deleted_at` datetime DEFAULT NULL
) ENGINE=InnoDB DEFAULT CHARSET=utf8mb4 ROW_FORMAT=DYNAMIC;

--
-- Dumping data for table `pengurangan`
--

INSERT INTO `pengurangan` (`id`, `tanggal`, `untuk`, `keterangan`, `kategori_id`, `barang_id`, `sub_barang_id`, `qty`, `created_by`, `updated_by`, `deleted_by`, `created_at`, `updated_at`, `deleted_at`) VALUES
(1, '2021-12-14', 'SAMPLE', 'SAMPLE DIRHAM', 119, 17, 32, 4, 11, 11, 11, '2021-12-14 10:03:35', '2021-12-14 10:03:35', '2021-12-14 10:05:32'),
(2, '2021-12-14', 'SAMPLE', 'SAMPLE DIRHAM', 119, 19, 35, 4, 11, 11, NULL, '2021-12-14 10:09:24', '2021-12-14 10:09:24', NULL);

-- --------------------------------------------------------

--
-- Table structure for table `permintaan`
--

CREATE TABLE `permintaan` (
  `id` int(10) UNSIGNED NOT NULL,
  `tanggal` date DEFAULT NULL,
  `nama` varchar(255) DEFAULT NULL,
  `request_item` varchar(255) DEFAULT NULL,
  `untuk` varchar(255) DEFAULT NULL,
  `barang_id` int(10) UNSIGNED DEFAULT NULL,
  `sub_barang_id` int(10) UNSIGNED DEFAULT NULL,
  `qty` int(10) UNSIGNED DEFAULT NULL,
  `status_permintaan` enum('pending','order','selesai') DEFAULT NULL,
  `created_by` int(10) UNSIGNED DEFAULT NULL,
  `updated_by` int(10) UNSIGNED DEFAULT NULL,
  `deleted_by` int(10) UNSIGNED DEFAULT NULL,
  `created_at` datetime DEFAULT NULL,
  `updated_at` datetime DEFAULT NULL,
  `deleted_at` datetime DEFAULT NULL
) ENGINE=InnoDB DEFAULT CHARSET=utf8mb4 ROW_FORMAT=DYNAMIC;

-- --------------------------------------------------------

--
-- Table structure for table `products`
--

CREATE TABLE `products` (
  `id` int(10) UNSIGNED NOT NULL,
  `code` varchar(14) NOT NULL COMMENT 'P.31.12.21.001 | (P.tanggal.bulan.tahun.kode_urut)',
  `name` varchar(50) NOT NULL,
  `price` decimal(19,4) UNSIGNED NOT NULL,
  `path_image` varchar(255) DEFAULT NULL,
  `path_image_2` varchar(255) DEFAULT NULL,
  `path_image_3` varchar(255) DEFAULT NULL,
  `description` text DEFAULT NULL,
  `status` enum('temp','active') DEFAULT NULL,
  `sold` int(10) UNSIGNED DEFAULT 0,
  `standard` tinyint(1) DEFAULT 1,
  `express` tinyint(1) DEFAULT NULL,
  `urgent` tinyint(1) DEFAULT NULL,
  `super_urgent` tinyint(1) DEFAULT NULL,
  `created_at` datetime NOT NULL,
  `updated_at` datetime DEFAULT NULL,
  `deleted_at` datetime DEFAULT NULL,
  `created_by` int(10) UNSIGNED NOT NULL,
  `updated_by` int(10) UNSIGNED DEFAULT NULL,
  `deleted_by` int(10) UNSIGNED DEFAULT NULL
) ENGINE=InnoDB DEFAULT CHARSET=utf8mb4 ROW_FORMAT=DYNAMIC;

-- --------------------------------------------------------

--
-- Table structure for table `product_color_params`
--

CREATE TABLE `product_color_params` (
  `id` bigint(20) UNSIGNED NOT NULL,
  `product_id` int(10) UNSIGNED NOT NULL,
  `color_id` int(10) UNSIGNED NOT NULL,
  `created_at` datetime NOT NULL,
  `updated_at` datetime DEFAULT NULL,
  `deleted_at` datetime DEFAULT NULL,
  `created_by` int(10) UNSIGNED NOT NULL,
  `updated_by` int(10) UNSIGNED DEFAULT NULL,
  `deleted_by` int(10) UNSIGNED DEFAULT NULL
) ENGINE=InnoDB DEFAULT CHARSET=utf8mb4 ROW_FORMAT=DYNAMIC;

-- --------------------------------------------------------

--
-- Table structure for table `product_hpp_params`
--

CREATE TABLE `product_hpp_params` (
  `id` bigint(20) UNSIGNED NOT NULL,
  `product_id` int(10) UNSIGNED NOT NULL,
  `hpp_id` int(10) UNSIGNED NOT NULL,
  `qty` decimal(19,4) UNSIGNED NOT NULL,
  `basic_price` decimal(19,4) UNSIGNED NOT NULL DEFAULT 0.0000,
  `total_price` decimal(19,4) UNSIGNED NOT NULL DEFAULT 0.0000,
  `created_at` datetime NOT NULL,
  `updated_at` datetime DEFAULT NULL,
  `deleted_at` datetime DEFAULT NULL,
  `created_by` int(10) UNSIGNED NOT NULL,
  `updated_by` int(10) UNSIGNED DEFAULT NULL,
  `deleted_by` int(10) UNSIGNED DEFAULT NULL
) ENGINE=InnoDB DEFAULT CHARSET=utf8mb4 ROW_FORMAT=DYNAMIC;

-- --------------------------------------------------------

--
-- Table structure for table `product_request_params`
--

CREATE TABLE `product_request_params` (
  `id` bigint(20) UNSIGNED NOT NULL,
  `product_id` int(10) UNSIGNED NOT NULL,
  `request_id` int(10) UNSIGNED NOT NULL,
  `created_at` datetime NOT NULL,
  `updated_at` datetime DEFAULT NULL,
  `deleted_at` datetime DEFAULT NULL,
  `created_by` int(10) UNSIGNED NOT NULL,
  `updated_by` int(10) UNSIGNED DEFAULT NULL,
  `deleted_by` int(10) UNSIGNED DEFAULT NULL
) ENGINE=InnoDB DEFAULT CHARSET=utf8mb4 ROW_FORMAT=DYNAMIC;

-- --------------------------------------------------------

--
-- Table structure for table `product_size_params`
--

CREATE TABLE `product_size_params` (
  `id` bigint(20) UNSIGNED NOT NULL,
  `product_id` int(10) UNSIGNED NOT NULL,
  `size_id` int(10) UNSIGNED NOT NULL,
  `created_at` datetime NOT NULL,
  `updated_at` datetime DEFAULT NULL,
  `deleted_at` datetime DEFAULT NULL,
  `created_by` int(10) UNSIGNED NOT NULL,
  `updated_by` int(10) UNSIGNED DEFAULT NULL,
  `deleted_by` int(10) UNSIGNED DEFAULT NULL
) ENGINE=InnoDB DEFAULT CHARSET=utf8mb4 ROW_FORMAT=DYNAMIC;

-- --------------------------------------------------------

--
-- Table structure for table `projects`
--

CREATE TABLE `projects` (
  `id` int(10) UNSIGNED NOT NULL,
  `name` varchar(16) NOT NULL,
  `abbr` varchar(5) NOT NULL,
  `path_logo` varchar(255) NOT NULL COMMENT 'size 512x512px',
  `created_at` datetime NOT NULL,
  `updated_at` datetime DEFAULT NULL,
  `deleted_at` datetime DEFAULT NULL,
  `created_by` int(10) UNSIGNED NOT NULL,
  `updated_by` int(10) UNSIGNED DEFAULT NULL,
  `deleted_by` int(10) UNSIGNED DEFAULT NULL
) ENGINE=InnoDB DEFAULT CHARSET=utf8mb4 ROW_FORMAT=DYNAMIC;

--
-- Dumping data for table `projects`
--

INSERT INTO `projects` (`id`, `name`, `abbr`, `path_logo`, `created_at`, `updated_at`, `deleted_at`, `created_by`, `updated_by`, `deleted_by`) VALUES
(1, 'Pekgo Apparel', 'PKG', 'logo_grey.png', '2021-10-24 02:40:23', '2021-11-04 11:07:43', NULL, 1, 1, NULL),
(2, 'test', 'test', 'fc543dcb36d93b83d745c468e21261df.png', '2021-11-04 11:08:14', '2021-11-04 11:08:14', '2021-11-04 11:21:42', 1, 1, 1);

-- --------------------------------------------------------

--
-- Table structure for table `requests`
--

CREATE TABLE `requests` (
  `id` int(10) UNSIGNED NOT NULL,
  `name` varchar(50) NOT NULL,
  `cost` decimal(19,4) NOT NULL,
  `created_at` datetime NOT NULL,
  `updated_at` datetime DEFAULT NULL,
  `deleted_at` datetime DEFAULT NULL,
  `created_by` int(10) UNSIGNED NOT NULL,
  `updated_by` int(10) UNSIGNED DEFAULT NULL,
  `deleted_by` int(10) UNSIGNED DEFAULT NULL
) ENGINE=InnoDB DEFAULT CHARSET=utf8mb4 ROW_FORMAT=DYNAMIC;

--
-- Dumping data for table `requests`
--

INSERT INTO `requests` (`id`, `name`, `cost`, `created_at`, `updated_at`, `deleted_at`, `created_by`, `updated_by`, `deleted_by`) VALUES
(1, 'BUSUI', 25000.0000, '2021-11-30 19:32:23', '2021-11-30 19:32:23', NULL, 3, 3, NULL),
(2, 'BUMIL', 25000.0000, '2021-11-30 19:32:37', '2021-11-30 19:32:37', NULL, 3, 3, NULL),
(3, 'POTONG PANJANG', 20000.0000, '2021-11-30 19:32:51', '2021-11-30 19:32:51', NULL, 3, 3, NULL),
(4, 'WUDHU', 30000.0000, '2021-11-30 19:33:09', '2021-11-30 19:33:09', NULL, 3, 3, NULL),
(5, 'PERCEPATAN PO (2MG)', 85000.0000, '2021-11-30 19:33:54', '2021-11-30 19:33:54', NULL, 3, 3, NULL),
(6, 'REQUEST UP SIZE', 50000.0000, '2021-11-30 19:34:48', '2021-11-30 19:34:48', NULL, 3, 3, NULL),
(7, 'REQUEST SIZE', 100000.0000, '2021-11-30 19:34:59', '2021-11-30 19:34:59', NULL, 3, 3, NULL);

-- --------------------------------------------------------

--
-- Table structure for table `sequence_orders`
--

CREATE TABLE `sequence_orders` (
  `id` int(10) UNSIGNED NOT NULL,
  `sequence` int(10) UNSIGNED NOT NULL,
  `created_at` date NOT NULL
) ENGINE=InnoDB DEFAULT CHARSET=utf8mb4 ROW_FORMAT=DYNAMIC;

-- --------------------------------------------------------

--
-- Table structure for table `sequence_products`
--

CREATE TABLE `sequence_products` (
  `id` int(10) UNSIGNED NOT NULL,
  `sequence` int(10) UNSIGNED NOT NULL,
  `created_at` date NOT NULL
) ENGINE=InnoDB DEFAULT CHARSET=utf8mb4 ROW_FORMAT=DYNAMIC;

-- --------------------------------------------------------

--
-- Table structure for table `sizes`
--

CREATE TABLE `sizes` (
  `id` int(10) UNSIGNED NOT NULL,
  `name` varchar(10) NOT NULL,
  `cost` decimal(19,4) NOT NULL,
  `created_at` datetime NOT NULL,
  `updated_at` datetime DEFAULT NULL,
  `deleted_at` datetime DEFAULT NULL,
  `created_by` int(10) UNSIGNED NOT NULL,
  `updated_by` int(10) UNSIGNED DEFAULT NULL,
  `deleted_by` int(10) UNSIGNED DEFAULT NULL
) ENGINE=InnoDB DEFAULT CHARSET=utf8mb4 ROW_FORMAT=DYNAMIC;

--
-- Dumping data for table `sizes`
--

INSERT INTO `sizes` (`id`, `name`, `cost`, `created_at`, `updated_at`, `deleted_at`, `created_by`, `updated_by`, `deleted_by`) VALUES
(1, 'XS', 0.0000, '2021-11-30 19:35:41', '2021-11-30 19:35:41', NULL, 3, 3, NULL),
(2, 'S', 0.0000, '2021-11-30 19:35:49', '2021-11-30 19:35:49', NULL, 3, 3, NULL),
(3, 'M', 0.0000, '2021-11-30 19:35:58', '2021-11-30 19:35:58', NULL, 3, 3, NULL),
(4, 'L', 20000.0000, '2021-11-30 19:36:06', '2021-11-30 19:36:06', NULL, 3, 3, NULL),
(5, 'XL', 50000.0000, '2021-11-30 19:36:18', '2021-11-30 19:36:18', NULL, 3, 3, NULL),
(6, 'XXL', 50000.0000, '2021-11-30 19:36:58', '2021-11-30 19:36:58', NULL, 3, 3, NULL),
(7, 'REQUEST ', 100000.0000, '2021-11-30 19:37:23', '2021-11-30 19:37:23', '2021-11-30 19:38:56', 3, 3, 3);

-- --------------------------------------------------------

--
-- Table structure for table `sub_barangs`
--

CREATE TABLE `sub_barangs` (
  `id` int(10) UNSIGNED NOT NULL,
  `barang_id` int(10) UNSIGNED DEFAULT NULL,
  `supplier_id` int(10) UNSIGNED NOT NULL,
  `kode` varchar(50) NOT NULL,
  `harga` decimal(19,4) UNSIGNED NOT NULL,
  `stock` decimal(19,4) DEFAULT NULL,
  `temp_by` int(10) UNSIGNED DEFAULT NULL,
  `created_by` int(10) UNSIGNED DEFAULT NULL,
  `updated_by` int(10) UNSIGNED DEFAULT NULL,
  `deleted_by` int(10) UNSIGNED DEFAULT NULL,
  `created_at` datetime DEFAULT NULL,
  `updated_at` datetime DEFAULT NULL,
  `deleted_at` datetime DEFAULT NULL
) ENGINE=InnoDB DEFAULT CHARSET=utf8mb4 ROW_FORMAT=DYNAMIC;

--
-- Dumping data for table `sub_barangs`
--

INSERT INTO `sub_barangs` (`id`, `barang_id`, `supplier_id`, `kode`, `harga`, `stock`, `temp_by`, `created_by`, `updated_by`, `deleted_by`, `created_at`, `updated_at`, `deleted_at`) VALUES
(6, 1, 35, 'BENING', 85.0000, 0.0000, NULL, 3, 3, 11, '2021-12-04 12:02:58', '2021-12-04 12:44:06', '2021-12-09 14:53:46'),
(7, 2, 35, 'BENING', 104.0000, 0.0000, NULL, 3, 3, 11, '2021-12-04 12:06:11', '2021-12-04 12:44:06', '2021-12-09 14:53:52'),
(8, 3, 35, 'BENING', 111.0000, 0.0000, NULL, 3, 3, 11, '2021-12-04 12:06:55', '2021-12-04 12:44:06', '2021-12-09 14:54:01'),
(9, 4, 35, 'BENING', 520.0000, 0.0000, NULL, 3, 3, 11, '2021-12-04 12:08:12', '2021-12-04 12:44:06', '2021-12-09 14:54:06'),
(10, 5, 35, 'BENING', 646.0000, 0.0000, NULL, 3, 3, 11, '2021-12-04 12:09:17', '2021-12-04 12:44:06', '2021-12-09 14:54:12'),
(11, 6, 35, 'BENING', 620.0000, 0.0000, NULL, 3, 3, 11, '2021-12-04 12:10:09', '2021-12-04 12:44:06', '2021-12-09 14:54:17'),
(12, 7, 35, 'AB', 4400.0000, 0.0000, NULL, 3, 3, 11, '2021-12-04 12:15:29', '2021-12-04 12:15:29', '2021-12-09 14:54:24'),
(13, 8, 35, 'CANGKANG BULAT  SS20', 85.0000, 0.0000, NULL, 11, 11, 11, '2021-12-09 14:52:35', '2021-12-09 14:52:35', '2021-12-14 10:10:01'),
(14, 8, 35, 'CANGKANG BULAT SS25', 105.0000, 0.0000, NULL, 11, 11, 11, '2021-12-09 14:52:35', '2021-12-09 14:52:35', '2021-12-14 10:10:01'),
(15, 8, 35, 'CANGKANG BULAT SS30', 150.0000, 0.0000, NULL, 11, 11, 11, '2021-12-09 14:52:35', '2021-12-09 14:52:35', '2021-12-14 10:10:01'),
(16, 8, 35, 'AKRILIK MATA 7X15-BENING', 100.0000, 0.0000, NULL, 11, 11, 11, '2021-12-09 14:52:35', '2021-12-09 14:52:35', '2021-12-14 10:10:01'),
(17, 8, 35, 'SWAROVSKI CANGKANG TETES 8X13', 700.0000, 0.0000, NULL, 11, 11, 11, '2021-12-09 14:52:35', '2021-12-09 14:52:35', '2021-12-14 10:10:01'),
(18, 8, 35, 'SWAROVSKI CANGKANG MATA 6x12', 600.0000, 0.0000, NULL, 11, 11, 11, '2021-12-09 14:52:35', '2021-12-09 14:52:35', '2021-12-14 10:10:01'),
(19, 8, 35, 'SWAROVSKI CANGKANG MATA 7X15', 700.0000, 0.0000, NULL, 11, 11, 11, '2021-12-09 14:52:35', '2021-12-09 14:52:35', '2021-12-14 10:10:01'),
(20, 9, 14, 'GOLD', 32000.0000, 0.0000, NULL, 11, 11, 11, '2021-12-10 18:51:47', '2021-12-10 18:51:47', '2021-12-14 10:13:08'),
(21, 9, 14, 'NAVY', 35000.0000, 0.0000, NULL, 11, 11, 11, '2021-12-10 18:53:07', '2021-12-10 18:53:07', '2021-12-14 10:13:08'),
(22, 9, 14, 'MAROON', 32000.0000, 0.0000, NULL, 11, 11, 11, '2021-12-10 18:53:59', '2021-12-10 18:53:59', '2021-12-14 10:13:08'),
(23, 10, 37, 'NO CODE', 45000.0000, 0.0000, NULL, 11, 11, 11, '2021-12-10 18:59:11', '2021-12-10 18:59:11', '2021-12-14 10:13:45'),
(24, 11, 19, '00', 23100.0000, 54.0000, NULL, 11, 11, NULL, '2021-12-14 09:38:44', '2021-12-14 09:47:03', NULL),
(25, 12, 19, '00', 23100.0000, 54.0000, NULL, 11, 11, NULL, '2021-12-14 09:40:18', '2021-12-14 09:47:03', NULL),
(28, 13, 19, '00', 23100.0000, 0.0000, NULL, 11, 11, 11, '2021-12-14 09:42:38', '2021-12-14 09:42:38', '2021-12-14 10:13:23'),
(29, 14, 3, '277', 15950.0000, 0.0000, NULL, 11, 11, 11, '2021-12-14 09:50:25', '2021-12-14 09:50:25', '2021-12-14 09:53:40'),
(30, 15, 3, '277', 15950.0000, 71.0000, NULL, 11, 11, NULL, '2021-12-14 09:51:42', '2021-12-14 11:08:49', NULL),
(31, 16, 19, '00', 0.0000, 0.0000, NULL, 11, 11, 11, '2021-12-14 09:56:08', '2021-12-14 09:56:08', '2021-12-14 10:13:33'),
(32, 17, 19, '00', 0.0000, 0.0000, NULL, 11, 11, 11, '2021-12-14 09:59:25', '2021-12-14 10:05:32', '2021-12-14 10:08:26'),
(34, 18, 19, '000', 15000.0000, 0.0000, NULL, 11, 11, 11, '2021-12-14 10:00:24', '2021-12-14 10:00:24', '2021-12-14 10:13:40'),
(35, 19, 19, '00', 23000.0000, 54.0000, NULL, 11, 11, NULL, '2021-12-14 10:06:19', '2021-12-14 10:09:24', NULL),
(36, 20, 19, '000', 23000.0000, 40.0000, NULL, 11, 11, NULL, '2021-12-14 10:15:33', '2021-12-14 10:16:44', NULL),
(38, 21, 19, '000', 23000.0000, 49.0000, NULL, 11, 11, NULL, '2021-12-14 10:18:55', '2021-12-14 10:19:34', NULL),
(42, 22, 19, '000', 23000.0000, 46.0000, NULL, 11, 11, NULL, '2021-12-14 10:41:54', '2021-12-14 11:09:41', NULL),
(43, 23, 3, '212', 15950.0000, 0.0000, NULL, 11, 11, 11, '2021-12-14 10:46:48', '2021-12-14 10:46:48', '2021-12-14 11:13:19'),
(45, 24, 3, '41', 24200.0000, 40.0000, NULL, 11, 11, NULL, '2021-12-14 10:49:14', '2021-12-14 11:05:45', NULL),
(46, 25, 19, '000', 22000.0000, 50.0000, NULL, 11, 11, NULL, '2021-12-14 10:52:06', '2021-12-14 11:10:34', NULL),
(47, 26, 19, '000', 22000.0000, 9.0000, NULL, 11, 11, NULL, '2021-12-14 11:02:34', '2021-12-14 11:11:06', NULL),
(48, 23, 39, '212', 15590.0000, 0.0000, NULL, 11, 11, 11, '2021-12-14 11:13:01', '2021-12-14 11:13:01', '2021-12-14 11:13:19'),
(49, 27, 3, '212', 15950.0000, 16.0000, NULL, 11, 11, NULL, '2021-12-14 11:14:09', '2021-12-14 11:14:35', NULL),
(52, 28, 35, 'CANGKANG BULAT 20 SS', 85.0000, 0.0000, NULL, 11, 11, 11, '2021-12-14 11:43:22', '2021-12-14 11:43:22', '2021-12-14 11:52:43'),
(53, 28, 35, 'CANGKANG BULAT 25 SS', 105.0000, 0.0000, NULL, 11, 11, 11, '2021-12-14 11:43:22', '2021-12-14 11:43:22', '2021-12-14 11:52:43'),
(54, 28, 35, 'CANGKANG BULAT 30 SS', 150.0000, 0.0000, NULL, 11, 11, 11, '2021-12-14 11:43:22', '2021-12-14 11:43:22', '2021-12-14 11:52:43'),
(55, 28, 35, 'CANGKANG MATA 6 X12', 600.0000, 0.0000, NULL, 11, 11, 11, '2021-12-14 11:43:22', '2021-12-14 11:43:22', '2021-12-14 11:52:43'),
(56, 28, 35, 'AKRIKIK MATA 7X15', 100.0000, 0.0000, NULL, 11, 11, 11, '2021-12-14 11:43:22', '2021-12-14 11:43:22', '2021-12-14 11:52:43'),
(57, 29, 35, 'CANGKANG MATA 7X15 - BENING', 700.0000, 0.0000, NULL, 11, 11, 11, '2021-12-14 11:45:49', '2021-12-14 11:45:49', '2021-12-14 11:52:53'),
(58, 29, 35, 'CANGKANG TETES 8X13 BENING', 700.0000, 0.0000, NULL, 11, 11, 11, '2021-12-14 11:45:49', '2021-12-14 11:45:49', '2021-12-14 11:52:53'),
(63, 30, 35, 'CANGKANG MATA KELILING DIAMOND  6X10 PELANGI', 4500.0000, 25.0000, NULL, 11, 11, NULL, '2021-12-14 11:49:18', '2021-12-14 11:55:58', NULL),
(65, 32, 35, 'CANGKANG BULAT 20 SS BENING', 85.0000, 2600.0000, NULL, 11, 11, NULL, '2021-12-14 11:54:35', '2021-12-14 12:06:50', NULL),
(66, 33, 35, 'CANGKANG BULAT 25 SS BENING', 104.0000, 2880.0000, NULL, 11, 11, NULL, '2021-12-14 11:55:36', '2021-12-14 12:06:50', NULL),
(67, 34, 35, 'CANGKANG BULAT 30 SS BENING', 111.0000, 1440.0000, NULL, 11, 11, NULL, '2021-12-14 11:56:50', '2021-12-14 12:06:50', NULL),
(68, 35, 35, 'CANGKANG MATA 6x12 BENING', 520.0000, 500.0000, NULL, 11, 11, NULL, '2021-12-14 11:57:46', '2021-12-14 12:07:40', NULL),
(69, 36, 35, 'CANGKANG MATA 7 X15 BENING', 646.0000, 480.0000, NULL, 11, 11, NULL, '2021-12-14 11:58:32', '2021-12-14 12:07:40', NULL),
(70, 37, 35, 'CANGKANG TETES 8X13 BENING', 620.0000, 500.0000, NULL, 11, 11, NULL, '2021-12-14 11:59:32', '2021-12-14 12:08:24', NULL),
(74, 31, 18, 'BLACK', 1458.0000, 0.0000, NULL, 11, 11, NULL, '2021-12-14 12:07:16', '2021-12-14 12:07:16', NULL),
(75, 38, 18, '398', 1458.0000, 0.0000, NULL, 11, 11, NULL, '2021-12-14 12:08:30', '2021-12-14 12:08:30', NULL),
(77, 40, 35, 'AKRILIK MATA 7 X15 BENING', 63.0000, 2000.0000, NULL, 11, 11, NULL, '2021-12-14 12:10:29', '2021-12-14 12:11:14', NULL),
(78, 39, 18, '111', 1458.0000, 12.0000, NULL, 11, 11, NULL, '2021-12-14 12:12:03', '2021-12-14 12:12:32', NULL),
(79, 41, 18, '20898', 18000.0000, 1.0000, NULL, 11, 11, NULL, '2021-12-14 13:24:16', '2021-12-14 13:25:02', NULL),
(83, 42, 18, '084', 18000.0000, 1.0000, NULL, 11, 11, NULL, '2021-12-14 14:01:23', '2021-12-14 14:02:04', NULL),
(84, 43, 19, '000', 25000.0000, 2.0000, NULL, 11, 11, NULL, '2021-12-14 14:06:04', '2021-12-14 14:06:36', NULL),
(85, 44, 18, '8839', 18000.0000, 1.0000, NULL, 11, 11, NULL, '2021-12-14 14:10:00', '2021-12-14 14:11:20', NULL),
(86, 45, 19, '801', 1833.0000, 7.0000, NULL, 11, 11, NULL, '2021-12-14 15:26:38', '2021-12-14 15:27:28', NULL),
(87, 46, 18, 'C520', 1416.0000, 12.0000, NULL, 11, 11, NULL, '2021-12-14 15:32:04', '2021-12-14 15:34:47', NULL),
(88, 47, 18, 'C580', 1416.0000, 12.0000, NULL, 11, 11, NULL, '2021-12-14 15:38:37', '2021-12-14 15:39:20', NULL),
(89, 48, 18, 'AMZ', 1416.0000, 12.0000, NULL, 11, 11, NULL, '2021-12-14 15:43:06', '2021-12-14 15:43:53', NULL),
(90, 49, 18, 'C132', 1416.0000, 12.0000, NULL, 11, 11, NULL, '2021-12-14 15:45:45', '2021-12-14 15:46:29', NULL),
(91, 50, 18, 'C098', 1416.0000, 10.0000, NULL, 11, 11, NULL, '2021-12-14 15:51:07', '2021-12-14 15:51:45', NULL),
(92, 51, 19, '000', 0.0000, 10.0000, NULL, 11, 11, NULL, '2021-12-15 10:44:24', '2021-12-15 10:45:06', NULL),
(93, 52, 19, '000', 0.0000, 7.0000, NULL, 11, 11, NULL, '2021-12-15 10:46:11', '2021-12-15 10:47:05', NULL),
(94, 53, 19, '000', 0.0000, 5.0000, NULL, 11, 11, NULL, '2021-12-15 10:49:02', '2021-12-15 10:49:34', NULL),
(95, 54, 19, '000', 0.0000, 6.0000, NULL, 11, 11, NULL, '2021-12-15 10:50:34', '2021-12-15 10:51:07', NULL),
(96, 55, 19, '000', 0.0000, 3.0000, NULL, 11, 11, NULL, '2021-12-15 10:53:11', '2021-12-15 10:53:40', NULL),
(97, 56, 19, 'WBI-20', 0.0000, 2.0000, NULL, 11, 11, NULL, '2021-12-15 10:56:52', '2021-12-15 10:57:16', NULL),
(98, 57, 19, '000', 0.0000, 2.0000, NULL, 11, 11, NULL, '2021-12-15 10:58:08', '2021-12-15 10:58:37', NULL),
(99, 58, 19, '000', 0.0000, 1.0000, NULL, 11, 11, NULL, '2021-12-15 10:59:51', '2021-12-15 11:00:21', NULL),
(100, 59, 19, '000', 0.0000, 24.0000, NULL, 11, 11, NULL, '2021-12-15 11:01:20', '2021-12-15 11:01:44', NULL),
(101, 60, 19, '000', 0.0000, 1.0000, NULL, 11, 11, NULL, '2021-12-15 11:02:45', '2021-12-15 11:03:44', NULL),
(102, 61, 19, '000', 0.0000, 1.0000, NULL, 11, 11, NULL, '2021-12-15 11:04:47', '2021-12-15 11:05:16', NULL),
(103, 62, 19, '000', 0.0000, 2.0000, NULL, 11, 11, NULL, '2021-12-15 11:07:15', '2021-12-15 11:07:41', NULL),
(104, 63, 19, '000', 0.0000, 0.0000, NULL, 11, 11, NULL, '2021-12-15 11:09:28', '2021-12-15 11:09:58', NULL),
(105, 64, 19, '000', 0.0000, 0.0000, NULL, 11, 11, NULL, '2021-12-15 11:11:35', '2021-12-15 11:11:35', NULL),
(106, 64, 19, '000', 0.0000, 0.0000, NULL, 11, 11, NULL, '2021-12-15 11:11:35', '2021-12-15 11:11:35', NULL),
(107, 65, 19, '000', 0.0000, 1.0000, NULL, 11, 11, NULL, '2021-12-15 11:15:11', '2021-12-15 11:15:53', NULL),
(109, 66, 19, '10-1M', 0.0000, 20.0000, NULL, 11, 11, NULL, '2021-12-15 11:18:51', '2021-12-15 11:19:50', NULL),
(110, 67, 19, '107', 0.0000, 72.0000, NULL, 11, 11, NULL, '2021-12-15 11:23:23', '2021-12-15 11:23:57', NULL),
(111, 68, 19, '155', 0.0000, 12.0000, NULL, 11, 11, NULL, '2021-12-15 11:25:19', '2021-12-15 11:26:02', NULL),
(112, 69, 19, '000', 0.0000, 2.0000, NULL, 11, 11, NULL, '2021-12-15 11:27:36', '2021-12-15 11:29:43', NULL),
(113, 70, 19, '000', 0.0000, 0.0000, NULL, 11, 11, NULL, '2021-12-15 11:30:04', '2021-12-15 11:30:04', NULL),
(114, 71, 19, '000', 0.0000, 1.0000, NULL, 11, 11, NULL, '2021-12-15 11:31:43', '2021-12-15 11:32:11', NULL),
(116, 73, 19, '000', 0.0000, 1.0000, NULL, 11, 11, NULL, '2021-12-15 11:36:57', '2021-12-15 11:37:30', NULL),
(117, 74, 19, '000', 0.0000, 1.0000, NULL, 11, 11, NULL, '2021-12-15 11:38:43', '2021-12-15 11:39:17', NULL),
(118, 75, 19, '20', 1.0000, 1.0000, NULL, 11, 11, NULL, '2021-12-15 11:40:23', '2021-12-15 11:40:49', NULL),
(119, 72, 19, '000', 0.0000, 43.0000, NULL, 11, 11, NULL, '2021-12-15 11:42:18', '2021-12-15 11:43:02', NULL),
(120, 76, 19, '23/10', 0.0000, 1.0000, NULL, 11, 11, NULL, '2021-12-15 11:47:29', '2021-12-15 11:47:59', NULL),
(122, 77, 19, '115', 0.0000, 16.0000, NULL, 11, 11, NULL, '2021-12-15 11:53:10', '2021-12-15 11:53:48', NULL),
(123, 77, 19, '112', 0.0000, 19.0000, NULL, 11, 11, NULL, '2021-12-15 11:54:32', '2021-12-15 11:55:12', NULL),
(124, 78, 19, '000', 0.0000, 1.0000, NULL, 11, 11, NULL, '2021-12-15 11:56:17', '2021-12-15 11:57:11', NULL);

-- --------------------------------------------------------

--
-- Table structure for table `sub_pembelian`
--

CREATE TABLE `sub_pembelian` (
  `id` int(10) UNSIGNED NOT NULL,
  `pembelian_id` int(11) DEFAULT NULL,
  `barang_id` int(11) DEFAULT NULL,
  `sub_barang_id` int(11) DEFAULT NULL,
  `harga` decimal(19,4) DEFAULT NULL,
  `qty` int(11) DEFAULT NULL,
  `total` decimal(19,4) DEFAULT NULL,
  `temp_by` int(11) UNSIGNED DEFAULT NULL,
  `created_by` int(10) UNSIGNED DEFAULT NULL,
  `updated_by` int(10) UNSIGNED DEFAULT NULL,
  `deleted_by` int(10) UNSIGNED DEFAULT NULL,
  `created_at` datetime DEFAULT NULL,
  `updated_at` datetime DEFAULT NULL,
  `deleted_at` datetime DEFAULT NULL
) ENGINE=InnoDB DEFAULT CHARSET=utf8mb4 ROW_FORMAT=DYNAMIC;

--
-- Dumping data for table `sub_pembelian`
--

INSERT INTO `sub_pembelian` (`id`, `pembelian_id`, `barang_id`, `sub_barang_id`, `harga`, `qty`, `total`, `temp_by`, `created_by`, `updated_by`, `deleted_by`, `created_at`, `updated_at`, `deleted_at`) VALUES
(1, 1, 1, 6, 85.0000, 2600, 221000.0000, NULL, 3, 3, 3, '2021-12-04 12:05:05', '2021-12-04 12:05:05', '2021-12-04 12:21:50'),
(2, 2, 1, 6, 85.0000, 2600, 221000.0000, NULL, 3, 3, 3, '2021-12-04 12:21:37', '2021-12-04 12:21:37', '2021-12-04 12:21:50'),
(3, 2, 2, 7, 104.0000, 4320, 449280.0000, NULL, 3, 3, 3, '2021-12-04 12:21:37', '2021-12-04 12:21:37', '2021-12-04 12:44:06'),
(4, 2, 3, 8, 111.0000, 2880, 319680.0000, NULL, 3, 3, NULL, '2021-12-04 12:21:37', '2021-12-04 12:21:37', NULL),
(5, 2, 4, 9, 520.0000, 500, 260000.0000, NULL, 3, 3, NULL, '2021-12-04 12:21:37', '2021-12-04 12:21:37', NULL),
(6, 2, 5, 10, 646.0000, 480, 310080.0000, NULL, 3, 3, NULL, '2021-12-04 12:21:37', '2021-12-04 12:21:37', NULL),
(7, 2, 6, 11, 620.0000, 500, 310000.0000, NULL, 3, 3, NULL, '2021-12-04 12:21:37', '2021-12-04 12:21:37', NULL),
(16, 3, 11, 24, 23100.0000, 54, 1247400.0000, NULL, 11, 11, NULL, '2021-12-14 09:47:03', '2021-12-14 09:47:03', NULL),
(17, 3, 12, 25, 23100.0000, 54, 1247400.0000, NULL, 11, 11, NULL, '2021-12-14 09:47:03', '2021-12-14 09:47:03', NULL),
(18, 4, 15, 30, 15950.0000, 54, 861300.0000, NULL, 11, 11, NULL, '2021-12-14 09:54:31', '2021-12-14 09:54:31', NULL),
(24, 5, 19, 35, 23000.0000, 58, 1334000.0000, NULL, 11, 11, NULL, '2021-12-14 10:08:41', '2021-12-14 10:08:41', NULL),
(25, 6, 20, 36, 23000.0000, 40, 920000.0000, NULL, 11, 11, NULL, '2021-12-14 10:16:44', '2021-12-14 10:16:44', NULL),
(26, 7, 21, 38, 23000.0000, 49, 1127000.0000, NULL, 11, 11, NULL, '2021-12-14 10:19:34', '2021-12-14 10:19:34', NULL),
(27, 8, 24, 45, 24200.0000, 40, 968000.0000, NULL, 11, 11, NULL, '2021-12-14 11:05:45', '2021-12-14 11:05:45', NULL),
(28, 9, 15, 30, 15950.0000, 17, 263175.0000, NULL, 11, 11, NULL, '2021-12-14 11:08:49', '2021-12-14 11:08:49', NULL),
(29, 10, 22, 42, 23000.0000, 46, 1058000.0000, NULL, 11, 11, NULL, '2021-12-14 11:09:41', '2021-12-14 11:09:41', NULL),
(30, 11, 25, 46, 22000.0000, 50, 1100000.0000, NULL, 11, 11, NULL, '2021-12-14 11:10:34', '2021-12-14 11:10:34', NULL),
(31, 12, 26, 47, 22000.0000, 9, 198000.0000, NULL, 11, 11, NULL, '2021-12-14 11:11:06', '2021-12-14 11:11:06', NULL),
(32, 13, 27, 49, 15950.0000, 16, 255200.0000, NULL, 11, 11, NULL, '2021-12-14 11:14:35', '2021-12-14 11:14:35', NULL),
(33, 14, 30, 63, 4500.0000, 25, 112500.0000, NULL, 11, 11, NULL, '2021-12-14 11:55:58', '2021-12-14 11:55:58', NULL),
(34, 14, 31, 64, 17500.0000, 9, 157500.0000, NULL, 11, 11, NULL, '2021-12-14 11:55:58', '2021-12-14 11:55:58', NULL),
(35, 15, 32, 65, 85.0000, 1300, 110500.0000, NULL, 11, 11, NULL, '2021-12-14 12:01:12', '2021-12-14 12:01:12', NULL),
(36, 15, 33, 66, 104.0000, 1440, 149760.0000, NULL, 11, 11, NULL, '2021-12-14 12:01:12', '2021-12-14 12:01:12', NULL),
(37, 15, 38, 71, 17500.0000, 12, 210000.0000, NULL, 11, 11, NULL, '2021-12-14 12:01:12', '2021-12-14 12:01:12', NULL),
(50, 16, 32, 65, 85.0000, 1300, 110500.0000, NULL, 11, 11, NULL, '2021-12-14 12:06:50', '2021-12-14 12:06:50', NULL),
(51, 16, 33, 66, 104.0000, 1440, 149760.0000, NULL, 11, 11, NULL, '2021-12-14 12:06:50', '2021-12-14 12:06:50', NULL),
(52, 16, 34, 67, 111.0000, 1440, 159840.0000, NULL, 11, 11, NULL, '2021-12-14 12:06:50', '2021-12-14 12:06:50', NULL),
(53, 17, 35, 68, 520.0000, 500, 260000.0000, NULL, 11, 11, NULL, '2021-12-14 12:07:40', '2021-12-14 12:07:40', NULL),
(54, 17, 36, 69, 646.0000, 480, 310080.0000, NULL, 11, 11, NULL, '2021-12-14 12:07:40', '2021-12-14 12:07:40', NULL),
(55, 18, 37, 70, 620.0000, 500, 310000.0000, NULL, 11, 11, NULL, '2021-12-14 12:08:24', '2021-12-14 12:08:24', NULL),
(57, 19, 40, 77, 63.0000, 2000, 126000.0000, NULL, 11, 11, NULL, '2021-12-14 12:11:14', '2021-12-14 12:11:14', NULL),
(58, 20, 39, 78, 1458.0000, 12, 17496.0000, NULL, 11, 11, NULL, '2021-12-14 12:12:32', '2021-12-14 12:12:32', NULL),
(59, 21, 41, 79, 18000.0000, 1, 18000.0000, NULL, 11, 11, NULL, '2021-12-14 13:25:02', '2021-12-14 13:25:02', NULL),
(60, 22, 42, 83, 18000.0000, 1, 18000.0000, NULL, 11, 11, NULL, '2021-12-14 14:02:04', '2021-12-14 14:02:04', NULL),
(61, 23, 43, 84, 25000.0000, 2, 50000.0000, NULL, 11, 11, NULL, '2021-12-14 14:06:36', '2021-12-14 14:06:36', NULL),
(62, 24, 44, 85, 18000.0000, 1, 18000.0000, NULL, 11, 11, NULL, '2021-12-14 14:11:20', '2021-12-14 14:11:20', NULL),
(63, 25, 45, 86, 1833.0000, 7, 12831.0000, NULL, 11, 11, NULL, '2021-12-14 15:27:28', '2021-12-14 15:27:28', NULL),
(64, 26, 46, 87, 1416.0000, 12, 16992.0000, NULL, 11, 11, NULL, '2021-12-14 15:34:47', '2021-12-14 15:34:47', NULL),
(65, 27, 47, 88, 1416.0000, 12, 16992.0000, NULL, 11, 11, NULL, '2021-12-14 15:39:20', '2021-12-14 15:39:20', NULL),
(66, 28, 48, 89, 1416.0000, 12, 16992.0000, NULL, 11, 11, NULL, '2021-12-14 15:43:53', '2021-12-14 15:43:53', NULL),
(67, 29, 49, 90, 1416.0000, 12, 16992.0000, NULL, 11, 11, NULL, '2021-12-14 15:46:29', '2021-12-14 15:46:29', NULL),
(68, 30, 50, 91, 1416.0000, 10, 14160.0000, NULL, 11, 11, NULL, '2021-12-14 15:51:45', '2021-12-14 15:51:45', NULL),
(69, 31, 51, 92, 0.0000, 10, 0.0000, NULL, 11, 11, NULL, '2021-12-15 10:45:06', '2021-12-15 10:45:06', NULL),
(70, 32, 52, 93, 0.0000, 7, 0.0000, NULL, 11, 11, NULL, '2021-12-15 10:47:05', '2021-12-15 10:47:05', NULL),
(71, 33, 53, 94, 0.0000, 5, 0.0000, NULL, 11, 11, NULL, '2021-12-15 10:49:34', '2021-12-15 10:49:34', NULL),
(72, 34, 54, 95, 0.0000, 6, 0.0000, NULL, 11, 11, NULL, '2021-12-15 10:51:07', '2021-12-15 10:51:07', NULL),
(73, 35, 55, 96, 0.0000, 3, 0.0000, NULL, 11, 11, NULL, '2021-12-15 10:53:40', '2021-12-15 10:53:40', NULL),
(74, 36, 56, 97, 0.0000, 2, 0.0000, NULL, 11, 11, NULL, '2021-12-15 10:57:16', '2021-12-15 10:57:16', NULL),
(75, 37, 57, 98, 0.0000, 2, 0.0000, NULL, 11, 11, NULL, '2021-12-15 10:58:37', '2021-12-15 10:58:37', NULL),
(76, 38, 58, 99, 0.0000, 1, 0.0000, NULL, 11, 11, NULL, '2021-12-15 11:00:21', '2021-12-15 11:00:21', NULL),
(77, 39, 59, 100, 0.0000, 24, 0.0000, NULL, 11, 11, NULL, '2021-12-15 11:01:44', '2021-12-15 11:01:44', NULL),
(78, 40, 60, 101, 0.0000, 1, 0.0000, NULL, 11, 11, NULL, '2021-12-15 11:03:44', '2021-12-15 11:03:44', NULL),
(79, 41, 61, 102, 0.0000, 1, 0.0000, NULL, 11, 11, NULL, '2021-12-15 11:05:16', '2021-12-15 11:05:16', NULL),
(80, 42, 62, 103, 0.0000, 2, 0.0000, NULL, 11, 11, NULL, '2021-12-15 11:07:41', '2021-12-15 11:07:41', NULL),
(81, 43, 63, 104, 0.0000, 0, 0.0000, NULL, 11, 11, NULL, '2021-12-15 11:09:58', '2021-12-15 11:09:58', NULL),
(83, 44, 65, 107, 0.0000, 1, 0.0000, NULL, 11, 11, NULL, '2021-12-15 11:15:53', '2021-12-15 11:15:53', NULL),
(84, 45, 66, 109, 0.0000, 20, 0.0000, NULL, 11, 11, NULL, '2021-12-15 11:19:50', '2021-12-15 11:19:50', NULL),
(85, 46, 67, 110, 0.0000, 72, 0.0000, NULL, 11, 11, NULL, '2021-12-15 11:23:57', '2021-12-15 11:23:57', NULL),
(86, 47, 68, 111, 0.0000, 12, 0.0000, NULL, 11, 11, NULL, '2021-12-15 11:26:02', '2021-12-15 11:26:02', NULL),
(87, 48, 69, 112, 0.0000, 1, 0.0000, NULL, 11, 11, NULL, '2021-12-15 11:28:07', '2021-12-15 11:28:07', NULL),
(88, 49, 69, 112, 0.0000, 1, 0.0000, NULL, 11, 11, NULL, '2021-12-15 11:29:43', '2021-12-15 11:29:43', NULL),
(89, 50, 71, 114, 0.0000, 1, 0.0000, NULL, 11, 11, NULL, '2021-12-15 11:32:11', '2021-12-15 11:32:11', NULL),
(90, 51, 72, 115, 0.0000, 31, 0.0000, NULL, 11, 11, NULL, '2021-12-15 11:35:51', '2021-12-15 11:35:51', NULL),
(91, 52, 73, 116, 0.0000, 1, 0.0000, NULL, 11, 11, NULL, '2021-12-15 11:37:30', '2021-12-15 11:37:30', NULL),
(92, 53, 74, 117, 0.0000, 1, 0.0000, NULL, 11, 11, NULL, '2021-12-15 11:39:17', '2021-12-15 11:39:17', NULL),
(93, 54, 75, 118, 0.0000, 1, 0.0000, NULL, 11, 11, NULL, '2021-12-15 11:40:49', '2021-12-15 11:40:49', NULL),
(94, 55, 72, 119, 0.0000, 43, 0.0000, NULL, 11, 11, NULL, '2021-12-15 11:43:02', '2021-12-15 11:43:02', NULL),
(95, 56, 76, 120, 0.0000, 1, 0.0000, NULL, 11, 11, NULL, '2021-12-15 11:47:59', '2021-12-15 11:47:59', NULL),
(96, 57, 77, 122, 0.0000, 16, 0.0000, NULL, 11, 11, NULL, '2021-12-15 11:53:48', '2021-12-15 11:53:48', NULL),
(97, 58, 77, 123, 0.0000, 19, 0.0000, NULL, 11, 11, NULL, '2021-12-15 11:55:12', '2021-12-15 11:55:12', NULL),
(98, 59, 78, 124, 0.0000, 1, 0.0000, NULL, 11, 11, NULL, '2021-12-15 11:57:11', '2021-12-15 11:57:11', NULL);

-- --------------------------------------------------------

--
-- Table structure for table `supplier`
--

CREATE TABLE `supplier` (
  `id` int(10) UNSIGNED NOT NULL,
  `name` varchar(255) NOT NULL,
  `location` varchar(255) DEFAULT NULL,
  `created_by` int(10) UNSIGNED DEFAULT NULL,
  `updated_by` int(10) UNSIGNED DEFAULT NULL,
  `deleted_by` int(10) UNSIGNED DEFAULT NULL,
  `created_at` datetime DEFAULT NULL,
  `updated_at` datetime DEFAULT NULL,
  `deleted_at` datetime DEFAULT NULL
) ENGINE=InnoDB DEFAULT CHARSET=utf8mb4 ROW_FORMAT=DYNAMIC;

--
-- Dumping data for table `supplier`
--

INSERT INTO `supplier` (`id`, `name`, `location`, `created_by`, `updated_by`, `deleted_by`, `created_at`, `updated_at`, `deleted_at`) VALUES
(1, 'JAHITMART', 'JAKUT', 3, 3, NULL, '2021-11-29 08:09:43', '2021-11-29 08:09:43', NULL),
(2, 'GARMENJAYA', 'JAKUT', 3, 3, NULL, '2021-11-29 08:10:15', '2021-11-29 08:10:15', NULL),
(3, 'KMI', 'BANDUNG', 3, 3, NULL, '2021-11-29 08:10:29', '2021-11-29 08:10:29', NULL),
(4, 'ANEKA KREASI', 'JAKBAR', 3, 3, NULL, '2021-11-29 08:10:51', '2021-11-29 08:10:51', NULL),
(5, 'SINAR TOKO TIGA MESIN', 'JAKBAR', 3, 3, NULL, '2021-11-29 08:11:16', '2021-11-29 08:11:16', NULL),
(6, 'TIGA KAIN', 'JAKPUS', 3, 3, NULL, '2021-11-29 08:11:38', '2021-11-29 08:11:38', NULL),
(7, 'INTERLINING SHOP', 'DEPOK', 3, 3, NULL, '2021-11-29 08:12:11', '2021-11-29 08:12:11', NULL),
(8, 'SUPER GLOWONG STORE', 'TANGERANG', 3, 3, NULL, '2021-11-29 08:12:46', '2021-11-29 08:12:46', NULL),
(9, 'DEPOK CHOICE', 'BOGOR', 3, 3, NULL, '2021-11-29 08:13:07', '2021-11-29 08:13:07', NULL),
(10, 'ZHUMAR_JAYA_INTERLINING', 'JAKPUS', 3, 3, NULL, '2021-11-29 08:13:54', '2021-11-29 08:13:54', NULL),
(11, 'FINAJAYA TEX', 'TANGSEL', 3, 3, NULL, '2021-11-29 08:14:34', '2021-11-29 08:14:34', NULL),
(12, 'TONICO MAYESTIK', 'JAKSEL', 3, 3, NULL, '2021-11-29 08:14:57', '2021-11-29 08:15:30', NULL),
(13, 'RIZAL MAYESTIK', 'JAKSEL', 3, 11, NULL, '2021-11-29 08:15:18', '2021-12-10 15:55:21', NULL),
(14, 'SILK ROUTE MAYESTIK', 'JAKSEL', 3, 3, NULL, '2021-11-29 08:15:46', '2021-11-29 08:15:46', NULL),
(15, 'SELLYBEADS', 'JAKPUS', 3, 3, NULL, '2021-11-29 08:16:21', '2021-11-29 08:16:21', NULL),
(16, 'PUSACHO ', 'JAKSEL', 3, 3, NULL, '2021-11-29 08:16:48', '2021-11-29 08:16:48', NULL),
(17, 'AFKAR TEXTILE', 'BOYOLALI', 3, 3, NULL, '2021-11-29 23:31:35', '2021-11-29 23:31:35', NULL),
(18, 'SURYA ALAT JAHIT', 'JAKPUS', 3, 3, NULL, '2021-11-29 23:47:11', '2021-11-29 23:47:11', NULL),
(19, 'IN HOUSE', 'TANGSEL', 3, 3, NULL, '2021-11-30 22:23:31', '2021-11-30 22:23:31', NULL),
(20, 'LINA', 'JAKPUS', 3, 3, NULL, '2021-12-01 07:46:59', '2021-12-01 07:46:59', NULL),
(21, 'ANDINA', 'JAKPUS', 3, 3, NULL, '2021-12-01 07:47:07', '2021-12-01 07:47:07', NULL),
(22, 'AAN PLASTIK', 'JAKBAR', 3, 3, NULL, '2021-12-01 09:21:16', '2021-12-01 09:21:16', NULL),
(23, 'CYCYLOOKS', 'JAKBAR', 3, 3, NULL, '2021-12-01 09:24:10', '2021-12-01 09:24:10', NULL),
(24, 'YULIANTO_TJUNG', 'JAKBAR', 3, 3, NULL, '2021-12-01 09:34:49', '2021-12-01 09:34:49', NULL),
(25, 'YULIANTO_TJUNG', 'JAKBAR', 3, 3, 3, '2021-12-01 09:39:37', '2021-12-01 09:39:37', '2021-12-01 10:07:25'),
(26, 'JAHITMART', 'JAKTIM', 3, 3, 3, '2021-12-01 09:43:00', '2021-12-01 09:43:00', '2021-12-01 10:07:04'),
(27, 'GARMENJAYA', 'JAKBAR', 3, 3, NULL, '2021-12-01 09:43:44', '2021-12-01 09:43:44', NULL),
(28, 'SURYA ALAT JAHIT', 'JAKPUS', 3, 3, 3, '2021-12-01 09:44:12', '2021-12-01 09:44:12', '2021-12-01 10:07:19'),
(29, 'ZHUMAR_JAYA_INTERLINING', 'JAKPUS', 3, 3, 3, '2021-12-01 09:44:53', '2021-12-01 09:44:53', '2021-12-01 10:07:11'),
(30, 'HEAVEN KAUFEN', 'MALANG', 3, 3, NULL, '2021-12-01 10:06:52', '2021-12-01 10:06:52', NULL),
(31, 'DIAMONDRESOLUTIONSHOP', 'JAKUT', 3, 3, NULL, '2021-12-01 10:09:56', '2021-12-01 10:09:56', NULL),
(32, 'CIPYA KARYA', 'ENTAH', 3, 3, NULL, '2021-12-01 10:19:16', '2021-12-01 10:19:16', NULL),
(33, 'PABRIKHANGTAG', 'SLEMAN', 3, 3, NULL, '2021-12-01 10:20:06', '2021-12-01 10:20:06', NULL),
(34, 'YUSUFSAMSYUL', 'DEPOK', 3, 3, NULL, '2021-12-01 10:26:35', '2021-12-01 10:26:35', NULL),
(35, '88 kancing', 'JAKPUS', 3, 3, NULL, '2021-12-02 22:14:26', '2021-12-02 22:14:26', NULL),
(36, 'IN HOUSE ', 'IN HOUSE ', 11, 11, 11, '2021-12-09 12:43:35', '2021-12-09 12:43:35', '2021-12-09 13:18:28'),
(37, 'NURI TEXTILE  MAYESTIK', 'MAYESTIK', 11, 11, NULL, '2021-12-10 15:55:54', '2021-12-14 12:15:59', NULL),
(38, 'FANCY ', 'MAYESTIK', 11, 11, NULL, '2021-12-10 16:31:07', '2021-12-10 16:31:07', NULL),
(39, 'KMI', 'IN HOUSE ', 11, 11, NULL, '2021-12-14 10:45:06', '2021-12-14 10:45:06', NULL),
(40, 'YAMALON', 'IN HOUSE ', 11, 11, 11, '2021-12-14 11:44:18', '2021-12-14 11:44:18', '2021-12-14 11:57:41'),
(41, 'SURYA ALAT JAHIT', 'SURYA ALAT JAHIT', 11, 11, 11, '2021-12-14 11:48:45', '2021-12-14 11:48:45', '2021-12-14 11:57:28'),
(42, 'BENANG YAMALON DONGKER ', 'BENANG YAMALON DONGKER ', 11, 11, NULL, '2021-12-14 11:56:36', '2021-12-14 11:56:36', NULL);

-- --------------------------------------------------------

--
-- Table structure for table `test`
--

CREATE TABLE `test` (
  `id` int(10) UNSIGNED NOT NULL,
  `name` varchar(255) DEFAULT NULL
) ENGINE=InnoDB DEFAULT CHARSET=utf8mb4 ROW_FORMAT=DYNAMIC;

--
-- Dumping data for table `test`
--

INSERT INTO `test` (`id`, `name`) VALUES
(1, 'test2021-11-20 22:19:48'),
(2, 'test2021-11-28 23:06:02'),
(3, 'test2021-11-28 23:12:03'),
(4, 'test2021-11-28 23:18:03'),
(5, 'test2021-11-28 23:24:03'),
(6, 'test2021-11-28 23:30:05'),
(7, 'test2021-11-28 23:36:03'),
(8, 'test2021-11-28 23:42:03'),
(9, 'test2021-11-28 23:48:02'),
(10, 'test2021-11-28 23:54:03'),
(11, 'test2021-11-29 00:00:12'),
(12, 'test2021-11-29 00:06:02'),
(13, 'test2021-11-29 00:12:02'),
(14, 'test2021-11-29 00:18:03'),
(15, 'test2021-11-29 00:24:03'),
(16, 'test2021-11-29 00:30:04'),
(17, 'test2021-11-29 00:36:03'),
(18, 'test2021-11-29 00:42:02'),
(19, 'test2021-11-29 00:48:03'),
(20, 'test2021-11-29 00:54:03'),
(21, 'test2021-11-29 01:00:06'),
(22, 'test2021-11-29 01:06:02'),
(23, 'test2021-11-29 01:12:02'),
(24, 'test2021-11-29 01:18:02'),
(25, 'test2021-11-29 01:24:03'),
(26, 'test2021-11-29 01:30:04'),
(27, 'test2021-11-29 01:36:02'),
(28, 'test2021-11-29 01:42:03'),
(29, 'test2021-11-29 01:48:02'),
(30, 'test2021-11-29 01:54:03'),
(31, 'test2021-11-29 02:00:06'),
(32, 'test2021-11-29 02:06:02'),
(33, 'test2021-11-29 02:12:01'),
(34, 'test2021-11-29 02:18:03'),
(35, 'test2021-11-29 02:24:02'),
(36, 'test2021-11-29 02:30:03'),
(37, 'test2021-11-29 02:36:03'),
(38, 'test2021-11-29 02:42:03'),
(39, 'test2021-11-29 02:48:03'),
(40, 'test2021-11-29 02:54:03'),
(41, 'test2021-11-29 03:00:06'),
(42, 'test2021-11-29 03:06:02'),
(43, 'test2021-11-29 03:12:02'),
(44, 'test2021-11-29 03:18:03'),
(45, 'test2021-11-29 03:24:03'),
(46, 'test2021-11-29 03:30:04'),
(47, 'test2021-11-29 03:36:02'),
(48, 'test2021-11-29 03:42:03'),
(49, 'test2021-11-29 03:48:02'),
(50, 'test2021-11-29 03:54:03'),
(51, 'test2021-11-29 04:00:06'),
(52, 'test2021-11-29 04:06:01'),
(53, 'test2021-11-29 04:12:02'),
(54, 'test2021-11-29 04:18:03'),
(55, 'test2021-11-29 04:24:03'),
(56, 'test2021-11-29 04:30:03'),
(57, 'test2021-11-29 04:36:03'),
(58, 'test2021-11-29 04:42:02'),
(59, 'test2021-11-29 04:48:02'),
(60, 'test2021-11-29 04:54:03'),
(61, 'test2021-11-29 05:00:06'),
(62, 'test2021-11-29 05:06:02'),
(63, 'test2021-11-29 05:12:02'),
(64, 'test2021-11-29 05:18:01'),
(65, 'test2021-11-29 05:24:03'),
(66, 'test2021-11-29 05:30:05'),
(67, 'test2021-11-29 05:36:03'),
(68, 'test2021-11-29 05:42:02'),
(69, 'test2021-11-29 05:48:03'),
(70, 'test2021-11-29 05:54:03'),
(71, 'test2021-11-29 06:00:06'),
(72, 'test2021-11-29 06:06:02'),
(73, 'test2021-11-29 06:12:02'),
(74, 'test2021-11-29 06:18:03'),
(75, 'test2021-11-29 06:24:02'),
(76, 'test2021-11-29 06:30:04'),
(77, 'test2021-11-29 06:36:03'),
(78, 'test2021-11-29 06:42:02'),
(79, 'test2021-11-29 06:48:03'),
(80, 'test2021-11-29 06:54:03'),
(81, 'test2021-11-29 07:00:06'),
(82, 'test2021-11-29 07:06:02'),
(83, 'test2021-11-29 07:12:01'),
(84, 'test2021-11-29 07:18:03'),
(85, 'test2021-11-29 07:24:03'),
(86, 'test2021-11-29 07:30:04'),
(87, 'test2021-11-29 07:36:03'),
(88, 'test2021-11-29 07:42:03'),
(89, 'test2021-11-29 07:48:03'),
(90, 'test2021-11-29 07:54:03'),
(91, 'test2021-11-29 08:00:07'),
(92, 'test2021-11-29 08:06:02'),
(93, 'test2021-11-29 08:12:03'),
(94, 'test2021-11-29 08:18:03'),
(95, 'test2021-11-29 08:24:04'),
(96, 'test2021-11-29 08:30:05'),
(97, 'test2021-11-29 08:36:03'),
(98, 'test2021-11-29 08:42:02'),
(99, 'test2021-11-29 08:48:04'),
(100, 'test2021-11-29 08:54:04'),
(101, 'test2021-11-29 09:00:10'),
(102, 'test2021-11-29 09:06:03'),
(103, 'test2021-11-29 09:12:02'),
(104, 'test2021-11-29 09:18:03'),
(105, 'test2021-11-29 09:24:04'),
(106, 'test2021-11-29 09:30:05'),
(107, 'test2021-11-29 09:36:03'),
(108, 'test2021-11-29 09:42:04'),
(109, 'test2021-11-29 09:48:03'),
(110, 'test2021-11-29 09:54:03'),
(111, 'test2021-11-29 10:00:07'),
(112, 'test2021-11-29 10:06:02'),
(113, 'test2021-11-29 10:12:03'),
(114, 'test2021-11-29 10:18:03'),
(115, 'test2021-11-29 10:24:03'),
(116, 'test2021-11-29 10:30:05'),
(117, 'test2021-11-29 10:36:04'),
(118, 'test2021-11-29 10:42:04'),
(119, 'test2021-11-29 10:48:05'),
(120, 'test2021-11-29 10:54:03'),
(121, 'test2021-11-29 11:00:07'),
(122, 'test2021-11-29 11:06:02'),
(123, 'test2021-11-29 11:12:02'),
(124, 'test2021-11-29 11:18:04'),
(125, 'test2021-11-29 11:24:03'),
(126, 'test2021-11-29 11:30:04'),
(127, 'test2021-11-29 11:36:03'),
(128, 'test2021-11-29 11:42:03'),
(129, 'test2021-11-29 11:48:03'),
(130, 'test2021-11-29 11:54:03'),
(131, 'test2021-11-29 12:00:09'),
(132, 'test2021-11-29 12:06:02'),
(133, 'test2021-11-29 12:12:02'),
(134, 'test2021-11-29 12:18:02'),
(135, 'test2021-11-29 12:24:03'),
(136, 'test2021-11-29 12:30:06'),
(137, 'test2021-11-29 12:36:04'),
(138, 'test2021-11-29 12:42:03'),
(139, 'test2021-11-29 12:48:04'),
(140, 'test2021-11-29 12:54:02'),
(141, 'test2021-11-29 13:00:08'),
(142, 'test2021-11-29 13:06:02'),
(143, 'test2021-11-29 13:12:02'),
(144, 'test2021-11-29 13:18:03'),
(145, 'test2021-11-29 13:24:03'),
(146, 'test2021-11-29 13:30:05'),
(147, 'test2021-11-29 13:36:04'),
(148, 'test2021-11-29 13:42:03'),
(149, 'test2021-11-29 13:48:03'),
(150, 'test2021-11-29 13:54:04'),
(151, 'test2021-11-29 14:00:06'),
(152, 'test2021-11-29 14:06:04'),
(153, 'test2021-11-29 14:12:03'),
(154, 'test2021-11-29 14:18:03'),
(155, 'test2021-11-29 14:24:03'),
(156, 'test2021-11-29 14:30:07'),
(157, 'test2021-11-29 14:36:03'),
(158, 'test2021-11-29 14:42:03'),
(159, 'test2021-11-29 14:48:03'),
(160, 'test2021-11-29 14:54:03'),
(161, 'test2021-11-29 15:00:07'),
(162, 'test2021-11-29 15:06:02'),
(163, 'test2021-11-29 15:12:02'),
(164, 'test2021-11-29 15:18:04'),
(165, 'test2021-11-29 15:24:04'),
(166, 'test2021-11-29 15:30:05'),
(167, 'test2021-11-29 15:36:03'),
(168, 'test2021-11-29 15:42:03'),
(169, 'test2021-11-29 15:48:03'),
(170, 'test2021-11-29 15:54:03'),
(171, 'test2021-11-29 16:00:06'),
(172, 'test2021-11-29 16:06:02'),
(173, 'test2021-11-29 16:12:03'),
(174, 'test2021-11-29 16:18:03'),
(175, 'test2021-11-29 16:24:03'),
(176, 'test2021-11-29 16:30:04'),
(177, 'test2021-11-29 16:36:03'),
(178, 'test2021-11-29 16:42:03'),
(179, 'test2021-11-29 16:48:03'),
(180, 'test2021-11-29 16:54:03'),
(181, 'test2021-11-29 17:00:07'),
(182, 'test2021-11-29 17:06:02'),
(183, 'test2021-11-29 17:12:02'),
(184, 'test2021-11-29 17:18:01'),
(185, 'test2021-11-29 17:24:03'),
(186, 'test2021-11-29 17:30:04'),
(187, 'test2021-11-29 17:36:04'),
(188, 'test2021-11-29 17:42:03'),
(189, 'test2021-11-29 17:48:02'),
(190, 'test2021-11-29 17:54:03'),
(191, 'test2021-11-29 18:00:06'),
(192, 'test2021-11-29 18:06:02'),
(193, 'test2021-11-29 18:12:02'),
(194, 'test2021-11-29 18:18:02'),
(195, 'test2021-11-29 18:24:04'),
(196, 'test2021-11-29 18:30:05'),
(197, 'test2021-11-29 18:36:03'),
(198, 'test2021-11-29 18:42:02'),
(199, 'test2021-11-29 18:48:03'),
(200, 'test2021-11-29 18:54:03'),
(201, 'test2021-11-29 19:00:07'),
(202, 'test2021-11-29 19:06:02'),
(203, 'test2021-11-29 19:12:03'),
(204, 'test2021-11-29 19:18:04'),
(205, 'test2021-11-29 19:24:03'),
(206, 'test2021-11-29 19:30:04'),
(207, 'test2021-11-29 19:36:03'),
(208, 'test2021-11-29 19:42:02'),
(209, 'test2021-11-29 19:48:03'),
(210, 'test2021-11-29 19:54:03'),
(211, 'test2021-11-29 20:00:07'),
(212, 'test2021-11-29 20:06:03'),
(213, 'test2021-11-29 20:12:02'),
(214, 'test2021-11-29 20:18:03'),
(215, 'test2021-11-29 20:24:03'),
(216, 'test2021-11-29 20:30:04'),
(217, 'test2021-11-29 20:36:04'),
(218, 'test2021-11-29 20:42:03'),
(219, 'test2021-11-29 20:48:02'),
(220, 'test2021-11-29 20:54:03'),
(221, 'test2021-11-29 21:00:05'),
(222, 'test2021-11-29 21:06:03'),
(223, 'test2021-11-29 21:12:02'),
(224, 'test2021-11-29 21:18:04'),
(225, 'test2021-11-29 21:24:03'),
(226, 'test2021-11-29 21:30:05'),
(227, 'test2021-11-29 21:36:03'),
(228, 'test2021-11-29 21:42:04'),
(229, 'test2021-11-29 21:48:02'),
(230, 'test2021-11-29 21:54:03'),
(231, 'test2021-11-29 22:00:07'),
(232, 'test2021-11-29 22:06:03'),
(233, 'test2021-11-29 22:12:02'),
(234, 'test2021-11-29 22:18:04'),
(235, 'test2021-11-29 22:24:04'),
(236, 'test2021-11-29 22:30:04'),
(237, 'test2021-11-29 22:36:03'),
(238, 'test2021-11-29 22:42:02'),
(239, 'test2021-11-29 22:48:04'),
(240, 'test2021-11-29 22:54:03'),
(241, 'test2021-11-29 23:00:09'),
(242, 'test2021-11-29 23:06:03'),
(243, 'test2021-11-29 23:12:02'),
(244, 'test2021-11-29 23:18:04'),
(245, 'test2021-11-29 23:24:03'),
(246, 'test2021-11-29 23:30:06'),
(247, 'test2021-11-29 23:36:04'),
(248, 'test2021-11-29 23:42:05'),
(249, 'test2021-11-29 23:48:04'),
(250, 'test2021-11-29 23:54:04'),
(251, 'test2021-11-30 00:00:10'),
(252, 'test2021-11-30 00:06:03'),
(253, 'test2021-11-30 00:12:03'),
(254, 'test2021-11-30 00:18:04'),
(255, 'test2021-11-30 00:24:03'),
(256, 'test2021-11-30 00:30:06'),
(257, 'test2021-11-30 00:36:03'),
(258, 'test2021-11-30 00:42:04'),
(259, 'test2021-11-30 00:48:03'),
(260, 'test2021-11-30 00:54:03'),
(261, 'test2021-11-30 01:00:07'),
(262, 'test2021-11-30 01:06:03'),
(263, 'test2021-11-30 01:12:03'),
(264, 'test2021-11-30 01:18:04'),
(265, 'test2021-11-30 01:24:04'),
(266, 'test2021-11-30 01:30:05'),
(267, 'test2021-11-30 01:36:03'),
(268, 'test2021-11-30 01:42:03'),
(269, 'test2021-11-30 01:48:03'),
(270, 'test2021-11-30 01:54:03'),
(271, 'test2021-11-30 02:00:08'),
(272, 'test2021-11-30 02:06:03'),
(273, 'test2021-11-30 02:12:02'),
(274, 'test2021-11-30 02:18:02'),
(275, 'test2021-11-30 02:24:03'),
(276, 'test2021-11-30 02:30:06'),
(277, 'test2021-11-30 02:36:03'),
(278, 'test2021-11-30 02:42:02'),
(279, 'test2021-11-30 02:48:03'),
(280, 'test2021-11-30 02:54:03'),
(281, 'test2021-11-30 03:00:07'),
(282, 'test2021-11-30 03:06:02'),
(283, 'test2021-11-30 03:12:03'),
(284, 'test2021-11-30 03:18:04'),
(285, 'test2021-11-30 03:24:03'),
(286, 'test2021-11-30 03:30:04'),
(287, 'test2021-11-30 03:36:02'),
(288, 'test2021-11-30 03:42:04'),
(289, 'test2021-11-30 03:48:03'),
(290, 'test2021-11-30 03:54:04'),
(291, 'test2021-11-30 04:00:07'),
(292, 'test2021-11-30 04:06:02'),
(293, 'test2021-11-30 04:12:03'),
(294, 'test2021-11-30 04:18:03'),
(295, 'test2021-11-30 04:24:04'),
(296, 'test2021-11-30 04:30:05'),
(297, 'test2021-11-30 04:36:03'),
(298, 'test2021-11-30 04:42:04'),
(299, 'test2021-11-30 04:48:04'),
(300, 'test2021-11-30 04:54:02'),
(301, 'test2021-11-30 05:00:09'),
(302, 'test2021-11-30 05:06:02'),
(303, 'test2021-11-30 05:12:02'),
(304, 'test2021-11-30 05:18:03'),
(305, 'test2021-11-30 05:24:04'),
(306, 'test2021-11-30 05:30:05'),
(307, 'test2021-11-30 05:36:04'),
(308, 'test2021-11-30 05:42:03'),
(309, 'test2021-11-30 05:48:03'),
(310, 'test2021-11-30 05:54:03'),
(311, 'test2021-11-30 06:00:07'),
(312, 'test2021-11-30 06:06:02'),
(313, 'test2021-11-30 06:12:02'),
(314, 'test2021-11-30 06:18:02'),
(315, 'test2021-11-30 06:24:03'),
(316, 'test2021-11-30 06:30:06'),
(317, 'test2021-11-30 06:36:05'),
(318, 'test2021-11-30 06:42:04'),
(319, 'test2021-11-30 06:48:03'),
(320, 'test2021-11-30 06:54:03'),
(321, 'test2021-11-30 07:00:07'),
(322, 'test2021-11-30 07:06:03'),
(323, 'test2021-11-30 07:12:02'),
(324, 'test2021-11-30 07:18:03'),
(325, 'test2021-11-30 07:24:04'),
(326, 'test2021-11-30 07:30:05'),
(327, 'test2021-11-30 07:36:03'),
(328, 'test2021-11-30 07:42:04'),
(329, 'test2021-11-30 07:48:03'),
(330, 'test2021-11-30 07:54:04'),
(331, 'test2021-11-30 08:00:07'),
(332, 'test2021-11-30 08:06:02'),
(333, 'test2021-11-30 08:12:02'),
(334, 'test2021-11-30 08:18:04'),
(335, 'test2021-11-30 08:24:03'),
(336, 'test2021-11-30 08:30:06'),
(337, 'test2021-11-30 08:36:04'),
(338, 'test2021-11-30 08:42:04'),
(339, 'test2021-11-30 08:48:04'),
(340, 'test2021-11-30 08:54:02'),
(341, 'test2021-11-30 09:00:07'),
(342, 'test2021-11-30 09:06:04'),
(343, 'test2021-11-30 09:12:02'),
(344, 'test2021-11-30 09:18:03'),
(345, 'test2021-11-30 09:24:04'),
(346, 'test2021-11-30 09:30:06'),
(347, 'test2021-11-30 09:36:04'),
(348, 'test2021-11-30 09:42:04'),
(349, 'test2021-11-30 09:48:05'),
(350, 'test2021-11-30 09:54:03'),
(351, 'test2021-11-30 10:00:08'),
(352, 'test2021-11-30 10:06:03'),
(353, 'test2021-11-30 10:12:03'),
(354, 'test2021-11-30 10:18:03'),
(355, 'test2021-11-30 10:24:04'),
(356, 'test2021-11-30 10:30:05'),
(357, 'test2021-11-30 10:36:03'),
(358, 'test2021-11-30 10:42:03'),
(359, 'test2021-11-30 10:48:03'),
(360, 'test2021-11-30 10:54:04'),
(361, 'test2021-11-30 11:00:09'),
(362, 'test2021-11-30 11:06:03'),
(363, 'test2021-11-30 11:12:02'),
(364, 'test2021-11-30 11:18:04'),
(365, 'test2021-11-30 11:24:04'),
(366, 'test2021-11-30 11:30:04'),
(367, 'test2021-11-30 11:36:03'),
(368, 'test2021-11-30 11:42:03'),
(369, 'test2021-11-30 11:48:03'),
(370, 'test2021-11-30 11:54:02'),
(371, 'test2021-11-30 12:00:10'),
(372, 'test2021-11-30 12:06:02'),
(373, 'test2021-11-30 12:12:03'),
(374, 'test2021-11-30 12:18:03'),
(375, 'test2021-11-30 12:24:03'),
(376, 'test2021-11-30 12:30:04'),
(377, 'test2021-11-30 12:36:03'),
(378, 'test2021-11-30 12:42:04'),
(379, 'test2021-11-30 12:48:03'),
(380, 'test2021-11-30 12:54:04'),
(381, 'test2021-11-30 13:00:08'),
(382, 'test2021-11-30 13:06:03'),
(383, 'test2021-11-30 13:12:02'),
(384, 'test2021-11-30 13:18:03'),
(385, 'test2021-11-30 13:24:03'),
(386, 'test2021-11-30 13:30:06'),
(387, 'test2021-11-30 13:36:05'),
(388, 'test2021-11-30 13:42:03'),
(389, 'test2021-11-30 13:48:04'),
(390, 'test2021-11-30 13:54:04'),
(391, 'test2021-11-30 14:00:08'),
(392, 'test2021-11-30 14:06:03'),
(393, 'test2021-11-30 14:12:03'),
(394, 'test2021-11-30 14:18:02'),
(395, 'test2021-11-30 14:24:03'),
(396, 'test2021-11-30 14:30:05'),
(397, 'test2021-11-30 14:36:03'),
(398, 'test2021-11-30 14:42:04'),
(399, 'test2021-11-30 14:48:03'),
(400, 'test2021-11-30 14:54:03'),
(401, 'test2021-11-30 15:00:07'),
(402, 'test2021-11-30 15:06:02'),
(403, 'test2021-11-30 15:12:03'),
(404, 'test2021-11-30 15:18:03'),
(405, 'test2021-11-30 15:24:02'),
(406, 'test2021-11-30 15:30:05'),
(407, 'test2021-11-30 15:36:03'),
(408, 'test2021-11-30 15:42:03'),
(409, 'test2021-11-30 15:48:03'),
(410, 'test2021-11-30 15:54:02'),
(411, 'test2021-11-30 16:00:09'),
(412, 'test2021-11-30 16:06:02'),
(413, 'test2021-11-30 16:12:02'),
(414, 'test2021-11-30 16:18:03'),
(415, 'test2021-11-30 16:24:03'),
(416, 'test2021-11-30 16:30:04'),
(417, 'test2021-11-30 16:36:03'),
(418, 'test2021-11-30 16:42:03'),
(419, 'test2021-11-30 16:48:04'),
(420, 'test2021-11-30 16:54:03'),
(421, 'test2021-11-30 17:00:08'),
(422, 'test2021-11-30 17:06:02'),
(423, 'test2021-11-30 17:12:02'),
(424, 'test2021-11-30 17:18:04'),
(425, 'test2021-11-30 17:24:03'),
(426, 'test2021-11-30 17:30:04'),
(427, 'test2021-11-30 17:36:03'),
(428, 'test2021-11-30 17:42:03'),
(429, 'test2021-11-30 17:48:03'),
(430, 'test2021-11-30 17:54:04'),
(431, 'test2021-11-30 18:00:07'),
(432, 'test2021-11-30 18:06:02'),
(433, 'test2021-11-30 18:12:02'),
(434, 'test2021-11-30 18:18:03'),
(435, 'test2021-11-30 18:24:02'),
(436, 'test2021-11-30 18:30:05'),
(437, 'test2021-11-30 18:36:03'),
(438, 'test2021-11-30 18:42:03'),
(439, 'test2021-11-30 18:48:03'),
(440, 'test2021-11-30 18:54:04'),
(441, 'test2021-11-30 19:00:07'),
(442, 'test2021-11-30 19:06:02'),
(443, 'test2021-11-30 19:12:01'),
(444, 'test2021-11-30 19:18:04'),
(445, 'test2021-11-30 19:24:04'),
(446, 'test2021-11-30 19:30:05'),
(447, 'test2021-11-30 19:36:04'),
(448, 'test2021-11-30 19:42:03'),
(449, 'test2021-11-30 19:48:03'),
(450, 'test2021-11-30 19:54:03'),
(451, 'test2021-11-30 20:00:06'),
(452, 'test2021-11-30 20:06:02'),
(453, 'test2021-11-30 20:12:03'),
(454, 'test2021-11-30 20:18:03'),
(455, 'test2021-11-30 20:24:04'),
(456, 'test2021-11-30 20:30:05'),
(457, 'test2021-11-30 20:36:03'),
(458, 'test2021-11-30 20:42:03'),
(459, 'test2021-11-30 20:48:04'),
(460, 'test2021-11-30 20:54:03'),
(461, 'test2021-11-30 21:00:06'),
(462, 'test2021-11-30 21:06:02'),
(463, 'test2021-11-30 21:12:03'),
(464, 'test2021-11-30 21:18:04'),
(465, 'test2021-11-30 21:24:03'),
(466, 'test2021-11-30 21:30:05'),
(467, 'test2021-11-30 21:36:03'),
(468, 'test2021-11-30 21:42:03'),
(469, 'test2021-11-30 21:48:04'),
(470, 'test2021-11-30 21:54:03'),
(471, 'test2021-11-30 22:00:08'),
(472, 'test2021-11-30 22:06:02'),
(473, 'test2021-11-30 22:12:02'),
(474, 'test2021-11-30 22:18:03'),
(475, 'test2021-11-30 22:24:03'),
(476, 'test2021-11-30 22:30:04'),
(477, 'test2021-11-30 22:36:03'),
(478, 'test2021-11-30 22:42:04'),
(479, 'test2021-11-30 22:48:04'),
(480, 'test2021-11-30 22:54:04'),
(481, 'test2021-11-30 23:00:07'),
(482, 'test2021-11-30 23:06:03'),
(483, 'test2021-11-30 23:12:03'),
(484, 'test2021-11-30 23:18:03'),
(485, 'test2021-11-30 23:24:04'),
(486, 'test2021-11-30 23:30:06'),
(487, 'test2021-11-30 23:36:04'),
(488, 'test2021-11-30 23:42:03'),
(489, 'test2021-11-30 23:48:03'),
(490, 'test2021-11-30 23:54:04'),
(491, 'test2021-12-01 00:00:07'),
(492, 'test2021-12-01 00:06:02'),
(493, 'test2021-12-01 00:12:03'),
(494, 'test2021-12-01 00:18:03'),
(495, 'test2021-12-01 00:24:03'),
(496, 'test2021-12-01 00:30:05'),
(497, 'test2021-12-01 00:36:03'),
(498, 'test2021-12-01 00:42:03'),
(499, 'test2021-12-01 00:48:05'),
(500, 'test2021-12-01 00:54:04'),
(501, 'test2021-12-01 01:00:06'),
(502, 'test2021-12-01 01:06:03'),
(503, 'test2021-12-01 01:12:02'),
(504, 'test2021-12-01 01:18:03'),
(505, 'test2021-12-01 01:24:04'),
(506, 'test2021-12-01 01:30:06'),
(507, 'test2021-12-01 01:36:03'),
(508, 'test2021-12-01 01:42:03'),
(509, 'test2021-12-01 01:48:04'),
(510, 'test2021-12-01 01:54:04'),
(511, 'test2021-12-01 02:00:09'),
(512, 'test2021-12-01 02:06:02'),
(513, 'test2021-12-01 02:12:02'),
(514, 'test2021-12-01 02:18:03'),
(515, 'test2021-12-01 02:24:04'),
(516, 'test2021-12-01 02:30:04'),
(517, 'test2021-12-01 02:36:03'),
(518, 'test2021-12-01 02:42:02'),
(519, 'test2021-12-01 02:48:02'),
(520, 'test2021-12-01 02:54:03'),
(521, 'test2021-12-01 03:00:08'),
(522, 'test2021-12-01 03:06:02'),
(523, 'test2021-12-01 03:12:01'),
(524, 'test2021-12-01 03:18:04'),
(525, 'test2021-12-01 03:24:04'),
(526, 'test2021-12-01 03:30:05'),
(527, 'test2021-12-01 03:36:03'),
(528, 'test2021-12-01 03:42:03'),
(529, 'test2021-12-01 03:48:03'),
(530, 'test2021-12-01 03:54:03'),
(531, 'test2021-12-01 04:00:07'),
(532, 'test2021-12-01 04:06:03'),
(533, 'test2021-12-01 04:12:03'),
(534, 'test2021-12-01 04:18:04'),
(535, 'test2021-12-01 04:24:03'),
(536, 'test2021-12-01 04:30:04'),
(537, 'test2021-12-01 04:36:03'),
(538, 'test2021-12-01 04:42:03'),
(539, 'test2021-12-01 04:48:03'),
(540, 'test2021-12-01 04:54:03'),
(541, 'test2021-12-01 05:00:08'),
(542, 'test2021-12-01 05:06:02'),
(543, 'test2021-12-01 05:12:02'),
(544, 'test2021-12-01 05:18:03'),
(545, 'test2021-12-01 05:24:04'),
(546, 'test2021-12-01 05:30:04'),
(547, 'test2021-12-01 05:36:03'),
(548, 'test2021-12-01 05:42:03'),
(549, 'test2021-12-01 05:48:04'),
(550, 'test2021-12-01 05:54:04'),
(551, 'test2021-12-01 06:00:07'),
(552, 'test2021-12-01 06:06:02'),
(553, 'test2021-12-01 06:12:02'),
(554, 'test2021-12-01 06:18:03'),
(555, 'test2021-12-01 06:24:03'),
(556, 'test2021-12-01 06:30:05'),
(557, 'test2021-12-01 06:36:04'),
(558, 'test2021-12-01 06:42:02'),
(559, 'test2021-12-01 06:48:03'),
(560, 'test2021-12-01 06:54:02'),
(561, 'test2021-12-01 07:00:08'),
(562, 'test2021-12-01 07:06:03'),
(563, 'test2021-12-01 07:12:02'),
(564, 'test2021-12-01 07:18:03'),
(565, 'test2021-12-01 07:24:03'),
(566, 'test2021-12-01 07:30:04'),
(567, 'test2021-12-01 07:36:03'),
(568, 'test2021-12-01 07:42:02'),
(569, 'test2021-12-01 07:48:03'),
(570, 'test2021-12-01 07:54:03'),
(571, 'test2021-12-01 08:00:07'),
(572, 'test2021-12-01 08:06:02'),
(573, 'test2021-12-01 08:12:02'),
(574, 'test2021-12-01 08:18:04'),
(575, 'test2021-12-01 08:24:04'),
(576, 'test2021-12-01 08:30:05'),
(577, 'test2021-12-01 08:36:03'),
(578, 'test2021-12-01 08:42:03'),
(579, 'test2021-12-01 08:48:03'),
(580, 'test2021-12-01 08:54:03'),
(581, 'test2021-12-01 09:00:08'),
(582, 'test2021-12-01 09:06:03'),
(583, 'test2021-12-01 09:12:02'),
(584, 'test2021-12-01 09:18:03'),
(585, 'test2021-12-01 09:24:03'),
(586, 'test2021-12-01 09:30:05'),
(587, 'test2021-12-01 09:36:04'),
(588, 'test2021-12-01 09:42:03'),
(589, 'test2021-12-01 09:48:03'),
(590, 'test2021-12-01 09:54:04'),
(591, 'test2021-12-01 10:00:08'),
(592, 'test2021-12-01 10:06:03'),
(593, 'test2021-12-01 10:12:02'),
(594, 'test2021-12-01 10:18:03'),
(595, 'test2021-12-01 10:24:04'),
(596, 'test2021-12-01 10:30:05'),
(597, 'test2021-12-01 10:36:02'),
(598, 'test2021-12-01 10:42:03'),
(599, 'test2021-12-01 10:48:04'),
(600, 'test2021-12-01 10:54:04'),
(601, 'test2021-12-01 11:00:08'),
(602, 'test2021-12-01 11:06:03'),
(603, 'test2021-12-01 11:12:03'),
(604, 'test2021-12-01 11:18:04'),
(605, 'test2021-12-01 11:24:04'),
(606, 'test2021-12-01 11:30:05'),
(607, 'test2021-12-01 11:36:03'),
(608, 'test2021-12-01 11:42:03'),
(609, 'test2021-12-01 11:48:03'),
(610, 'test2021-12-01 11:54:03'),
(611, 'test2021-12-01 12:00:11'),
(612, 'test2021-12-01 12:06:02'),
(613, 'test2021-12-01 12:12:02'),
(614, 'test2021-12-01 12:18:03'),
(615, 'test2021-12-01 12:24:03'),
(616, 'test2021-12-01 12:30:05'),
(617, 'test2021-12-01 12:36:03'),
(618, 'test2021-12-01 12:42:03'),
(619, 'test2021-12-01 12:48:03'),
(620, 'test2021-12-01 12:54:03'),
(621, 'test2021-12-01 13:00:09'),
(622, 'test2021-12-01 13:06:02'),
(623, 'test2021-12-01 13:12:02'),
(624, 'test2021-12-01 13:18:03'),
(625, 'test2021-12-01 13:24:03'),
(626, 'test2021-12-01 13:30:04'),
(627, 'test2021-12-01 13:36:04'),
(628, 'test2021-12-01 13:42:03'),
(629, 'test2021-12-01 13:48:03'),
(630, 'test2021-12-01 13:54:03'),
(631, 'test2021-12-01 14:00:07'),
(632, 'test2021-12-01 14:06:03'),
(633, 'test2021-12-01 14:12:02'),
(634, 'test2021-12-01 14:18:03'),
(635, 'test2021-12-01 14:24:03'),
(636, 'test2021-12-01 14:30:04'),
(637, 'test2021-12-01 14:36:03'),
(638, 'test2021-12-01 14:42:02'),
(639, 'test2021-12-01 14:48:03'),
(640, 'test2021-12-01 14:54:03'),
(641, 'test2021-12-01 15:00:08'),
(642, 'test2021-12-01 15:06:03'),
(643, 'test2021-12-01 15:12:02'),
(644, 'test2021-12-01 15:18:04'),
(645, 'test2021-12-01 15:24:03'),
(646, 'test2021-12-01 15:30:05'),
(647, 'test2021-12-01 15:36:03'),
(648, 'test2021-12-01 15:42:03'),
(649, 'test2021-12-01 15:48:03'),
(650, 'test2021-12-01 15:54:03'),
(651, 'test2021-12-01 16:00:07'),
(652, 'test2021-12-01 16:06:02'),
(653, 'test2021-12-01 16:12:02'),
(654, 'test2021-12-01 16:18:03'),
(655, 'test2021-12-01 16:24:03'),
(656, 'test2021-12-01 16:30:05'),
(657, 'test2021-12-01 16:36:03'),
(658, 'test2021-12-01 16:42:04'),
(659, 'test2021-12-01 16:48:03'),
(660, 'test2021-12-01 16:54:03'),
(661, 'test2021-12-01 17:00:07'),
(662, 'test2021-12-01 17:06:01'),
(663, 'test2021-12-01 17:12:01'),
(664, 'test2021-12-01 17:18:02'),
(665, 'test2021-12-01 17:24:02'),
(666, 'test2021-12-01 17:30:04'),
(667, 'test2021-12-01 17:36:03'),
(668, 'test2021-12-01 17:42:03'),
(669, 'test2021-12-01 17:48:03'),
(670, 'test2021-12-01 17:54:04'),
(671, 'test2021-12-01 18:00:08'),
(672, 'test2021-12-01 18:06:02'),
(673, 'test2021-12-01 18:12:02'),
(674, 'test2021-12-01 18:18:02'),
(675, 'test2021-12-01 18:24:02'),
(676, 'test2021-12-01 18:30:04'),
(677, 'test2021-12-01 18:36:03'),
(678, 'test2021-12-01 18:42:03'),
(679, 'test2021-12-01 18:48:03'),
(680, 'test2021-12-01 18:54:04'),
(681, 'test2021-12-01 19:00:08'),
(682, 'test2021-12-01 19:06:02'),
(683, 'test2021-12-01 19:12:02'),
(684, 'test2021-12-01 19:18:03'),
(685, 'test2021-12-01 19:24:03'),
(686, 'test2021-12-01 19:30:05'),
(687, 'test2021-12-01 19:36:03'),
(688, 'test2021-12-01 19:42:03'),
(689, 'test2021-12-01 19:48:03'),
(690, 'test2021-12-01 19:54:03'),
(691, 'test2021-12-01 20:00:07'),
(692, 'test2021-12-01 20:06:02'),
(693, 'test2021-12-01 20:12:02'),
(694, 'test2021-12-01 20:18:03'),
(695, 'test2021-12-01 20:24:02'),
(696, 'test2021-12-01 20:30:04'),
(697, 'test2021-12-01 20:36:02'),
(698, 'test2021-12-01 20:42:03'),
(699, 'test2021-12-01 20:48:04'),
(700, 'test2021-12-01 20:54:04'),
(701, 'test2021-12-01 21:00:07'),
(702, 'test2021-12-01 21:06:02'),
(703, 'test2021-12-01 21:12:02'),
(704, 'test2021-12-01 21:18:04'),
(705, 'test2021-12-01 21:24:03'),
(706, 'test2021-12-01 21:30:05'),
(707, 'test2021-12-01 21:36:03'),
(708, 'test2021-12-01 21:42:03'),
(709, 'test2021-12-01 21:48:04'),
(710, 'test2021-12-01 21:54:03'),
(711, 'test2021-12-01 22:00:06'),
(712, 'test2021-12-01 22:06:02'),
(713, 'test2021-12-01 22:12:03'),
(714, 'test2021-12-01 22:18:04'),
(715, 'test2021-12-01 22:24:03'),
(716, 'test2021-12-01 22:30:03'),
(717, 'test2021-12-01 22:36:03'),
(718, 'test2021-12-01 22:42:03'),
(719, 'test2021-12-01 22:48:04'),
(720, 'test2021-12-01 22:54:03'),
(721, 'test2021-12-01 23:00:07'),
(722, 'test2021-12-01 23:06:02'),
(723, 'test2021-12-01 23:12:02'),
(724, 'test2021-12-01 23:18:03'),
(725, 'test2021-12-01 23:24:03'),
(726, 'test2021-12-01 23:30:03'),
(727, 'test2021-12-01 23:36:04'),
(728, 'test2021-12-01 23:42:03'),
(729, 'test2021-12-01 23:48:02'),
(730, 'test2021-12-01 23:54:03'),
(731, 'test2021-12-02 00:00:08'),
(732, 'test2021-12-02 00:06:02'),
(733, 'test2021-12-02 00:12:02'),
(734, 'test2021-12-02 00:18:03'),
(735, 'test2021-12-02 00:24:02'),
(736, 'test2021-12-02 00:30:04'),
(737, 'test2021-12-02 00:36:03'),
(738, 'test2021-12-02 00:42:03'),
(739, 'test2021-12-02 00:48:02'),
(740, 'test2021-12-02 00:54:02'),
(741, 'test2021-12-02 01:00:06'),
(742, 'test2021-12-02 01:06:01'),
(743, 'test2021-12-02 01:12:02'),
(744, 'test2021-12-02 01:18:02'),
(745, 'test2021-12-02 01:24:02'),
(746, 'test2021-12-02 01:30:04'),
(747, 'test2021-12-02 01:36:02'),
(748, 'test2021-12-02 01:42:03'),
(749, 'test2021-12-02 01:48:03'),
(750, 'test2021-12-02 01:54:03'),
(751, 'test2021-12-02 02:00:06'),
(752, 'test2021-12-02 02:06:02'),
(753, 'test2021-12-02 02:12:02'),
(754, 'test2021-12-02 02:18:03'),
(755, 'test2021-12-02 02:24:03'),
(756, 'test2021-12-02 02:30:05'),
(757, 'test2021-12-02 02:36:02'),
(758, 'test2021-12-02 02:42:03'),
(759, 'test2021-12-02 02:48:03'),
(760, 'test2021-12-02 02:54:03'),
(761, 'test2021-12-02 03:00:06'),
(762, 'test2021-12-02 03:06:02'),
(763, 'test2021-12-02 03:12:01'),
(764, 'test2021-12-02 03:18:03'),
(765, 'test2021-12-02 03:24:03'),
(766, 'test2021-12-02 03:30:03'),
(767, 'test2021-12-02 03:36:03'),
(768, 'test2021-12-02 03:42:04'),
(769, 'test2021-12-02 03:48:03'),
(770, 'test2021-12-02 03:54:02'),
(771, 'test2021-12-02 04:00:06'),
(772, 'test2021-12-02 04:06:02'),
(773, 'test2021-12-02 04:12:02'),
(774, 'test2021-12-02 04:18:02'),
(775, 'test2021-12-02 04:24:03'),
(776, 'test2021-12-02 04:30:03'),
(777, 'test2021-12-02 04:36:02'),
(778, 'test2021-12-02 04:42:03'),
(779, 'test2021-12-02 04:48:02'),
(780, 'test2021-12-02 04:54:02'),
(781, 'test2021-12-02 05:00:06'),
(782, 'test2021-12-02 05:06:02'),
(783, 'test2021-12-02 05:12:02'),
(784, 'test2021-12-02 05:18:03'),
(785, 'test2021-12-02 05:24:03'),
(786, 'test2021-12-02 05:30:04'),
(787, 'test2021-12-02 05:36:02'),
(788, 'test2021-12-02 05:42:02'),
(789, 'test2021-12-02 05:48:03'),
(790, 'test2021-12-02 05:54:03'),
(791, 'test2021-12-02 06:00:07'),
(792, 'test2021-12-02 06:06:01'),
(793, 'test2021-12-02 06:12:02'),
(794, 'test2021-12-02 06:18:03'),
(795, 'test2021-12-02 06:24:03'),
(796, 'test2021-12-02 06:30:03'),
(797, 'test2021-12-02 06:36:03'),
(798, 'test2021-12-02 06:42:03'),
(799, 'test2021-12-02 06:48:02'),
(800, 'test2021-12-02 06:54:03'),
(801, 'test2021-12-02 07:00:07'),
(802, 'test2021-12-02 07:06:03'),
(803, 'test2021-12-02 07:12:02'),
(804, 'test2021-12-02 07:18:03'),
(805, 'test2021-12-02 07:24:03'),
(806, 'test2021-12-02 07:30:03'),
(807, 'test2021-12-02 07:36:02'),
(808, 'test2021-12-02 07:42:03'),
(809, 'test2021-12-02 07:48:02'),
(810, 'test2021-12-02 07:54:03'),
(811, 'test2021-12-02 08:00:06'),
(812, 'test2021-12-02 08:06:02'),
(813, 'test2021-12-02 08:12:01'),
(814, 'test2021-12-02 08:18:04'),
(815, 'test2021-12-02 08:24:04'),
(816, 'test2021-12-02 08:30:04'),
(817, 'test2021-12-02 08:36:03'),
(818, 'test2021-12-02 08:42:04'),
(819, 'test2021-12-02 08:48:03'),
(820, 'test2021-12-02 08:54:04'),
(821, 'test2021-12-02 09:00:09'),
(822, 'test2021-12-02 09:06:02'),
(823, 'test2021-12-02 09:12:03'),
(824, 'test2021-12-02 09:18:03'),
(825, 'test2021-12-02 09:24:03'),
(826, 'test2021-12-02 09:30:04'),
(827, 'test2021-12-02 09:36:03'),
(828, 'test2021-12-02 09:42:03'),
(829, 'test2021-12-02 09:48:03'),
(830, 'test2021-12-02 09:54:04'),
(831, 'test2021-12-02 10:00:07'),
(832, 'test2021-12-02 10:06:02'),
(833, 'test2021-12-02 10:12:03'),
(834, 'test2021-12-02 10:18:02'),
(835, 'test2021-12-02 10:24:04'),
(836, 'test2021-12-02 10:30:05'),
(837, 'test2021-12-02 10:36:04'),
(838, 'test2021-12-02 10:42:03'),
(839, 'test2021-12-02 10:48:03'),
(840, 'test2021-12-02 10:54:03'),
(841, 'test2021-12-02 11:00:08'),
(842, 'test2021-12-02 11:06:02'),
(843, 'test2021-12-02 11:12:02'),
(844, 'test2021-12-02 11:18:03'),
(845, 'test2021-12-02 11:24:03'),
(846, 'test2021-12-02 11:30:04'),
(847, 'test2021-12-02 11:36:02'),
(848, 'test2021-12-02 11:42:04'),
(849, 'test2021-12-02 11:48:03'),
(850, 'test2021-12-02 11:54:03'),
(851, 'test2021-12-02 12:00:07'),
(852, 'test2021-12-02 12:06:02'),
(853, 'test2021-12-02 12:12:02'),
(854, 'test2021-12-02 12:18:02'),
(855, 'test2021-12-02 12:24:03'),
(856, 'test2021-12-02 12:30:05'),
(857, 'test2021-12-02 12:36:03'),
(858, 'test2021-12-02 12:42:03'),
(859, 'test2021-12-02 12:48:03'),
(860, 'test2021-12-02 12:54:03'),
(861, 'test2021-12-02 13:00:07'),
(862, 'test2021-12-02 13:06:02'),
(863, 'test2021-12-02 13:12:03'),
(864, 'test2021-12-02 13:18:04'),
(865, 'test2021-12-02 13:24:04'),
(866, 'test2021-12-02 13:30:05'),
(867, 'test2021-12-02 13:36:03'),
(868, 'test2021-12-02 13:42:03'),
(869, 'test2021-12-02 13:48:03'),
(870, 'test2021-12-02 13:54:03'),
(871, 'test2021-12-02 14:00:07'),
(872, 'test2021-12-02 14:06:02'),
(873, 'test2021-12-02 14:12:03'),
(874, 'test2021-12-02 14:18:04'),
(875, 'test2021-12-02 14:24:03'),
(876, 'test2021-12-02 14:30:05'),
(877, 'test2021-12-02 14:36:04'),
(878, 'test2021-12-02 14:42:03'),
(879, 'test2021-12-02 14:48:03'),
(880, 'test2021-12-02 14:54:04'),
(881, 'test2021-12-02 15:00:08'),
(882, 'test2021-12-02 15:06:01'),
(883, 'test2021-12-02 15:12:03'),
(884, 'test2021-12-02 15:18:04'),
(885, 'test2021-12-02 15:24:02'),
(886, 'test2021-12-02 15:30:04'),
(887, 'test2021-12-02 15:36:03'),
(888, 'test2021-12-02 15:42:03'),
(889, 'test2021-12-02 15:48:02'),
(890, 'test2021-12-02 15:54:03'),
(891, 'test2021-12-02 16:00:07'),
(892, 'test2021-12-02 16:06:03'),
(893, 'test2021-12-02 16:12:02'),
(894, 'test2021-12-02 16:18:02'),
(895, 'test2021-12-02 16:24:04'),
(896, 'test2021-12-02 16:30:04'),
(897, 'test2021-12-02 16:36:02'),
(898, 'test2021-12-02 16:42:03'),
(899, 'test2021-12-02 16:48:03'),
(900, 'test2021-12-02 16:54:01'),
(901, 'test2021-12-02 17:00:07'),
(902, 'test2021-12-02 17:06:02'),
(903, 'test2021-12-02 17:12:03'),
(904, 'test2021-12-02 17:18:03'),
(905, 'test2021-12-02 17:24:04'),
(906, 'test2021-12-02 17:30:04'),
(907, 'test2021-12-02 17:36:02'),
(908, 'test2021-12-02 17:42:03'),
(909, 'test2021-12-02 17:48:03'),
(910, 'test2021-12-02 17:54:02'),
(911, 'test2021-12-02 18:00:07'),
(912, 'test2021-12-02 18:06:02'),
(913, 'test2021-12-02 18:12:02'),
(914, 'test2021-12-02 18:18:03'),
(915, 'test2021-12-02 18:24:03'),
(916, 'test2021-12-02 18:30:03'),
(917, 'test2021-12-02 18:36:03'),
(918, 'test2021-12-02 18:42:03'),
(919, 'test2021-12-02 18:48:03'),
(920, 'test2021-12-02 18:54:03'),
(921, 'test2021-12-02 19:00:06'),
(922, 'test2021-12-02 19:06:03'),
(923, 'test2021-12-02 19:12:02'),
(924, 'test2021-12-02 19:18:03'),
(925, 'test2021-12-02 19:24:03'),
(926, 'test2021-12-02 19:30:04'),
(927, 'test2021-12-02 19:36:04'),
(928, 'test2021-12-02 19:42:02'),
(929, 'test2021-12-02 19:48:02'),
(930, 'test2021-12-02 19:54:03'),
(931, 'test2021-12-02 20:00:07'),
(932, 'test2021-12-02 20:06:02'),
(933, 'test2021-12-02 20:12:03'),
(934, 'test2021-12-02 20:18:03'),
(935, 'test2021-12-02 20:24:03'),
(936, 'test2021-12-02 20:30:03'),
(937, 'test2021-12-02 20:36:03'),
(938, 'test2021-12-02 20:42:03'),
(939, 'test2021-12-02 20:48:03'),
(940, 'test2021-12-02 20:54:02'),
(941, 'test2021-12-02 21:00:07'),
(942, 'test2021-12-02 21:06:02'),
(943, 'test2021-12-02 21:12:02'),
(944, 'test2021-12-02 21:18:05'),
(945, 'test2021-12-02 21:24:04'),
(946, 'test2021-12-02 21:30:06'),
(947, 'test2021-12-02 21:36:03'),
(948, 'test2021-12-02 21:42:04'),
(949, 'test2021-12-02 21:48:03'),
(950, 'test2021-12-02 21:54:04'),
(951, 'test2021-12-02 22:00:07'),
(952, 'test2021-12-02 22:06:03'),
(953, 'test2021-12-02 22:12:03'),
(954, 'test2021-12-02 22:18:03'),
(955, 'test2021-12-02 22:24:03'),
(956, 'test2021-12-02 22:30:05'),
(957, 'test2021-12-02 22:36:03'),
(958, 'test2021-12-02 22:42:02'),
(959, 'test2021-12-02 22:48:04'),
(960, 'test2021-12-02 22:54:03'),
(961, 'test2021-12-02 23:00:07'),
(962, 'test2021-12-02 23:06:02'),
(963, 'test2021-12-02 23:12:03'),
(964, 'test2021-12-02 23:18:03'),
(965, 'test2021-12-02 23:24:03'),
(966, 'test2021-12-02 23:30:06'),
(967, 'test2021-12-02 23:36:04'),
(968, 'test2021-12-02 23:42:04'),
(969, 'test2021-12-02 23:48:03'),
(970, 'test2021-12-02 23:54:04'),
(971, 'test2021-12-03 00:00:11'),
(972, 'test2021-12-03 00:06:03'),
(973, 'test2021-12-03 00:12:02'),
(974, 'test2021-12-03 00:18:03'),
(975, 'test2021-12-03 00:24:03'),
(976, 'test2021-12-03 00:30:05'),
(977, 'test2021-12-03 00:36:02'),
(978, 'test2021-12-03 00:42:03'),
(979, 'test2021-12-03 00:48:04'),
(980, 'test2021-12-03 00:54:03'),
(981, 'test2021-12-03 01:00:09'),
(982, 'test2021-12-03 01:06:03'),
(983, 'test2021-12-03 01:12:03'),
(984, 'test2021-12-03 01:18:03'),
(985, 'test2021-12-03 01:24:03'),
(986, 'test2021-12-03 01:30:04'),
(987, 'test2021-12-03 01:36:03'),
(988, 'test2021-12-03 01:42:03'),
(989, 'test2021-12-03 01:48:03'),
(990, 'test2021-12-03 01:54:03'),
(991, 'test2021-12-03 02:00:08'),
(992, 'test2021-12-03 02:06:02'),
(993, 'test2021-12-03 02:12:02'),
(994, 'test2021-12-03 02:18:04'),
(995, 'test2021-12-03 02:24:04'),
(996, 'test2021-12-03 02:30:06'),
(997, 'test2021-12-03 02:36:03'),
(998, 'test2021-12-03 02:42:03'),
(999, 'test2021-12-03 02:48:03'),
(1000, 'test2021-12-03 02:54:03'),
(1001, 'test2021-12-03 03:00:07'),
(1002, 'test2021-12-03 03:06:03'),
(1003, 'test2021-12-03 03:12:03'),
(1004, 'test2021-12-03 03:18:02'),
(1005, 'test2021-12-03 03:24:03'),
(1006, 'test2021-12-03 03:30:06'),
(1007, 'test2021-12-03 03:36:03'),
(1008, 'test2021-12-03 03:42:03'),
(1009, 'test2021-12-03 03:48:03'),
(1010, 'test2021-12-03 03:54:03'),
(1011, 'test2021-12-03 04:00:08'),
(1012, 'test2021-12-03 04:06:02'),
(1013, 'test2021-12-03 04:12:03'),
(1014, 'test2021-12-03 04:18:03'),
(1015, 'test2021-12-03 04:24:04'),
(1016, 'test2021-12-03 04:30:06'),
(1017, 'test2021-12-03 04:36:03'),
(1018, 'test2021-12-03 04:42:02'),
(1019, 'test2021-12-03 04:48:03'),
(1020, 'test2021-12-03 04:54:03'),
(1021, 'test2021-12-03 05:00:08'),
(1022, 'test2021-12-03 05:06:02'),
(1023, 'test2021-12-03 05:12:03'),
(1024, 'test2021-12-03 05:18:04'),
(1025, 'test2021-12-03 05:24:02'),
(1026, 'test2021-12-03 05:30:05'),
(1027, 'test2021-12-03 05:36:03'),
(1028, 'test2021-12-03 05:42:03'),
(1029, 'test2021-12-03 05:48:02'),
(1030, 'test2021-12-03 05:54:02'),
(1031, 'test2021-12-03 06:00:08'),
(1032, 'test2021-12-03 06:06:03'),
(1033, 'test2021-12-03 06:12:02'),
(1034, 'test2021-12-03 06:18:06'),
(1035, 'test2021-12-03 06:24:04'),
(1036, 'test2021-12-03 06:30:05'),
(1037, 'test2021-12-03 06:36:03'),
(1038, 'test2021-12-03 06:42:03'),
(1039, 'test2021-12-03 06:48:04'),
(1040, 'test2021-12-03 06:54:03'),
(1041, 'test2021-12-03 07:00:08'),
(1042, 'test2021-12-03 07:06:03'),
(1043, 'test2021-12-03 07:12:02'),
(1044, 'test2021-12-03 07:18:04'),
(1045, 'test2021-12-03 07:24:04'),
(1046, 'test2021-12-03 07:30:06'),
(1047, 'test2021-12-03 07:36:04'),
(1048, 'test2021-12-03 07:42:03'),
(1049, 'test2021-12-03 07:48:04'),
(1050, 'test2021-12-03 07:54:03'),
(1051, 'test2021-12-03 08:00:08'),
(1052, 'test2021-12-03 08:06:02'),
(1053, 'test2021-12-03 08:12:02'),
(1054, 'test2021-12-03 08:18:04'),
(1055, 'test2021-12-03 08:24:03'),
(1056, 'test2021-12-03 08:30:04'),
(1057, 'test2021-12-03 08:36:04'),
(1058, 'test2021-12-03 08:42:03'),
(1059, 'test2021-12-03 08:48:04'),
(1060, 'test2021-12-03 08:54:03'),
(1061, 'test2021-12-03 09:00:08'),
(1062, 'test2021-12-03 09:06:02'),
(1063, 'test2021-12-03 09:12:02'),
(1064, 'test2021-12-03 09:18:04'),
(1065, 'test2021-12-03 09:24:03'),
(1066, 'test2021-12-03 09:30:04'),
(1067, 'test2021-12-03 09:36:04'),
(1068, 'test2021-12-03 09:42:03'),
(1069, 'test2021-12-03 09:48:05'),
(1070, 'test2021-12-03 09:54:04'),
(1071, 'test2021-12-03 10:00:10'),
(1072, 'test2021-12-03 10:06:02'),
(1073, 'test2021-12-03 10:12:03'),
(1074, 'test2021-12-03 10:18:04'),
(1075, 'test2021-12-03 10:24:04'),
(1076, 'test2021-12-03 10:30:06'),
(1077, 'test2021-12-03 10:36:03'),
(1078, 'test2021-12-03 10:42:04'),
(1079, 'test2021-12-03 10:48:05'),
(1080, 'test2021-12-03 10:54:03'),
(1081, 'test2021-12-03 11:00:07'),
(1082, 'test2021-12-03 11:06:02'),
(1083, 'test2021-12-03 11:12:03'),
(1084, 'test2021-12-03 11:18:03'),
(1085, 'test2021-12-03 11:24:04'),
(1086, 'test2021-12-03 11:30:04'),
(1087, 'test2021-12-03 11:36:03'),
(1088, 'test2021-12-03 11:42:03'),
(1089, 'test2021-12-03 11:48:03'),
(1090, 'test2021-12-03 11:54:03'),
(1091, 'test2021-12-03 12:00:10'),
(1092, 'test2021-12-03 12:06:02'),
(1093, 'test2021-12-03 12:12:02'),
(1094, 'test2021-12-03 12:18:03'),
(1095, 'test2021-12-03 12:24:04'),
(1096, 'test2021-12-03 12:30:05'),
(1097, 'test2021-12-03 12:36:03'),
(1098, 'test2021-12-03 12:42:04'),
(1099, 'test2021-12-03 12:48:03'),
(1100, 'test2021-12-03 12:54:03'),
(1101, 'test2021-12-03 13:00:08'),
(1102, 'test2021-12-03 13:06:03'),
(1103, 'test2021-12-03 13:12:02'),
(1104, 'test2021-12-03 13:18:04'),
(1105, 'test2021-12-03 13:24:04'),
(1106, 'test2021-12-03 13:30:04'),
(1107, 'test2021-12-03 13:36:03'),
(1108, 'test2021-12-03 13:42:03'),
(1109, 'test2021-12-03 13:48:03'),
(1110, 'test2021-12-03 13:54:03'),
(1111, 'test2021-12-03 14:00:07'),
(1112, 'test2021-12-03 14:06:03'),
(1113, 'test2021-12-03 14:12:03'),
(1114, 'test2021-12-03 14:18:03'),
(1115, 'test2021-12-03 14:24:03'),
(1116, 'test2021-12-03 14:30:06'),
(1117, 'test2021-12-03 14:36:04'),
(1118, 'test2021-12-03 14:42:03'),
(1119, 'test2021-12-03 14:48:04'),
(1120, 'test2021-12-03 14:54:03'),
(1121, 'test2021-12-03 15:00:11'),
(1122, 'test2021-12-03 15:06:03'),
(1123, 'test2021-12-03 15:12:03'),
(1124, 'test2021-12-03 15:18:03'),
(1125, 'test2021-12-03 15:24:04'),
(1126, 'test2021-12-03 15:30:04'),
(1127, 'test2021-12-03 15:36:04'),
(1128, 'test2021-12-03 15:42:03'),
(1129, 'test2021-12-03 15:48:03'),
(1130, 'test2021-12-03 15:54:03'),
(1131, 'test2021-12-03 16:00:08'),
(1132, 'test2021-12-03 16:06:02'),
(1133, 'test2021-12-03 16:12:02'),
(1134, 'test2021-12-03 16:18:03'),
(1135, 'test2021-12-03 16:24:02'),
(1136, 'test2021-12-03 16:30:04'),
(1137, 'test2021-12-03 16:36:03'),
(1138, 'test2021-12-03 16:42:03'),
(1139, 'test2021-12-03 16:48:03'),
(1140, 'test2021-12-03 16:54:03'),
(1141, 'test2021-12-03 17:00:08'),
(1142, 'test2021-12-03 17:06:03'),
(1143, 'test2021-12-03 17:12:03'),
(1144, 'test2021-12-03 17:18:03'),
(1145, 'test2021-12-03 17:24:03'),
(1146, 'test2021-12-03 17:30:04'),
(1147, 'test2021-12-03 17:36:03'),
(1148, 'test2021-12-03 17:42:04'),
(1149, 'test2021-12-03 17:48:03'),
(1150, 'test2021-12-03 17:54:03'),
(1151, 'test2021-12-03 18:00:07'),
(1152, 'test2021-12-03 18:06:03'),
(1153, 'test2021-12-03 18:12:02'),
(1154, 'test2021-12-03 18:18:03'),
(1155, 'test2021-12-03 18:24:03'),
(1156, 'test2021-12-03 18:30:04'),
(1157, 'test2021-12-03 18:36:03'),
(1158, 'test2021-12-03 18:42:03'),
(1159, 'test2021-12-03 18:48:03'),
(1160, 'test2021-12-03 18:54:04'),
(1161, 'test2021-12-03 19:00:06'),
(1162, 'test2021-12-03 19:06:02'),
(1163, 'test2021-12-03 19:12:03'),
(1164, 'test2021-12-03 19:18:04'),
(1165, 'test2021-12-03 19:24:03'),
(1166, 'test2021-12-03 19:30:05'),
(1167, 'test2021-12-03 19:36:03'),
(1168, 'test2021-12-03 19:42:03'),
(1169, 'test2021-12-03 19:48:02'),
(1170, 'test2021-12-03 19:54:02'),
(1171, 'test2021-12-03 20:00:06'),
(1172, 'test2021-12-03 20:06:02'),
(1173, 'test2021-12-03 20:12:02'),
(1174, 'test2021-12-03 20:18:04'),
(1175, 'test2021-12-03 20:24:03'),
(1176, 'test2021-12-03 20:30:04'),
(1177, 'test2021-12-03 20:36:03'),
(1178, 'test2021-12-03 20:42:03'),
(1179, 'test2021-12-03 20:48:03'),
(1180, 'test2021-12-03 20:54:03'),
(1181, 'test2021-12-03 21:00:07'),
(1182, 'test2021-12-03 21:06:02'),
(1183, 'test2021-12-03 21:12:02'),
(1184, 'test2021-12-03 21:18:03'),
(1185, 'test2021-12-03 21:24:03'),
(1186, 'test2021-12-03 21:30:05'),
(1187, 'test2021-12-03 21:36:03'),
(1188, 'test2021-12-03 21:42:04'),
(1189, 'test2021-12-03 21:48:04'),
(1190, 'test2021-12-03 21:54:02'),
(1191, 'test2021-12-03 22:00:07'),
(1192, 'test2021-12-03 22:06:02'),
(1193, 'test2021-12-03 22:12:01'),
(1194, 'test2021-12-03 22:18:03'),
(1195, 'test2021-12-03 22:24:03'),
(1196, 'test2021-12-03 22:30:04'),
(1197, 'test2021-12-03 22:36:03'),
(1198, 'test2021-12-03 22:42:03'),
(1199, 'test2021-12-03 22:48:03'),
(1200, 'test2021-12-03 22:54:03'),
(1201, 'test2021-12-03 23:00:07'),
(1202, 'test2021-12-03 23:06:02'),
(1203, 'test2021-12-03 23:12:02'),
(1204, 'test2021-12-03 23:18:04'),
(1205, 'test2021-12-03 23:24:04'),
(1206, 'test2021-12-03 23:30:04'),
(1207, 'test2021-12-03 23:36:03'),
(1208, 'test2021-12-03 23:42:04'),
(1209, 'test2021-12-03 23:48:03'),
(1210, 'test2021-12-03 23:54:03'),
(1211, 'test2021-12-04 00:00:10'),
(1212, 'test2021-12-04 00:06:01'),
(1213, 'test2021-12-04 00:12:02'),
(1214, 'test2021-12-04 00:18:03'),
(1215, 'test2021-12-04 00:24:01'),
(1216, 'test2021-12-04 00:30:04'),
(1217, 'test2021-12-04 00:36:03'),
(1218, 'test2021-12-04 00:42:03'),
(1219, 'test2021-12-04 00:48:03'),
(1220, 'test2021-12-04 00:54:02'),
(1221, 'test2021-12-04 01:00:06'),
(1222, 'test2021-12-04 01:06:02'),
(1223, 'test2021-12-04 01:12:02'),
(1224, 'test2021-12-04 01:18:03'),
(1225, 'test2021-12-04 01:24:03'),
(1226, 'test2021-12-04 01:30:05'),
(1227, 'test2021-12-04 01:36:02'),
(1228, 'test2021-12-04 01:42:03'),
(1229, 'test2021-12-04 01:48:03'),
(1230, 'test2021-12-04 01:54:02'),
(1231, 'test2021-12-04 02:00:07'),
(1232, 'test2021-12-04 02:06:02'),
(1233, 'test2021-12-04 02:12:02'),
(1234, 'test2021-12-04 02:18:01'),
(1235, 'test2021-12-04 02:24:03'),
(1236, 'test2021-12-04 02:30:03'),
(1237, 'test2021-12-04 02:36:03'),
(1238, 'test2021-12-04 02:42:02'),
(1239, 'test2021-12-04 02:48:03'),
(1240, 'test2021-12-04 02:54:02'),
(1241, 'test2021-12-04 03:00:06'),
(1242, 'test2021-12-04 03:06:02'),
(1243, 'test2021-12-04 03:12:02'),
(1244, 'test2021-12-04 03:18:02'),
(1245, 'test2021-12-04 03:24:03'),
(1246, 'test2021-12-04 03:30:05'),
(1247, 'test2021-12-04 03:36:02'),
(1248, 'test2021-12-04 03:42:02'),
(1249, 'test2021-12-04 03:48:03'),
(1250, 'test2021-12-04 03:54:03'),
(1251, 'test2021-12-04 04:00:07'),
(1252, 'test2021-12-04 04:06:02'),
(1253, 'test2021-12-04 04:12:01'),
(1254, 'test2021-12-04 04:18:03'),
(1255, 'test2021-12-04 04:24:03'),
(1256, 'test2021-12-04 04:30:04'),
(1257, 'test2021-12-04 04:36:03'),
(1258, 'test2021-12-04 04:42:03'),
(1259, 'test2021-12-04 04:48:03'),
(1260, 'test2021-12-04 04:54:03'),
(1261, 'test2021-12-04 05:00:05'),
(1262, 'test2021-12-04 05:06:02'),
(1263, 'test2021-12-04 05:12:02'),
(1264, 'test2021-12-04 05:18:03'),
(1265, 'test2021-12-04 05:24:03'),
(1266, 'test2021-12-04 05:30:04'),
(1267, 'test2021-12-04 05:36:03'),
(1268, 'test2021-12-04 05:42:02'),
(1269, 'test2021-12-04 05:48:02'),
(1270, 'test2021-12-04 05:54:02'),
(1271, 'test2021-12-04 06:00:08'),
(1272, 'test2021-12-04 06:06:02'),
(1273, 'test2021-12-04 06:12:02'),
(1274, 'test2021-12-04 06:18:03'),
(1275, 'test2021-12-04 06:24:02'),
(1276, 'test2021-12-04 06:30:04'),
(1277, 'test2021-12-04 06:36:03'),
(1278, 'test2021-12-04 06:42:02'),
(1279, 'test2021-12-04 06:48:04'),
(1280, 'test2021-12-04 06:54:02'),
(1281, 'test2021-12-04 07:00:06'),
(1282, 'test2021-12-04 07:06:03'),
(1283, 'test2021-12-04 07:12:02'),
(1284, 'test2021-12-04 07:18:03'),
(1285, 'test2021-12-04 07:24:03'),
(1286, 'test2021-12-04 07:30:04'),
(1287, 'test2021-12-04 07:36:04'),
(1288, 'test2021-12-04 07:42:03'),
(1289, 'test2021-12-04 07:48:02'),
(1290, 'test2021-12-04 07:54:03'),
(1291, 'test2021-12-04 08:00:07'),
(1292, 'test2021-12-04 08:06:02'),
(1293, 'test2021-12-04 08:12:02'),
(1294, 'test2021-12-04 08:18:03'),
(1295, 'test2021-12-04 08:24:02'),
(1296, 'test2021-12-04 08:30:04'),
(1297, 'test2021-12-04 08:36:02'),
(1298, 'test2021-12-04 08:42:03'),
(1299, 'test2021-12-04 08:48:03'),
(1300, 'test2021-12-04 08:54:03'),
(1301, 'test2021-12-04 09:00:08'),
(1302, 'test2021-12-04 09:06:02'),
(1303, 'test2021-12-04 09:12:03'),
(1304, 'test2021-12-04 09:18:03'),
(1305, 'test2021-12-04 09:24:04'),
(1306, 'test2021-12-04 09:30:05'),
(1307, 'test2021-12-04 09:36:03'),
(1308, 'test2021-12-04 09:42:02'),
(1309, 'test2021-12-04 09:48:03'),
(1310, 'test2021-12-04 09:54:03'),
(1311, 'test2021-12-04 10:00:07'),
(1312, 'test2021-12-04 10:06:03'),
(1313, 'test2021-12-04 10:12:02'),
(1314, 'test2021-12-04 10:18:04'),
(1315, 'test2021-12-04 10:24:03'),
(1316, 'test2021-12-04 10:30:03'),
(1317, 'test2021-12-04 10:36:04'),
(1318, 'test2021-12-04 10:42:03'),
(1319, 'test2021-12-04 10:48:03'),
(1320, 'test2021-12-04 10:54:02'),
(1321, 'test2021-12-04 11:00:07'),
(1322, 'test2021-12-04 11:06:02'),
(1323, 'test2021-12-04 11:12:02'),
(1324, 'test2021-12-04 11:18:03'),
(1325, 'test2021-12-04 11:24:04'),
(1326, 'test2021-12-04 11:30:04'),
(1327, 'test2021-12-04 11:36:03'),
(1328, 'test2021-12-04 11:42:03'),
(1329, 'test2021-12-04 11:48:02'),
(1330, 'test2021-12-04 11:54:03'),
(1331, 'test2021-12-04 12:00:09'),
(1332, 'test2021-12-04 12:06:02'),
(1333, 'test2021-12-04 12:12:02'),
(1334, 'test2021-12-04 12:18:03'),
(1335, 'test2021-12-04 12:24:03'),
(1336, 'test2021-12-04 12:30:04'),
(1337, 'test2021-12-04 12:36:03'),
(1338, 'test2021-12-04 12:42:02'),
(1339, 'test2021-12-04 12:48:03'),
(1340, 'test2021-12-04 12:54:03'),
(1341, 'test2021-12-04 13:00:07'),
(1342, 'test2021-12-04 13:06:02'),
(1343, 'test2021-12-04 13:12:01'),
(1344, 'test2021-12-04 13:18:04'),
(1345, 'test2021-12-04 13:24:03'),
(1346, 'test2021-12-04 13:30:04'),
(1347, 'test2021-12-04 13:36:02'),
(1348, 'test2021-12-04 13:42:02'),
(1349, 'test2021-12-04 13:48:02'),
(1350, 'test2021-12-04 13:54:02'),
(1351, 'test2021-12-04 14:00:07'),
(1352, 'test2021-12-04 14:06:02'),
(1353, 'test2021-12-04 14:12:02'),
(1354, 'test2021-12-04 14:18:03'),
(1355, 'test2021-12-04 14:24:03'),
(1356, 'test2021-12-04 14:30:04'),
(1357, 'test2021-12-04 14:36:03'),
(1358, 'test2021-12-04 14:42:03'),
(1359, 'test2021-12-04 14:48:02'),
(1360, 'test2021-12-04 14:54:03'),
(1361, 'test2021-12-04 15:00:09'),
(1362, 'test2021-12-04 15:06:01'),
(1363, 'test2021-12-04 15:12:02'),
(1364, 'test2021-12-04 15:18:03'),
(1365, 'test2021-12-04 15:24:04'),
(1366, 'test2021-12-04 15:30:05'),
(1367, 'test2021-12-04 15:36:03'),
(1368, 'test2021-12-04 15:42:03'),
(1369, 'test2021-12-04 15:48:03'),
(1370, 'test2021-12-04 15:54:03'),
(1371, 'test2021-12-04 16:00:07'),
(1372, 'test2021-12-04 16:06:02'),
(1373, 'test2021-12-04 16:12:02'),
(1374, 'test2021-12-04 16:18:03'),
(1375, 'test2021-12-04 16:24:03'),
(1376, 'test2021-12-04 16:30:03'),
(1377, 'test2021-12-04 16:36:03'),
(1378, 'test2021-12-04 16:42:04'),
(1379, 'test2021-12-04 16:48:03'),
(1380, 'test2021-12-04 16:54:03'),
(1381, 'test2021-12-04 17:00:08'),
(1382, 'test2021-12-04 17:06:03'),
(1383, 'test2021-12-04 17:12:02'),
(1384, 'test2021-12-04 17:18:04'),
(1385, 'test2021-12-04 17:24:04'),
(1386, 'test2021-12-04 17:30:04'),
(1387, 'test2021-12-04 17:36:03'),
(1388, 'test2021-12-04 17:42:02'),
(1389, 'test2021-12-04 17:48:03'),
(1390, 'test2021-12-04 17:54:03'),
(1391, 'test2021-12-04 18:00:07'),
(1392, 'test2021-12-04 18:06:02'),
(1393, 'test2021-12-04 18:12:02'),
(1394, 'test2021-12-04 18:18:03'),
(1395, 'test2021-12-04 18:24:03'),
(1396, 'test2021-12-04 18:30:04'),
(1397, 'test2021-12-04 18:36:02'),
(1398, 'test2021-12-04 18:42:03'),
(1399, 'test2021-12-04 18:48:03'),
(1400, 'test2021-12-04 18:54:02'),
(1401, 'test2021-12-04 19:00:08'),
(1402, 'test2021-12-04 19:06:03'),
(1403, 'test2021-12-04 19:12:02'),
(1404, 'test2021-12-04 19:18:03'),
(1405, 'test2021-12-04 19:24:02'),
(1406, 'test2021-12-04 19:30:05'),
(1407, 'test2021-12-04 19:36:03'),
(1408, 'test2021-12-04 19:42:03'),
(1409, 'test2021-12-04 19:48:03'),
(1410, 'test2021-12-04 19:54:03'),
(1411, 'test2021-12-04 20:00:07'),
(1412, 'test2021-12-04 20:06:02'),
(1413, 'test2021-12-04 20:12:02'),
(1414, 'test2021-12-04 20:18:03'),
(1415, 'test2021-12-04 20:24:03'),
(1416, 'test2021-12-04 20:30:04'),
(1417, 'test2021-12-04 20:36:02'),
(1418, 'test2021-12-04 20:42:03'),
(1419, 'test2021-12-04 20:48:04'),
(1420, 'test2021-12-04 20:54:03'),
(1421, 'test2021-12-04 21:00:08'),
(1422, 'test2021-12-04 21:06:02'),
(1423, 'test2021-12-04 21:12:02'),
(1424, 'test2021-12-04 21:18:03'),
(1425, 'test2021-12-04 21:24:03'),
(1426, 'test2021-12-04 21:30:06'),
(1427, 'test2021-12-04 21:36:04'),
(1428, 'test2021-12-04 21:42:04'),
(1429, 'test2021-12-04 21:48:05'),
(1430, 'test2021-12-04 21:54:02'),
(1431, 'test2021-12-04 22:00:07'),
(1432, 'test2021-12-04 22:06:02'),
(1433, 'test2021-12-04 22:12:02'),
(1434, 'test2021-12-04 22:18:03'),
(1435, 'test2021-12-04 22:24:04'),
(1436, 'test2021-12-04 22:30:06'),
(1437, 'test2021-12-04 22:36:02'),
(1438, 'test2021-12-04 22:42:03'),
(1439, 'test2021-12-04 22:48:04'),
(1440, 'test2021-12-04 22:54:03'),
(1441, 'test2021-12-04 23:00:06'),
(1442, 'test2021-12-04 23:06:03'),
(1443, 'test2021-12-04 23:12:02'),
(1444, 'test2021-12-04 23:18:04'),
(1445, 'test2021-12-04 23:24:05'),
(1446, 'test2021-12-04 23:30:06'),
(1447, 'test2021-12-04 23:36:04'),
(1448, 'test2021-12-04 23:42:04'),
(1449, 'test2021-12-04 23:48:03'),
(1450, 'test2021-12-04 23:54:04'),
(1451, 'test2021-12-05 00:00:11'),
(1452, 'test2021-12-05 00:06:03'),
(1453, 'test2021-12-05 00:12:02'),
(1454, 'test2021-12-05 00:18:03'),
(1455, 'test2021-12-05 00:24:04'),
(1456, 'test2021-12-05 00:30:06'),
(1457, 'test2021-12-05 00:36:04'),
(1458, 'test2021-12-05 00:42:03'),
(1459, 'test2021-12-05 00:48:04'),
(1460, 'test2021-12-05 00:54:04'),
(1461, 'test2021-12-05 01:00:07'),
(1462, 'test2021-12-05 01:06:03'),
(1463, 'test2021-12-05 01:12:04'),
(1464, 'test2021-12-05 01:18:04'),
(1465, 'test2021-12-05 01:24:03'),
(1466, 'test2021-12-05 01:30:06'),
(1467, 'test2021-12-05 01:36:04'),
(1468, 'test2021-12-05 01:42:04'),
(1469, 'test2021-12-05 01:48:04'),
(1470, 'test2021-12-05 01:54:03'),
(1471, 'test2021-12-05 02:00:08'),
(1472, 'test2021-12-05 02:06:02'),
(1473, 'test2021-12-05 02:12:02'),
(1474, 'test2021-12-05 02:18:02'),
(1475, 'test2021-12-05 02:24:03'),
(1476, 'test2021-12-05 02:30:04'),
(1477, 'test2021-12-05 02:36:03'),
(1478, 'test2021-12-05 02:42:03'),
(1479, 'test2021-12-05 02:48:03'),
(1480, 'test2021-12-05 02:54:03'),
(1481, 'test2021-12-05 03:00:07'),
(1482, 'test2021-12-05 03:06:02'),
(1483, 'test2021-12-05 03:12:03'),
(1484, 'test2021-12-05 03:18:05'),
(1485, 'test2021-12-05 03:24:03'),
(1486, 'test2021-12-05 03:30:05'),
(1487, 'test2021-12-05 03:36:03'),
(1488, 'test2021-12-05 03:42:05'),
(1489, 'test2021-12-05 03:48:03'),
(1490, 'test2021-12-05 03:54:03'),
(1491, 'test2021-12-05 04:00:08'),
(1492, 'test2021-12-05 04:06:02'),
(1493, 'test2021-12-05 04:12:02'),
(1494, 'test2021-12-05 04:18:03'),
(1495, 'test2021-12-05 04:24:04'),
(1496, 'test2021-12-05 04:30:06'),
(1497, 'test2021-12-05 04:36:03'),
(1498, 'test2021-12-05 04:42:03'),
(1499, 'test2021-12-05 04:48:03'),
(1500, 'test2021-12-05 04:54:03'),
(1501, 'test2021-12-05 05:00:09'),
(1502, 'test2021-12-05 05:06:03'),
(1503, 'test2021-12-05 05:12:02'),
(1504, 'test2021-12-05 05:18:03'),
(1505, 'test2021-12-05 05:24:03'),
(1506, 'test2021-12-05 05:30:05'),
(1507, 'test2021-12-05 05:36:02'),
(1508, 'test2021-12-05 05:42:04'),
(1509, 'test2021-12-05 05:48:02'),
(1510, 'test2021-12-05 05:54:04'),
(1511, 'test2021-12-05 06:00:08'),
(1512, 'test2021-12-05 06:06:03'),
(1513, 'test2021-12-05 06:12:02'),
(1514, 'test2021-12-05 06:18:04'),
(1515, 'test2021-12-05 06:24:05'),
(1516, 'test2021-12-05 06:30:06'),
(1517, 'test2021-12-05 06:36:04'),
(1518, 'test2021-12-05 06:42:04'),
(1519, 'test2021-12-05 06:48:04'),
(1520, 'test2021-12-05 06:54:04'),
(1521, 'test2021-12-05 07:00:07'),
(1522, 'test2021-12-05 07:06:03'),
(1523, 'test2021-12-05 07:12:02'),
(1524, 'test2021-12-05 07:18:03'),
(1525, 'test2021-12-05 07:24:03'),
(1526, 'test2021-12-05 07:30:05'),
(1527, 'test2021-12-05 07:36:03'),
(1528, 'test2021-12-05 07:42:04'),
(1529, 'test2021-12-05 07:48:03'),
(1530, 'test2021-12-05 07:54:04'),
(1531, 'test2021-12-05 08:00:08'),
(1532, 'test2021-12-05 08:06:03'),
(1533, 'test2021-12-05 08:12:03'),
(1534, 'test2021-12-05 08:18:04'),
(1535, 'test2021-12-05 08:24:04'),
(1536, 'test2021-12-05 08:30:05'),
(1537, 'test2021-12-05 08:36:04'),
(1538, 'test2021-12-05 08:42:02'),
(1539, 'test2021-12-05 08:48:03'),
(1540, 'test2021-12-05 08:54:03'),
(1541, 'test2021-12-05 09:00:07'),
(1542, 'test2021-12-05 09:06:02'),
(1543, 'test2021-12-05 09:12:03'),
(1544, 'test2021-12-05 09:18:04'),
(1545, 'test2021-12-05 09:24:03'),
(1546, 'test2021-12-05 09:30:04'),
(1547, 'test2021-12-05 09:36:02');
INSERT INTO `test` (`id`, `name`) VALUES
(1548, 'test2021-12-05 09:42:04'),
(1549, 'test2021-12-05 09:48:02'),
(1550, 'test2021-12-05 09:54:02'),
(1551, 'test2021-12-05 10:00:06'),
(1552, 'test2021-12-05 10:06:03'),
(1553, 'test2021-12-05 10:12:02'),
(1554, 'test2021-12-05 10:18:04'),
(1555, 'test2021-12-05 10:24:04'),
(1556, 'test2021-12-05 10:30:04'),
(1557, 'test2021-12-05 10:36:03'),
(1558, 'test2021-12-05 10:42:03'),
(1559, 'test2021-12-05 10:48:02'),
(1560, 'test2021-12-05 10:54:03'),
(1561, 'test2021-12-05 11:00:09'),
(1562, 'test2021-12-05 11:06:02'),
(1563, 'test2021-12-05 11:12:03'),
(1564, 'test2021-12-05 11:18:03'),
(1565, 'test2021-12-05 11:24:03'),
(1566, 'test2021-12-05 11:30:04'),
(1567, 'test2021-12-05 11:36:03'),
(1568, 'test2021-12-05 11:42:03'),
(1569, 'test2021-12-05 11:48:02'),
(1570, 'test2021-12-05 11:54:04'),
(1571, 'test2021-12-05 12:00:09'),
(1572, 'test2021-12-05 12:06:02'),
(1573, 'test2021-12-05 12:12:02'),
(1574, 'test2021-12-05 12:18:03'),
(1575, 'test2021-12-05 12:24:04'),
(1576, 'test2021-12-05 12:30:06'),
(1577, 'test2021-12-05 12:36:03'),
(1578, 'test2021-12-05 12:42:03'),
(1579, 'test2021-12-05 12:48:03'),
(1580, 'test2021-12-05 12:54:03'),
(1581, 'test2021-12-05 13:00:08'),
(1582, 'test2021-12-05 13:06:02'),
(1583, 'test2021-12-05 13:12:03'),
(1584, 'test2021-12-05 13:18:04'),
(1585, 'test2021-12-05 13:24:03'),
(1586, 'test2021-12-05 13:30:05'),
(1587, 'test2021-12-05 13:36:03'),
(1588, 'test2021-12-05 13:42:02'),
(1589, 'test2021-12-05 13:48:04'),
(1590, 'test2021-12-05 13:54:03'),
(1591, 'test2021-12-05 14:00:07'),
(1592, 'test2021-12-05 14:06:02'),
(1593, 'test2021-12-05 14:12:02'),
(1594, 'test2021-12-05 14:18:03'),
(1595, 'test2021-12-05 14:24:03'),
(1596, 'test2021-12-05 14:30:05'),
(1597, 'test2021-12-05 14:36:03'),
(1598, 'test2021-12-05 14:42:03'),
(1599, 'test2021-12-05 14:48:04'),
(1600, 'test2021-12-05 14:54:03'),
(1601, 'test2021-12-05 15:00:06'),
(1602, 'test2021-12-05 15:06:03'),
(1603, 'test2021-12-05 15:12:03'),
(1604, 'test2021-12-05 15:18:03'),
(1605, 'test2021-12-05 15:24:03'),
(1606, 'test2021-12-05 15:30:04'),
(1607, 'test2021-12-05 15:36:03'),
(1608, 'test2021-12-05 15:42:03'),
(1609, 'test2021-12-05 15:48:04'),
(1610, 'test2021-12-05 15:54:02'),
(1611, 'test2021-12-05 16:00:08'),
(1612, 'test2021-12-05 16:06:02'),
(1613, 'test2021-12-05 16:12:01'),
(1614, 'test2021-12-05 16:18:03'),
(1615, 'test2021-12-05 16:24:03'),
(1616, 'test2021-12-05 16:30:05'),
(1617, 'test2021-12-05 16:36:04'),
(1618, 'test2021-12-05 16:42:04'),
(1619, 'test2021-12-05 16:48:03'),
(1620, 'test2021-12-05 16:54:03'),
(1621, 'test2021-12-05 17:00:08'),
(1622, 'test2021-12-05 17:06:03'),
(1623, 'test2021-12-05 17:12:02'),
(1624, 'test2021-12-05 17:18:04'),
(1625, 'test2021-12-05 17:24:03'),
(1626, 'test2021-12-05 17:30:04'),
(1627, 'test2021-12-05 17:36:03'),
(1628, 'test2021-12-05 17:42:02'),
(1629, 'test2021-12-05 17:48:03'),
(1630, 'test2021-12-05 17:54:03'),
(1631, 'test2021-12-05 18:00:08'),
(1632, 'test2021-12-05 18:06:02'),
(1633, 'test2021-12-05 18:12:02'),
(1634, 'test2021-12-05 18:18:03'),
(1635, 'test2021-12-05 18:24:04'),
(1636, 'test2021-12-05 18:30:05'),
(1637, 'test2021-12-05 18:36:03'),
(1638, 'test2021-12-05 18:42:04'),
(1639, 'test2021-12-05 18:48:03'),
(1640, 'test2021-12-05 18:54:03'),
(1641, 'test2021-12-05 19:00:08'),
(1642, 'test2021-12-05 19:06:02'),
(1643, 'test2021-12-05 19:12:02'),
(1644, 'test2021-12-05 19:18:03'),
(1645, 'test2021-12-05 19:24:04'),
(1646, 'test2021-12-05 19:30:04'),
(1647, 'test2021-12-05 19:36:03'),
(1648, 'test2021-12-05 19:42:02'),
(1649, 'test2021-12-05 19:48:03'),
(1650, 'test2021-12-05 19:54:03'),
(1651, 'test2021-12-05 20:00:05'),
(1652, 'test2021-12-05 20:06:02'),
(1653, 'test2021-12-05 20:12:03'),
(1654, 'test2021-12-05 20:18:04'),
(1655, 'test2021-12-05 20:24:03'),
(1656, 'test2021-12-05 20:30:05'),
(1657, 'test2021-12-05 20:36:02'),
(1658, 'test2021-12-05 20:42:03'),
(1659, 'test2021-12-05 20:48:03'),
(1660, 'test2021-12-05 20:54:03'),
(1661, 'test2021-12-05 21:00:09'),
(1662, 'test2021-12-05 21:06:02'),
(1663, 'test2021-12-05 21:12:03'),
(1664, 'test2021-12-05 21:18:04'),
(1665, 'test2021-12-05 21:24:03'),
(1666, 'test2021-12-05 21:30:06'),
(1667, 'test2021-12-05 21:36:03'),
(1668, 'test2021-12-05 21:42:03'),
(1669, 'test2021-12-05 21:48:04'),
(1670, 'test2021-12-05 21:54:03'),
(1671, 'test2021-12-05 22:00:07'),
(1672, 'test2021-12-05 22:06:02'),
(1673, 'test2021-12-05 22:12:03'),
(1674, 'test2021-12-05 22:18:03'),
(1675, 'test2021-12-05 22:24:04'),
(1676, 'test2021-12-05 22:30:04'),
(1677, 'test2021-12-05 22:36:03'),
(1678, 'test2021-12-05 22:42:03'),
(1679, 'test2021-12-05 22:48:03'),
(1680, 'test2021-12-05 22:54:04'),
(1681, 'test2021-12-05 23:00:08'),
(1682, 'test2021-12-05 23:06:02'),
(1683, 'test2021-12-05 23:12:02'),
(1684, 'test2021-12-05 23:18:04'),
(1685, 'test2021-12-05 23:24:03'),
(1686, 'test2021-12-05 23:30:04'),
(1687, 'test2021-12-05 23:36:03'),
(1688, 'test2021-12-05 23:42:03'),
(1689, 'test2021-12-05 23:48:02'),
(1690, 'test2021-12-05 23:54:03'),
(1691, 'test2021-12-06 00:00:09'),
(1692, 'test2021-12-06 00:06:02'),
(1693, 'test2021-12-06 00:12:02'),
(1694, 'test2021-12-06 00:18:03'),
(1695, 'test2021-12-06 00:24:03'),
(1696, 'test2021-12-06 00:30:04'),
(1697, 'test2021-12-06 00:36:03'),
(1698, 'test2021-12-06 00:42:03'),
(1699, 'test2021-12-06 00:48:03'),
(1700, 'test2021-12-06 00:54:03'),
(1701, 'test2021-12-06 01:00:07'),
(1702, 'test2021-12-06 01:06:02'),
(1703, 'test2021-12-06 01:12:01'),
(1704, 'test2021-12-06 01:18:03'),
(1705, 'test2021-12-06 01:24:03'),
(1706, 'test2021-12-06 01:30:04'),
(1707, 'test2021-12-06 01:36:03'),
(1708, 'test2021-12-06 01:42:02'),
(1709, 'test2021-12-06 01:48:03'),
(1710, 'test2021-12-06 01:54:02'),
(1711, 'test2021-12-06 02:00:07'),
(1712, 'test2021-12-06 02:06:02'),
(1713, 'test2021-12-06 02:12:02'),
(1714, 'test2021-12-06 02:18:02'),
(1715, 'test2021-12-06 02:24:02'),
(1716, 'test2021-12-06 02:30:03'),
(1717, 'test2021-12-06 02:36:03'),
(1718, 'test2021-12-06 02:42:03'),
(1719, 'test2021-12-06 02:48:02'),
(1720, 'test2021-12-06 02:54:02'),
(1721, 'test2021-12-06 03:00:06'),
(1722, 'test2021-12-06 03:06:02'),
(1723, 'test2021-12-06 03:12:01'),
(1724, 'test2021-12-06 03:18:02'),
(1725, 'test2021-12-06 03:24:03'),
(1726, 'test2021-12-06 03:30:03'),
(1727, 'test2021-12-06 03:36:02'),
(1728, 'test2021-12-06 03:42:02'),
(1729, 'test2021-12-06 03:48:03'),
(1730, 'test2021-12-06 03:54:03'),
(1731, 'test2021-12-06 04:00:05'),
(1732, 'test2021-12-06 04:06:03'),
(1733, 'test2021-12-06 04:12:02'),
(1734, 'test2021-12-06 04:18:03'),
(1735, 'test2021-12-06 04:24:03'),
(1736, 'test2021-12-06 04:30:05'),
(1737, 'test2021-12-06 04:36:03'),
(1738, 'test2021-12-06 04:42:03'),
(1739, 'test2021-12-06 04:48:02'),
(1740, 'test2021-12-06 04:54:02'),
(1741, 'test2021-12-06 05:00:07'),
(1742, 'test2021-12-06 05:06:02'),
(1743, 'test2021-12-06 05:12:02'),
(1744, 'test2021-12-06 05:18:03'),
(1745, 'test2021-12-06 05:24:02'),
(1746, 'test2021-12-06 05:30:03'),
(1747, 'test2021-12-06 05:36:02'),
(1748, 'test2021-12-06 05:42:03'),
(1749, 'test2021-12-06 05:48:03'),
(1750, 'test2021-12-06 05:54:02'),
(1751, 'test2021-12-06 06:00:08'),
(1752, 'test2021-12-06 06:06:02'),
(1753, 'test2021-12-06 06:12:02'),
(1754, 'test2021-12-06 06:18:03'),
(1755, 'test2021-12-06 06:24:04'),
(1756, 'test2021-12-06 06:30:05'),
(1757, 'test2021-12-06 06:36:03'),
(1758, 'test2021-12-06 06:42:03'),
(1759, 'test2021-12-06 06:48:02'),
(1760, 'test2021-12-06 06:54:02'),
(1761, 'test2021-12-06 07:00:07'),
(1762, 'test2021-12-06 07:06:02'),
(1763, 'test2021-12-06 07:12:02'),
(1764, 'test2021-12-06 07:18:03'),
(1765, 'test2021-12-06 07:24:02'),
(1766, 'test2021-12-06 07:30:04'),
(1767, 'test2021-12-06 07:36:03'),
(1768, 'test2021-12-06 07:42:03'),
(1769, 'test2021-12-06 07:48:02'),
(1770, 'test2021-12-06 07:54:02'),
(1771, 'test2021-12-06 08:00:07'),
(1772, 'test2021-12-06 08:06:02'),
(1773, 'test2021-12-06 08:12:02'),
(1774, 'test2021-12-06 08:18:03'),
(1775, 'test2021-12-06 08:24:03'),
(1776, 'test2021-12-06 08:30:03'),
(1777, 'test2021-12-06 08:36:02'),
(1778, 'test2021-12-06 08:42:02'),
(1779, 'test2021-12-06 08:48:03'),
(1780, 'test2021-12-06 08:54:03'),
(1781, 'test2021-12-06 09:00:08'),
(1782, 'test2021-12-06 09:06:02'),
(1783, 'test2021-12-06 09:12:02'),
(1784, 'test2021-12-06 09:18:04'),
(1785, 'test2021-12-06 09:24:03'),
(1786, 'test2021-12-06 09:30:04'),
(1787, 'test2021-12-06 09:36:02'),
(1788, 'test2021-12-06 09:42:03'),
(1789, 'test2021-12-06 09:48:04'),
(1790, 'test2021-12-06 09:54:03'),
(1791, 'test2021-12-06 10:00:07'),
(1792, 'test2021-12-06 10:06:02'),
(1793, 'test2021-12-06 10:12:02'),
(1794, 'test2021-12-06 10:18:02'),
(1795, 'test2021-12-06 10:24:03'),
(1796, 'test2021-12-06 10:30:05'),
(1797, 'test2021-12-06 10:36:04'),
(1798, 'test2021-12-06 10:42:03'),
(1799, 'test2021-12-06 10:48:04'),
(1800, 'test2021-12-06 10:54:03'),
(1801, 'test2021-12-06 11:00:08'),
(1802, 'test2021-12-06 11:06:03'),
(1803, 'test2021-12-06 11:12:03'),
(1804, 'test2021-12-06 11:18:03'),
(1805, 'test2021-12-06 11:24:04'),
(1806, 'test2021-12-06 11:30:04'),
(1807, 'test2021-12-06 11:36:04'),
(1808, 'test2021-12-06 11:42:03'),
(1809, 'test2021-12-06 11:48:03'),
(1810, 'test2021-12-06 11:54:02'),
(1811, 'test2021-12-06 12:00:08'),
(1812, 'test2021-12-06 12:06:02'),
(1813, 'test2021-12-06 12:12:02'),
(1814, 'test2021-12-06 12:18:03'),
(1815, 'test2021-12-06 12:24:02'),
(1816, 'test2021-12-06 12:30:04'),
(1817, 'test2021-12-06 12:36:04'),
(1818, 'test2021-12-06 12:42:03'),
(1819, 'test2021-12-06 12:48:03'),
(1820, 'test2021-12-06 12:54:04'),
(1821, 'test2021-12-06 13:00:06'),
(1822, 'test2021-12-06 13:06:02'),
(1823, 'test2021-12-06 13:12:02'),
(1824, 'test2021-12-06 13:18:03'),
(1825, 'test2021-12-06 13:24:03'),
(1826, 'test2021-12-06 13:30:04'),
(1827, 'test2021-12-06 13:36:03'),
(1828, 'test2021-12-06 13:42:03'),
(1829, 'test2021-12-06 13:48:03'),
(1830, 'test2021-12-06 13:54:03'),
(1831, 'test2021-12-06 14:00:07'),
(1832, 'test2021-12-06 14:06:04'),
(1833, 'test2021-12-06 14:12:03'),
(1834, 'test2021-12-06 14:18:04'),
(1835, 'test2021-12-06 14:24:03'),
(1836, 'test2021-12-06 14:30:04'),
(1837, 'test2021-12-06 14:36:03'),
(1838, 'test2021-12-06 14:42:03'),
(1839, 'test2021-12-06 14:48:02'),
(1840, 'test2021-12-06 14:54:02'),
(1841, 'test2021-12-06 15:00:08'),
(1842, 'test2021-12-06 15:06:03'),
(1843, 'test2021-12-06 15:12:02'),
(1844, 'test2021-12-06 15:18:04'),
(1845, 'test2021-12-06 15:24:04'),
(1846, 'test2021-12-06 15:30:05'),
(1847, 'test2021-12-06 15:36:03'),
(1848, 'test2021-12-06 15:42:03'),
(1849, 'test2021-12-06 15:48:03'),
(1850, 'test2021-12-06 15:54:03'),
(1851, 'test2021-12-06 16:00:07'),
(1852, 'test2021-12-06 16:06:02'),
(1853, 'test2021-12-06 16:12:02'),
(1854, 'test2021-12-06 16:18:03'),
(1855, 'test2021-12-06 16:24:03'),
(1856, 'test2021-12-06 16:30:05'),
(1857, 'test2021-12-06 16:36:02'),
(1858, 'test2021-12-06 16:42:02'),
(1859, 'test2021-12-06 16:48:03'),
(1860, 'test2021-12-06 16:54:03'),
(1861, 'test2021-12-06 17:00:07'),
(1862, 'test2021-12-06 17:06:04'),
(1863, 'test2021-12-06 17:12:03'),
(1864, 'test2021-12-06 17:18:03'),
(1865, 'test2021-12-06 17:24:03'),
(1866, 'test2021-12-06 17:30:03'),
(1867, 'test2021-12-06 17:36:02'),
(1868, 'test2021-12-06 17:42:03'),
(1869, 'test2021-12-06 17:48:03'),
(1870, 'test2021-12-06 17:54:03'),
(1871, 'test2021-12-06 18:00:05'),
(1872, 'test2021-12-06 18:06:02'),
(1873, 'test2021-12-06 18:12:02'),
(1874, 'test2021-12-06 18:18:03'),
(1875, 'test2021-12-06 18:24:03'),
(1876, 'test2021-12-06 18:30:05'),
(1877, 'test2021-12-06 18:36:03'),
(1878, 'test2021-12-06 18:42:03'),
(1879, 'test2021-12-06 18:48:03'),
(1880, 'test2021-12-06 18:54:03'),
(1881, 'test2021-12-06 19:00:07'),
(1882, 'test2021-12-06 19:06:02'),
(1883, 'test2021-12-06 19:12:02'),
(1884, 'test2021-12-06 19:18:01'),
(1885, 'test2021-12-06 19:24:02'),
(1886, 'test2021-12-06 19:30:05'),
(1887, 'test2021-12-06 19:36:03'),
(1888, 'test2021-12-06 19:42:03'),
(1889, 'test2021-12-06 19:48:03'),
(1890, 'test2021-12-06 19:54:03'),
(1891, 'test2021-12-06 20:00:07'),
(1892, 'test2021-12-06 20:06:02'),
(1893, 'test2021-12-06 20:12:02'),
(1894, 'test2021-12-06 20:18:03'),
(1895, 'test2021-12-06 20:24:03'),
(1896, 'test2021-12-06 20:30:05'),
(1897, 'test2021-12-06 20:36:03'),
(1898, 'test2021-12-06 20:42:03'),
(1899, 'test2021-12-06 20:48:03'),
(1900, 'test2021-12-06 20:54:03'),
(1901, 'test2021-12-06 21:00:07'),
(1902, 'test2021-12-06 21:06:02'),
(1903, 'test2021-12-06 21:12:03'),
(1904, 'test2021-12-06 21:18:05'),
(1905, 'test2021-12-06 21:24:04'),
(1906, 'test2021-12-06 21:30:06'),
(1907, 'test2021-12-06 21:36:04'),
(1908, 'test2021-12-06 21:42:05'),
(1909, 'test2021-12-06 21:48:04'),
(1910, 'test2021-12-06 21:54:02'),
(1911, 'test2021-12-06 22:00:07'),
(1912, 'test2021-12-06 22:06:02'),
(1913, 'test2021-12-06 22:12:02'),
(1914, 'test2021-12-06 22:18:04'),
(1915, 'test2021-12-06 22:24:04'),
(1916, 'test2021-12-06 22:30:06'),
(1917, 'test2021-12-06 22:36:04'),
(1918, 'test2021-12-06 22:42:04'),
(1919, 'test2021-12-06 22:48:05'),
(1920, 'test2021-12-06 22:54:03'),
(1921, 'test2021-12-06 23:00:07'),
(1922, 'test2021-12-06 23:06:03'),
(1923, 'test2021-12-06 23:12:02'),
(1924, 'test2021-12-06 23:18:05'),
(1925, 'test2021-12-06 23:24:05'),
(1926, 'test2021-12-06 23:30:05'),
(1927, 'test2021-12-06 23:36:04'),
(1928, 'test2021-12-06 23:42:05'),
(1929, 'test2021-12-06 23:48:03'),
(1930, 'test2021-12-06 23:54:05'),
(1931, 'test2021-12-07 00:00:11'),
(1932, 'test2021-12-07 00:06:02'),
(1933, 'test2021-12-07 00:12:02'),
(1934, 'test2021-12-07 00:18:04'),
(1935, 'test2021-12-07 00:24:03'),
(1936, 'test2021-12-07 00:30:06'),
(1937, 'test2021-12-07 00:36:05'),
(1938, 'test2021-12-07 00:42:03'),
(1939, 'test2021-12-07 00:48:04'),
(1940, 'test2021-12-07 00:54:03'),
(1941, 'test2021-12-07 01:00:08'),
(1942, 'test2021-12-07 01:06:03'),
(1943, 'test2021-12-07 01:12:02'),
(1944, 'test2021-12-07 01:18:04'),
(1945, 'test2021-12-07 01:24:04'),
(1946, 'test2021-12-07 01:30:05'),
(1947, 'test2021-12-07 01:36:03'),
(1948, 'test2021-12-07 01:42:04'),
(1949, 'test2021-12-07 01:48:04'),
(1950, 'test2021-12-07 01:54:03'),
(1951, 'test2021-12-07 02:00:09'),
(1952, 'test2021-12-07 02:06:02'),
(1953, 'test2021-12-07 02:12:02'),
(1954, 'test2021-12-07 02:18:03'),
(1955, 'test2021-12-07 02:24:04'),
(1956, 'test2021-12-07 02:30:06'),
(1957, 'test2021-12-07 02:36:04'),
(1958, 'test2021-12-07 02:42:04'),
(1959, 'test2021-12-07 02:48:03'),
(1960, 'test2021-12-07 02:54:04'),
(1961, 'test2021-12-07 03:00:07'),
(1962, 'test2021-12-07 03:06:03'),
(1963, 'test2021-12-07 03:12:02'),
(1964, 'test2021-12-07 03:18:03'),
(1965, 'test2021-12-07 03:24:03'),
(1966, 'test2021-12-07 03:30:04'),
(1967, 'test2021-12-07 03:36:03'),
(1968, 'test2021-12-07 03:42:03'),
(1969, 'test2021-12-07 03:48:04'),
(1970, 'test2021-12-07 03:54:03'),
(1971, 'test2021-12-07 04:00:08'),
(1972, 'test2021-12-07 04:06:02'),
(1973, 'test2021-12-07 04:12:02'),
(1974, 'test2021-12-07 04:18:03'),
(1975, 'test2021-12-07 04:24:04'),
(1976, 'test2021-12-07 04:30:05'),
(1977, 'test2021-12-07 04:36:03'),
(1978, 'test2021-12-07 04:42:03'),
(1979, 'test2021-12-07 04:48:03'),
(1980, 'test2021-12-07 04:54:03'),
(1981, 'test2021-12-07 05:00:08'),
(1982, 'test2021-12-07 05:06:03'),
(1983, 'test2021-12-07 05:12:02'),
(1984, 'test2021-12-07 05:18:03'),
(1985, 'test2021-12-07 05:24:04'),
(1986, 'test2021-12-07 05:30:05'),
(1987, 'test2021-12-07 05:36:03'),
(1988, 'test2021-12-07 05:42:04'),
(1989, 'test2021-12-07 05:48:04'),
(1990, 'test2021-12-07 05:54:03'),
(1991, 'test2021-12-07 06:00:09'),
(1992, 'test2021-12-07 06:06:03'),
(1993, 'test2021-12-07 06:12:02'),
(1994, 'test2021-12-07 06:18:03'),
(1995, 'test2021-12-07 06:24:04'),
(1996, 'test2021-12-07 06:30:04'),
(1997, 'test2021-12-07 06:36:03'),
(1998, 'test2021-12-07 06:42:03'),
(1999, 'test2021-12-07 06:48:03'),
(2000, 'test2021-12-07 06:54:04'),
(2001, 'test2021-12-07 07:00:08'),
(2002, 'test2021-12-07 07:06:03'),
(2003, 'test2021-12-07 07:12:02'),
(2004, 'test2021-12-07 07:18:03'),
(2005, 'test2021-12-07 07:24:03'),
(2006, 'test2021-12-07 07:30:06'),
(2007, 'test2021-12-07 07:36:04'),
(2008, 'test2021-12-07 07:42:03'),
(2009, 'test2021-12-07 07:48:03'),
(2010, 'test2021-12-07 07:54:04'),
(2011, 'test2021-12-07 08:00:10'),
(2012, 'test2021-12-07 08:06:03'),
(2013, 'test2021-12-07 08:12:03'),
(2014, 'test2021-12-07 08:18:04'),
(2015, 'test2021-12-07 08:24:04'),
(2016, 'test2021-12-07 08:30:05'),
(2017, 'test2021-12-07 08:36:03'),
(2018, 'test2021-12-07 08:42:04'),
(2019, 'test2021-12-07 08:48:04'),
(2020, 'test2021-12-07 08:54:04'),
(2021, 'test2021-12-07 09:00:10'),
(2022, 'test2021-12-07 09:06:03'),
(2023, 'test2021-12-07 09:12:04'),
(2024, 'test2021-12-07 09:18:04'),
(2025, 'test2021-12-07 09:24:05'),
(2026, 'test2021-12-07 09:30:07'),
(2027, 'test2021-12-07 09:36:05'),
(2028, 'test2021-12-07 09:42:04'),
(2029, 'test2021-12-07 09:48:03'),
(2030, 'test2021-12-07 09:54:03'),
(2031, 'test2021-12-07 10:00:08'),
(2032, 'test2021-12-07 10:06:02'),
(2033, 'test2021-12-07 10:12:03'),
(2034, 'test2021-12-07 10:18:03'),
(2035, 'test2021-12-07 10:24:03'),
(2036, 'test2021-12-07 10:30:04'),
(2037, 'test2021-12-07 10:36:04'),
(2038, 'test2021-12-07 10:42:03'),
(2039, 'test2021-12-07 10:48:03'),
(2040, 'test2021-12-07 10:54:03'),
(2041, 'test2021-12-07 11:00:08'),
(2042, 'test2021-12-07 11:06:03'),
(2043, 'test2021-12-07 11:12:02'),
(2044, 'test2021-12-07 11:18:04'),
(2045, 'test2021-12-07 11:24:04'),
(2046, 'test2021-12-07 11:30:05'),
(2047, 'test2021-12-07 11:36:03'),
(2048, 'test2021-12-07 11:42:03'),
(2049, 'test2021-12-07 11:48:04'),
(2050, 'test2021-12-07 11:54:03'),
(2051, 'test2021-12-07 12:00:07'),
(2052, 'test2021-12-07 12:06:03'),
(2053, 'test2021-12-07 12:12:03'),
(2054, 'test2021-12-07 12:18:03'),
(2055, 'test2021-12-07 12:24:04'),
(2056, 'test2021-12-07 12:30:06'),
(2057, 'test2021-12-07 12:36:04'),
(2058, 'test2021-12-07 12:42:03'),
(2059, 'test2021-12-07 12:48:02'),
(2060, 'test2021-12-07 12:54:03'),
(2061, 'test2021-12-07 13:00:07'),
(2062, 'test2021-12-07 13:06:02'),
(2063, 'test2021-12-07 13:12:03'),
(2064, 'test2021-12-07 13:18:03'),
(2065, 'test2021-12-07 13:24:03'),
(2066, 'test2021-12-07 13:30:04'),
(2067, 'test2021-12-07 13:36:03'),
(2068, 'test2021-12-07 13:42:03'),
(2069, 'test2021-12-07 13:48:03'),
(2070, 'test2021-12-07 13:54:03'),
(2071, 'test2021-12-07 14:00:08'),
(2072, 'test2021-12-07 14:06:02'),
(2073, 'test2021-12-07 14:12:02'),
(2074, 'test2021-12-07 14:18:03'),
(2075, 'test2021-12-07 14:24:03'),
(2076, 'test2021-12-07 14:30:05'),
(2077, 'test2021-12-07 14:36:03'),
(2078, 'test2021-12-07 14:42:03'),
(2079, 'test2021-12-07 14:48:03'),
(2080, 'test2021-12-07 14:54:03'),
(2081, 'test2021-12-07 15:00:10'),
(2082, 'test2021-12-07 15:06:03'),
(2083, 'test2021-12-07 15:12:02'),
(2084, 'test2021-12-07 15:18:03'),
(2085, 'test2021-12-07 15:24:03'),
(2086, 'test2021-12-07 15:30:05'),
(2087, 'test2021-12-07 15:36:03'),
(2088, 'test2021-12-07 15:42:03'),
(2089, 'test2021-12-07 15:48:03'),
(2090, 'test2021-12-07 15:54:04'),
(2091, 'test2021-12-07 16:00:08'),
(2092, 'test2021-12-07 16:06:02'),
(2093, 'test2021-12-07 16:12:02'),
(2094, 'test2021-12-07 16:18:03'),
(2095, 'test2021-12-07 16:24:03'),
(2096, 'test2021-12-07 16:30:03'),
(2097, 'test2021-12-07 16:36:03'),
(2098, 'test2021-12-07 16:42:03'),
(2099, 'test2021-12-07 16:48:04'),
(2100, 'test2021-12-07 16:54:04'),
(2101, 'test2021-12-07 17:00:07'),
(2102, 'test2021-12-07 17:06:02'),
(2103, 'test2021-12-07 17:12:02'),
(2104, 'test2021-12-07 17:18:03'),
(2105, 'test2021-12-07 17:24:03'),
(2106, 'test2021-12-07 17:30:04'),
(2107, 'test2021-12-07 17:36:03'),
(2108, 'test2021-12-07 17:42:03'),
(2109, 'test2021-12-07 17:48:03'),
(2110, 'test2021-12-07 17:54:03'),
(2111, 'test2021-12-07 18:00:08'),
(2112, 'test2021-12-07 18:06:02'),
(2113, 'test2021-12-07 18:12:02'),
(2114, 'test2021-12-07 18:18:03'),
(2115, 'test2021-12-07 18:24:02'),
(2116, 'test2021-12-07 18:30:05'),
(2117, 'test2021-12-07 18:36:03'),
(2118, 'test2021-12-07 18:42:03'),
(2119, 'test2021-12-07 18:48:03'),
(2120, 'test2021-12-07 18:54:04'),
(2121, 'test2021-12-07 19:00:08'),
(2122, 'test2021-12-07 19:06:02'),
(2123, 'test2021-12-07 19:12:02'),
(2124, 'test2021-12-07 19:18:03'),
(2125, 'test2021-12-07 19:24:03'),
(2126, 'test2021-12-07 19:30:05'),
(2127, 'test2021-12-07 19:36:04'),
(2128, 'test2021-12-07 19:42:02'),
(2129, 'test2021-12-07 19:48:04'),
(2130, 'test2021-12-07 19:54:02'),
(2131, 'test2021-12-07 20:00:07'),
(2132, 'test2021-12-07 20:06:02'),
(2133, 'test2021-12-07 20:12:02'),
(2134, 'test2021-12-07 20:18:03'),
(2135, 'test2021-12-07 20:24:03'),
(2136, 'test2021-12-07 20:30:04'),
(2137, 'test2021-12-07 20:36:03'),
(2138, 'test2021-12-07 20:42:03'),
(2139, 'test2021-12-07 20:48:03'),
(2140, 'test2021-12-07 20:54:04'),
(2141, 'test2021-12-07 21:00:07'),
(2142, 'test2021-12-07 21:06:02'),
(2143, 'test2021-12-07 21:12:03'),
(2144, 'test2021-12-07 21:18:04'),
(2145, 'test2021-12-07 21:24:03'),
(2146, 'test2021-12-07 21:30:05'),
(2147, 'test2021-12-07 21:36:04'),
(2148, 'test2021-12-07 21:42:03'),
(2149, 'test2021-12-07 21:48:04'),
(2150, 'test2021-12-07 21:54:03'),
(2151, 'test2021-12-07 22:00:08'),
(2152, 'test2021-12-07 22:06:02'),
(2153, 'test2021-12-07 22:12:03'),
(2154, 'test2021-12-07 22:18:05'),
(2155, 'test2021-12-07 22:24:03'),
(2156, 'test2021-12-07 22:30:06'),
(2157, 'test2021-12-07 22:36:04'),
(2158, 'test2021-12-07 22:42:04'),
(2159, 'test2021-12-07 22:48:04'),
(2160, 'test2021-12-07 22:54:04'),
(2161, 'test2021-12-07 23:00:08'),
(2162, 'test2021-12-07 23:06:03'),
(2163, 'test2021-12-07 23:12:03'),
(2164, 'test2021-12-07 23:18:03'),
(2165, 'test2021-12-07 23:24:04'),
(2166, 'test2021-12-07 23:30:06'),
(2167, 'test2021-12-07 23:36:04'),
(2168, 'test2021-12-07 23:42:04'),
(2169, 'test2021-12-07 23:48:04'),
(2170, 'test2021-12-07 23:54:03'),
(2171, 'test2021-12-08 00:00:10'),
(2172, 'test2021-12-08 00:06:02'),
(2173, 'test2021-12-08 00:12:02'),
(2174, 'test2021-12-08 00:18:03'),
(2175, 'test2021-12-08 00:24:03'),
(2176, 'test2021-12-08 00:30:06'),
(2177, 'test2021-12-08 00:36:03'),
(2178, 'test2021-12-08 00:42:03'),
(2179, 'test2021-12-08 00:48:03'),
(2180, 'test2021-12-08 00:54:03'),
(2181, 'test2021-12-08 01:00:06'),
(2182, 'test2021-12-08 01:06:02'),
(2183, 'test2021-12-08 01:12:03'),
(2184, 'test2021-12-08 01:18:04'),
(2185, 'test2021-12-08 01:24:04'),
(2186, 'test2021-12-08 01:30:05'),
(2187, 'test2021-12-08 01:36:03'),
(2188, 'test2021-12-08 01:42:04'),
(2189, 'test2021-12-08 01:48:03'),
(2190, 'test2021-12-08 01:54:03'),
(2191, 'test2021-12-08 02:00:07'),
(2192, 'test2021-12-08 02:06:03'),
(2193, 'test2021-12-08 02:12:02'),
(2194, 'test2021-12-08 02:18:03'),
(2195, 'test2021-12-08 02:24:03'),
(2196, 'test2021-12-08 02:30:05'),
(2197, 'test2021-12-08 02:36:03'),
(2198, 'test2021-12-08 02:42:04'),
(2199, 'test2021-12-08 02:48:03'),
(2200, 'test2021-12-08 02:54:03'),
(2201, 'test2021-12-08 03:00:07'),
(2202, 'test2021-12-08 03:06:02'),
(2203, 'test2021-12-08 03:12:03'),
(2204, 'test2021-12-08 03:18:03'),
(2205, 'test2021-12-08 03:24:03'),
(2206, 'test2021-12-08 03:30:04'),
(2207, 'test2021-12-08 03:36:03'),
(2208, 'test2021-12-08 03:42:03'),
(2209, 'test2021-12-08 03:48:02'),
(2210, 'test2021-12-08 03:54:03'),
(2211, 'test2021-12-08 04:00:08'),
(2212, 'test2021-12-08 04:06:03'),
(2213, 'test2021-12-08 04:12:02'),
(2214, 'test2021-12-08 04:18:04'),
(2215, 'test2021-12-08 04:24:04'),
(2216, 'test2021-12-08 04:30:06'),
(2217, 'test2021-12-08 04:36:03'),
(2218, 'test2021-12-08 04:42:03'),
(2219, 'test2021-12-08 04:48:04'),
(2220, 'test2021-12-08 04:54:03'),
(2221, 'test2021-12-08 05:00:07'),
(2222, 'test2021-12-08 05:06:02'),
(2223, 'test2021-12-08 05:12:02'),
(2224, 'test2021-12-08 05:18:03'),
(2225, 'test2021-12-08 05:24:03'),
(2226, 'test2021-12-08 05:30:05'),
(2227, 'test2021-12-08 05:36:03'),
(2228, 'test2021-12-08 05:42:02'),
(2229, 'test2021-12-08 05:48:03'),
(2230, 'test2021-12-08 05:54:03'),
(2231, 'test2021-12-08 06:00:08'),
(2232, 'test2021-12-08 06:06:02'),
(2233, 'test2021-12-08 06:12:02'),
(2234, 'test2021-12-08 06:18:04'),
(2235, 'test2021-12-08 06:24:03'),
(2236, 'test2021-12-08 06:30:06'),
(2237, 'test2021-12-08 06:36:03'),
(2238, 'test2021-12-08 06:42:04'),
(2239, 'test2021-12-08 06:48:03'),
(2240, 'test2021-12-08 06:54:03'),
(2241, 'test2021-12-08 07:00:10'),
(2242, 'test2021-12-08 07:06:02'),
(2243, 'test2021-12-08 07:12:02'),
(2244, 'test2021-12-08 07:18:03'),
(2245, 'test2021-12-08 07:24:03'),
(2246, 'test2021-12-08 07:30:05'),
(2247, 'test2021-12-08 07:36:03'),
(2248, 'test2021-12-08 07:42:03'),
(2249, 'test2021-12-08 07:48:03'),
(2250, 'test2021-12-08 07:54:03'),
(2251, 'test2021-12-08 08:00:06'),
(2252, 'test2021-12-08 08:06:03'),
(2253, 'test2021-12-08 08:12:02'),
(2254, 'test2021-12-08 08:18:03'),
(2255, 'test2021-12-08 08:24:03'),
(2256, 'test2021-12-08 08:30:04'),
(2257, 'test2021-12-08 08:36:03'),
(2258, 'test2021-12-08 08:42:03'),
(2259, 'test2021-12-08 08:48:03'),
(2260, 'test2021-12-08 08:54:03'),
(2261, 'test2021-12-08 09:00:07'),
(2262, 'test2021-12-08 09:06:02'),
(2263, 'test2021-12-08 09:12:02'),
(2264, 'test2021-12-08 09:18:03'),
(2265, 'test2021-12-08 09:24:03'),
(2266, 'test2021-12-08 09:30:06'),
(2267, 'test2021-12-08 09:36:04'),
(2268, 'test2021-12-08 09:42:04'),
(2269, 'test2021-12-08 09:48:04'),
(2270, 'test2021-12-08 09:54:03'),
(2271, 'test2021-12-08 10:00:08'),
(2272, 'test2021-12-08 10:06:02'),
(2273, 'test2021-12-08 10:12:03'),
(2274, 'test2021-12-08 10:18:03'),
(2275, 'test2021-12-08 10:24:03'),
(2276, 'test2021-12-08 10:30:05'),
(2277, 'test2021-12-08 10:36:03'),
(2278, 'test2021-12-08 10:42:01'),
(2279, 'test2021-12-08 10:48:04'),
(2280, 'test2021-12-08 10:54:03'),
(2281, 'test2021-12-08 11:00:07'),
(2282, 'test2021-12-08 11:06:02'),
(2283, 'test2021-12-08 11:12:02'),
(2284, 'test2021-12-08 11:18:03'),
(2285, 'test2021-12-08 11:24:05'),
(2286, 'test2021-12-08 11:30:04'),
(2287, 'test2021-12-08 11:36:01'),
(2288, 'test2021-12-08 11:42:03'),
(2289, 'test2021-12-08 11:48:03'),
(2290, 'test2021-12-08 11:54:03'),
(2291, 'test2021-12-08 12:00:09'),
(2292, 'test2021-12-08 12:06:02'),
(2293, 'test2021-12-08 12:12:02'),
(2294, 'test2021-12-08 12:18:04'),
(2295, 'test2021-12-08 12:24:03'),
(2296, 'test2021-12-08 12:30:05'),
(2297, 'test2021-12-08 12:36:03'),
(2298, 'test2021-12-08 12:42:04'),
(2299, 'test2021-12-08 12:48:03'),
(2300, 'test2021-12-08 12:54:03'),
(2301, 'test2021-12-08 13:00:07'),
(2302, 'test2021-12-08 13:06:03'),
(2303, 'test2021-12-08 13:12:03'),
(2304, 'test2021-12-08 13:18:04'),
(2305, 'test2021-12-08 13:24:03'),
(2306, 'test2021-12-08 13:30:04'),
(2307, 'test2021-12-08 13:36:04'),
(2308, 'test2021-12-08 13:42:03'),
(2309, 'test2021-12-08 13:48:03'),
(2310, 'test2021-12-08 13:54:05'),
(2311, 'test2021-12-08 14:00:07'),
(2312, 'test2021-12-08 14:06:02'),
(2313, 'test2021-12-08 14:12:02'),
(2314, 'test2021-12-08 14:18:03'),
(2315, 'test2021-12-08 14:24:03'),
(2316, 'test2021-12-08 14:30:05'),
(2317, 'test2021-12-08 14:36:02'),
(2318, 'test2021-12-08 14:42:02'),
(2319, 'test2021-12-08 14:48:03'),
(2320, 'test2021-12-08 14:54:03'),
(2321, 'test2021-12-08 15:00:07'),
(2322, 'test2021-12-08 15:06:02'),
(2323, 'test2021-12-08 15:12:03'),
(2324, 'test2021-12-08 15:18:04'),
(2325, 'test2021-12-08 15:24:03'),
(2326, 'test2021-12-08 15:30:04'),
(2327, 'test2021-12-08 15:36:04'),
(2328, 'test2021-12-08 15:42:04'),
(2329, 'test2021-12-08 15:48:02'),
(2330, 'test2021-12-08 15:54:03'),
(2331, 'test2021-12-08 16:00:07'),
(2332, 'test2021-12-08 16:06:02'),
(2333, 'test2021-12-08 16:12:02'),
(2334, 'test2021-12-08 16:18:04'),
(2335, 'test2021-12-08 16:24:05'),
(2336, 'test2021-12-08 16:30:05'),
(2337, 'test2021-12-08 16:36:03'),
(2338, 'test2021-12-08 16:42:03'),
(2339, 'test2021-12-08 16:48:03'),
(2340, 'test2021-12-08 16:54:03'),
(2341, 'test2021-12-08 17:00:07'),
(2342, 'test2021-12-08 17:06:02'),
(2343, 'test2021-12-08 17:12:02'),
(2344, 'test2021-12-08 17:18:03'),
(2345, 'test2021-12-08 17:24:04'),
(2346, 'test2021-12-08 17:30:04'),
(2347, 'test2021-12-08 17:36:02'),
(2348, 'test2021-12-08 17:42:03'),
(2349, 'test2021-12-08 17:48:03'),
(2350, 'test2021-12-08 17:54:02'),
(2351, 'test2021-12-08 18:00:06'),
(2352, 'test2021-12-08 18:06:02'),
(2353, 'test2021-12-08 18:12:02'),
(2354, 'test2021-12-08 18:18:03'),
(2355, 'test2021-12-08 18:24:02'),
(2356, 'test2021-12-08 18:30:04'),
(2357, 'test2021-12-08 18:36:04'),
(2358, 'test2021-12-08 18:42:03'),
(2359, 'test2021-12-08 18:48:03'),
(2360, 'test2021-12-08 18:54:03'),
(2361, 'test2021-12-08 19:00:07'),
(2362, 'test2021-12-08 19:06:02'),
(2363, 'test2021-12-08 19:12:02'),
(2364, 'test2021-12-08 19:18:04'),
(2365, 'test2021-12-08 19:24:03'),
(2366, 'test2021-12-08 19:30:05'),
(2367, 'test2021-12-08 19:36:03'),
(2368, 'test2021-12-08 19:42:03'),
(2369, 'test2021-12-08 19:48:03'),
(2370, 'test2021-12-08 19:54:03'),
(2371, 'test2021-12-08 20:00:05'),
(2372, 'test2021-12-08 20:06:02'),
(2373, 'test2021-12-08 20:12:03'),
(2374, 'test2021-12-08 20:18:03'),
(2375, 'test2021-12-08 20:24:04'),
(2376, 'test2021-12-08 20:30:05'),
(2377, 'test2021-12-08 20:36:03'),
(2378, 'test2021-12-08 20:42:04'),
(2379, 'test2021-12-08 20:48:04'),
(2380, 'test2021-12-08 20:54:04'),
(2381, 'test2021-12-08 21:00:08'),
(2382, 'test2021-12-08 21:06:02'),
(2383, 'test2021-12-08 21:12:02'),
(2384, 'test2021-12-08 21:18:03'),
(2385, 'test2021-12-08 21:24:02'),
(2386, 'test2021-12-08 21:30:03'),
(2387, 'test2021-12-08 21:36:03'),
(2388, 'test2021-12-08 21:42:03'),
(2389, 'test2021-12-08 21:48:04'),
(2390, 'test2021-12-08 21:54:03'),
(2391, 'test2021-12-08 22:00:07'),
(2392, 'test2021-12-08 22:06:02'),
(2393, 'test2021-12-08 22:12:02'),
(2394, 'test2021-12-08 22:18:03'),
(2395, 'test2021-12-08 22:24:03'),
(2396, 'test2021-12-08 22:30:03'),
(2397, 'test2021-12-08 22:36:03'),
(2398, 'test2021-12-08 22:42:03'),
(2399, 'test2021-12-08 22:48:03'),
(2400, 'test2021-12-08 22:54:03'),
(2401, 'test2021-12-08 23:00:07'),
(2402, 'test2021-12-08 23:06:02'),
(2403, 'test2021-12-08 23:12:02'),
(2404, 'test2021-12-08 23:18:04'),
(2405, 'test2021-12-08 23:24:03'),
(2406, 'test2021-12-08 23:30:05'),
(2407, 'test2021-12-08 23:36:03'),
(2408, 'test2021-12-08 23:42:03'),
(2409, 'test2021-12-08 23:48:03'),
(2410, 'test2021-12-08 23:54:02'),
(2411, 'test2021-12-09 00:00:11'),
(2412, 'test2021-12-09 00:06:02'),
(2413, 'test2021-12-09 00:12:02'),
(2414, 'test2021-12-09 00:18:03'),
(2415, 'test2021-12-09 00:24:03'),
(2416, 'test2021-12-09 00:30:04'),
(2417, 'test2021-12-09 00:36:03'),
(2418, 'test2021-12-09 00:42:03'),
(2419, 'test2021-12-09 00:48:02'),
(2420, 'test2021-12-09 00:54:03'),
(2421, 'test2021-12-09 01:00:05'),
(2422, 'test2021-12-09 01:06:02'),
(2423, 'test2021-12-09 01:12:02'),
(2424, 'test2021-12-09 01:18:02'),
(2425, 'test2021-12-09 01:24:03'),
(2426, 'test2021-12-09 01:30:04'),
(2427, 'test2021-12-09 01:36:02'),
(2428, 'test2021-12-09 01:42:03'),
(2429, 'test2021-12-09 01:48:02'),
(2430, 'test2021-12-09 01:54:03'),
(2431, 'test2021-12-09 02:00:07'),
(2432, 'test2021-12-09 02:06:02'),
(2433, 'test2021-12-09 02:12:02'),
(2434, 'test2021-12-09 02:18:03'),
(2435, 'test2021-12-09 02:24:03'),
(2436, 'test2021-12-09 02:30:04'),
(2437, 'test2021-12-09 02:36:02'),
(2438, 'test2021-12-09 02:42:04'),
(2439, 'test2021-12-09 02:48:03'),
(2440, 'test2021-12-09 02:54:03'),
(2441, 'test2021-12-09 03:00:06'),
(2442, 'test2021-12-09 03:06:02'),
(2443, 'test2021-12-09 03:12:02'),
(2444, 'test2021-12-09 03:18:03'),
(2445, 'test2021-12-09 03:24:03'),
(2446, 'test2021-12-09 03:30:04'),
(2447, 'test2021-12-09 03:36:03'),
(2448, 'test2021-12-09 03:42:03'),
(2449, 'test2021-12-09 03:48:03'),
(2450, 'test2021-12-09 03:54:03'),
(2451, 'test2021-12-09 04:00:07'),
(2452, 'test2021-12-09 04:06:02'),
(2453, 'test2021-12-09 04:12:02'),
(2454, 'test2021-12-09 04:18:03'),
(2455, 'test2021-12-09 04:24:03'),
(2456, 'test2021-12-09 04:30:06'),
(2457, 'test2021-12-09 04:36:03'),
(2458, 'test2021-12-09 04:42:02'),
(2459, 'test2021-12-09 04:48:03'),
(2460, 'test2021-12-09 04:54:03'),
(2461, 'test2021-12-09 05:00:07'),
(2462, 'test2021-12-09 05:06:03'),
(2463, 'test2021-12-09 05:12:02'),
(2464, 'test2021-12-09 05:18:03'),
(2465, 'test2021-12-09 05:24:02'),
(2466, 'test2021-12-09 05:30:04'),
(2467, 'test2021-12-09 05:36:03'),
(2468, 'test2021-12-09 05:42:02'),
(2469, 'test2021-12-09 05:48:03'),
(2470, 'test2021-12-09 05:54:02'),
(2471, 'test2021-12-09 06:00:06'),
(2472, 'test2021-12-09 06:06:02'),
(2473, 'test2021-12-09 06:12:02'),
(2474, 'test2021-12-09 06:18:03'),
(2475, 'test2021-12-09 06:24:03'),
(2476, 'test2021-12-09 06:30:04'),
(2477, 'test2021-12-09 06:36:03'),
(2478, 'test2021-12-09 06:42:03'),
(2479, 'test2021-12-09 06:48:02'),
(2480, 'test2021-12-09 06:54:03'),
(2481, 'test2021-12-09 07:00:06'),
(2482, 'test2021-12-09 07:06:02'),
(2483, 'test2021-12-09 07:12:02'),
(2484, 'test2021-12-09 07:18:03'),
(2485, 'test2021-12-09 07:24:03'),
(2486, 'test2021-12-09 07:30:04'),
(2487, 'test2021-12-09 07:36:04'),
(2488, 'test2021-12-09 07:42:03'),
(2489, 'test2021-12-09 07:48:04'),
(2490, 'test2021-12-09 07:54:03'),
(2491, 'test2021-12-09 08:00:06'),
(2492, 'test2021-12-09 08:06:02'),
(2493, 'test2021-12-09 08:12:02'),
(2494, 'test2021-12-09 08:18:04'),
(2495, 'test2021-12-09 08:24:03'),
(2496, 'test2021-12-09 08:30:04'),
(2497, 'test2021-12-09 08:36:04'),
(2498, 'test2021-12-09 08:42:03'),
(2499, 'test2021-12-09 08:48:03'),
(2500, 'test2021-12-09 08:54:03'),
(2501, 'test2021-12-09 09:00:10'),
(2502, 'test2021-12-09 09:06:02'),
(2503, 'test2021-12-09 09:12:03'),
(2504, 'test2021-12-09 09:18:03'),
(2505, 'test2021-12-09 09:24:04'),
(2506, 'test2021-12-09 09:30:05'),
(2507, 'test2021-12-09 09:36:03'),
(2508, 'test2021-12-09 09:42:03'),
(2509, 'test2021-12-09 09:48:04'),
(2510, 'test2021-12-09 09:54:02'),
(2511, 'test2021-12-09 10:00:09'),
(2512, 'test2021-12-09 10:06:03'),
(2513, 'test2021-12-09 10:12:02'),
(2514, 'test2021-12-09 10:18:03'),
(2515, 'test2021-12-09 10:24:03'),
(2516, 'test2021-12-09 10:30:05'),
(2517, 'test2021-12-09 10:36:05'),
(2518, 'test2021-12-09 10:42:03'),
(2519, 'test2021-12-09 10:48:03'),
(2520, 'test2021-12-09 10:54:04'),
(2521, 'test2021-12-09 11:00:07'),
(2522, 'test2021-12-09 11:06:02'),
(2523, 'test2021-12-09 11:12:02'),
(2524, 'test2021-12-09 11:18:04'),
(2525, 'test2021-12-09 11:24:03'),
(2526, 'test2021-12-09 11:30:06'),
(2527, 'test2021-12-09 11:36:05'),
(2528, 'test2021-12-09 11:42:04'),
(2529, 'test2021-12-09 11:48:03'),
(2530, 'test2021-12-09 11:54:03'),
(2531, 'test2021-12-09 12:00:09'),
(2532, 'test2021-12-09 12:06:02'),
(2533, 'test2021-12-09 12:12:02'),
(2534, 'test2021-12-09 12:18:04'),
(2535, 'test2021-12-09 12:24:03'),
(2536, 'test2021-12-09 12:30:04'),
(2537, 'test2021-12-09 12:36:04'),
(2538, 'test2021-12-09 12:42:03'),
(2539, 'test2021-12-09 12:48:04'),
(2540, 'test2021-12-09 12:54:02'),
(2541, 'test2021-12-09 13:00:06'),
(2542, 'test2021-12-09 13:06:03'),
(2543, 'test2021-12-09 13:12:02'),
(2544, 'test2021-12-09 13:18:03'),
(2545, 'test2021-12-09 13:24:03'),
(2546, 'test2021-12-09 13:30:04'),
(2547, 'test2021-12-09 13:36:04'),
(2548, 'test2021-12-09 13:42:03'),
(2549, 'test2021-12-09 13:48:03'),
(2550, 'test2021-12-09 13:54:03'),
(2551, 'test2021-12-09 14:00:08'),
(2552, 'test2021-12-09 14:06:03'),
(2553, 'test2021-12-09 14:12:02'),
(2554, 'test2021-12-09 14:18:04'),
(2555, 'test2021-12-09 14:24:04'),
(2556, 'test2021-12-09 14:30:05'),
(2557, 'test2021-12-09 14:36:03'),
(2558, 'test2021-12-09 14:42:04'),
(2559, 'test2021-12-09 14:48:04'),
(2560, 'test2021-12-09 14:54:03'),
(2561, 'test2021-12-09 15:00:07'),
(2562, 'test2021-12-09 15:06:02'),
(2563, 'test2021-12-09 15:12:02'),
(2564, 'test2021-12-09 15:18:03'),
(2565, 'test2021-12-09 15:24:05'),
(2566, 'test2021-12-09 15:30:04'),
(2567, 'test2021-12-09 15:36:03'),
(2568, 'test2021-12-09 15:42:03'),
(2569, 'test2021-12-09 15:48:03'),
(2570, 'test2021-12-09 15:54:03'),
(2571, 'test2021-12-09 16:00:08'),
(2572, 'test2021-12-09 16:06:02'),
(2573, 'test2021-12-09 16:12:03'),
(2574, 'test2021-12-09 16:18:03'),
(2575, 'test2021-12-09 16:24:04'),
(2576, 'test2021-12-09 16:30:04'),
(2577, 'test2021-12-09 16:36:03'),
(2578, 'test2021-12-09 16:42:03'),
(2579, 'test2021-12-09 16:48:04'),
(2580, 'test2021-12-09 16:54:03'),
(2581, 'test2021-12-09 17:00:07'),
(2582, 'test2021-12-09 17:06:02'),
(2583, 'test2021-12-09 17:12:02'),
(2584, 'test2021-12-09 17:18:03'),
(2585, 'test2021-12-09 17:24:04'),
(2586, 'test2021-12-09 17:30:04'),
(2587, 'test2021-12-09 17:36:03'),
(2588, 'test2021-12-09 17:42:03'),
(2589, 'test2021-12-09 17:48:03'),
(2590, 'test2021-12-09 17:54:03'),
(2591, 'test2021-12-09 18:00:06'),
(2592, 'test2021-12-09 18:06:03'),
(2593, 'test2021-12-09 18:12:02'),
(2594, 'test2021-12-09 18:18:04'),
(2595, 'test2021-12-09 18:24:03'),
(2596, 'test2021-12-09 18:30:05'),
(2597, 'test2021-12-09 18:36:04'),
(2598, 'test2021-12-09 18:42:03'),
(2599, 'test2021-12-09 18:48:03'),
(2600, 'test2021-12-09 18:54:03'),
(2601, 'test2021-12-09 19:00:07'),
(2602, 'test2021-12-09 19:06:03'),
(2603, 'test2021-12-09 19:12:02'),
(2604, 'test2021-12-09 19:18:02'),
(2605, 'test2021-12-09 19:24:03'),
(2606, 'test2021-12-09 19:30:04'),
(2607, 'test2021-12-09 19:36:02'),
(2608, 'test2021-12-09 19:42:03'),
(2609, 'test2021-12-09 19:48:02'),
(2610, 'test2021-12-09 19:54:03'),
(2611, 'test2021-12-09 20:00:07'),
(2612, 'test2021-12-09 20:06:03'),
(2613, 'test2021-12-09 20:12:03'),
(2614, 'test2021-12-09 20:18:03'),
(2615, 'test2021-12-09 20:24:03'),
(2616, 'test2021-12-09 20:30:03'),
(2617, 'test2021-12-09 20:36:02'),
(2618, 'test2021-12-09 20:42:03'),
(2619, 'test2021-12-09 20:48:04'),
(2620, 'test2021-12-09 20:54:02'),
(2621, 'test2021-12-09 21:00:07'),
(2622, 'test2021-12-09 21:06:02'),
(2623, 'test2021-12-09 21:12:02'),
(2624, 'test2021-12-09 21:18:01'),
(2625, 'test2021-12-09 21:24:05'),
(2626, 'test2021-12-09 21:30:06'),
(2627, 'test2021-12-09 21:36:03'),
(2628, 'test2021-12-09 21:42:04'),
(2629, 'test2021-12-09 21:48:05'),
(2630, 'test2021-12-09 21:54:03'),
(2631, 'test2021-12-09 22:00:08'),
(2632, 'test2021-12-09 22:06:04'),
(2633, 'test2021-12-09 22:12:02'),
(2634, 'test2021-12-09 22:18:04'),
(2635, 'test2021-12-09 22:24:05'),
(2636, 'test2021-12-09 22:30:05'),
(2637, 'test2021-12-09 22:36:05'),
(2638, 'test2021-12-09 22:42:04'),
(2639, 'test2021-12-09 22:48:04'),
(2640, 'test2021-12-09 22:54:05'),
(2641, 'test2021-12-09 23:00:08'),
(2642, 'test2021-12-09 23:06:02'),
(2643, 'test2021-12-09 23:12:03'),
(2644, 'test2021-12-09 23:18:03'),
(2645, 'test2021-12-09 23:24:04'),
(2646, 'test2021-12-09 23:30:06'),
(2647, 'test2021-12-09 23:36:04'),
(2648, 'test2021-12-09 23:42:04'),
(2649, 'test2021-12-09 23:48:03'),
(2650, 'test2021-12-09 23:54:03'),
(2651, 'test2021-12-10 00:00:10'),
(2652, 'test2021-12-10 00:06:03'),
(2653, 'test2021-12-10 00:12:03'),
(2654, 'test2021-12-10 00:18:04'),
(2655, 'test2021-12-10 00:24:04'),
(2656, 'test2021-12-10 00:30:05'),
(2657, 'test2021-12-10 00:36:03'),
(2658, 'test2021-12-10 00:42:05'),
(2659, 'test2021-12-10 00:48:04'),
(2660, 'test2021-12-10 00:54:04'),
(2661, 'test2021-12-10 01:00:08'),
(2662, 'test2021-12-10 01:06:03'),
(2663, 'test2021-12-10 01:12:02'),
(2664, 'test2021-12-10 01:18:04'),
(2665, 'test2021-12-10 01:24:05'),
(2666, 'test2021-12-10 01:30:06'),
(2667, 'test2021-12-10 01:36:04'),
(2668, 'test2021-12-10 01:42:03'),
(2669, 'test2021-12-10 01:48:04'),
(2670, 'test2021-12-10 01:54:03'),
(2671, 'test2021-12-10 02:00:08'),
(2672, 'test2021-12-10 02:06:02'),
(2673, 'test2021-12-10 02:12:03'),
(2674, 'test2021-12-10 02:18:03'),
(2675, 'test2021-12-10 02:24:04'),
(2676, 'test2021-12-10 02:30:06'),
(2677, 'test2021-12-10 02:36:04'),
(2678, 'test2021-12-10 02:42:05'),
(2679, 'test2021-12-10 02:48:04'),
(2680, 'test2021-12-10 02:54:03'),
(2681, 'test2021-12-10 03:00:08'),
(2682, 'test2021-12-10 03:06:02'),
(2683, 'test2021-12-10 03:12:02'),
(2684, 'test2021-12-10 03:18:03'),
(2685, 'test2021-12-10 03:24:03'),
(2686, 'test2021-12-10 03:30:06'),
(2687, 'test2021-12-10 03:36:03'),
(2688, 'test2021-12-10 03:42:20'),
(2689, 'test2021-12-10 03:48:03'),
(2690, 'test2021-12-10 03:54:04'),
(2691, 'test2021-12-10 04:00:07'),
(2692, 'test2021-12-10 04:06:02'),
(2693, 'test2021-12-10 04:12:02'),
(2694, 'test2021-12-10 04:18:04'),
(2695, 'test2021-12-10 04:24:04'),
(2696, 'test2021-12-10 04:30:05'),
(2697, 'test2021-12-10 04:36:03'),
(2698, 'test2021-12-10 04:42:04'),
(2699, 'test2021-12-10 04:48:03'),
(2700, 'test2021-12-10 04:54:04'),
(2701, 'test2021-12-10 05:00:08'),
(2702, 'test2021-12-10 05:06:02'),
(2703, 'test2021-12-10 05:12:02'),
(2704, 'test2021-12-10 05:18:04'),
(2705, 'test2021-12-10 05:24:04'),
(2706, 'test2021-12-10 05:30:07'),
(2707, 'test2021-12-10 05:36:03'),
(2708, 'test2021-12-10 05:42:03'),
(2709, 'test2021-12-10 05:48:04'),
(2710, 'test2021-12-10 05:54:03'),
(2711, 'test2021-12-10 06:00:07'),
(2712, 'test2021-12-10 06:06:02'),
(2713, 'test2021-12-10 06:12:02'),
(2714, 'test2021-12-10 06:18:03'),
(2715, 'test2021-12-10 06:24:04'),
(2716, 'test2021-12-10 06:30:05'),
(2717, 'test2021-12-10 06:36:03'),
(2718, 'test2021-12-10 06:42:03'),
(2719, 'test2021-12-10 06:48:03'),
(2720, 'test2021-12-10 06:54:03'),
(2721, 'test2021-12-10 07:00:09'),
(2722, 'test2021-12-10 07:06:02'),
(2723, 'test2021-12-10 07:12:02'),
(2724, 'test2021-12-10 07:18:04'),
(2725, 'test2021-12-10 07:24:04'),
(2726, 'test2021-12-10 07:30:05'),
(2727, 'test2021-12-10 07:36:04'),
(2728, 'test2021-12-10 07:42:03'),
(2729, 'test2021-12-10 07:48:04'),
(2730, 'test2021-12-10 07:54:04'),
(2731, 'test2021-12-10 08:00:07'),
(2732, 'test2021-12-10 08:06:02'),
(2733, 'test2021-12-10 08:12:03'),
(2734, 'test2021-12-10 08:18:03'),
(2735, 'test2021-12-10 08:24:03'),
(2736, 'test2021-12-10 08:30:06'),
(2737, 'test2021-12-10 08:36:03'),
(2738, 'test2021-12-10 08:42:03'),
(2739, 'test2021-12-10 08:48:03'),
(2740, 'test2021-12-10 08:54:04'),
(2741, 'test2021-12-10 09:00:06'),
(2742, 'test2021-12-10 09:06:03'),
(2743, 'test2021-12-10 09:12:03'),
(2744, 'test2021-12-10 09:18:02'),
(2745, 'test2021-12-10 09:24:03'),
(2746, 'test2021-12-10 09:30:04'),
(2747, 'test2021-12-10 09:36:04'),
(2748, 'test2021-12-10 09:42:03'),
(2749, 'test2021-12-10 09:48:04'),
(2750, 'test2021-12-10 09:54:03'),
(2751, 'test2021-12-10 10:00:08'),
(2752, 'test2021-12-10 10:06:03'),
(2753, 'test2021-12-10 10:12:02'),
(2754, 'test2021-12-10 10:18:03'),
(2755, 'test2021-12-10 10:24:03'),
(2756, 'test2021-12-10 10:30:06'),
(2757, 'test2021-12-10 10:36:04'),
(2758, 'test2021-12-10 10:42:03'),
(2759, 'test2021-12-10 10:48:03'),
(2760, 'test2021-12-10 10:54:04'),
(2761, 'test2021-12-10 11:00:07'),
(2762, 'test2021-12-10 11:06:03'),
(2763, 'test2021-12-10 11:12:03'),
(2764, 'test2021-12-10 11:18:03'),
(2765, 'test2021-12-10 11:24:03'),
(2766, 'test2021-12-10 11:30:06'),
(2767, 'test2021-12-10 11:36:04'),
(2768, 'test2021-12-10 11:42:02'),
(2769, 'test2021-12-10 11:48:03'),
(2770, 'test2021-12-10 11:54:04'),
(2771, 'test2021-12-10 12:00:10'),
(2772, 'test2021-12-10 12:06:03'),
(2773, 'test2021-12-10 12:12:02'),
(2774, 'test2021-12-10 12:18:03'),
(2775, 'test2021-12-10 12:24:03'),
(2776, 'test2021-12-10 12:30:04'),
(2777, 'test2021-12-10 12:36:03'),
(2778, 'test2021-12-10 12:42:03'),
(2779, 'test2021-12-10 12:48:04'),
(2780, 'test2021-12-10 12:54:03'),
(2781, 'test2021-12-10 13:00:08'),
(2782, 'test2021-12-10 13:06:02'),
(2783, 'test2021-12-10 13:12:02'),
(2784, 'test2021-12-10 13:18:04'),
(2785, 'test2021-12-10 13:24:03'),
(2786, 'test2021-12-10 13:30:06'),
(2787, 'test2021-12-10 13:36:03'),
(2788, 'test2021-12-10 13:42:04'),
(2789, 'test2021-12-10 13:48:03'),
(2790, 'test2021-12-10 13:54:03'),
(2791, 'test2021-12-10 14:00:07'),
(2792, 'test2021-12-10 14:06:02'),
(2793, 'test2021-12-10 14:12:02'),
(2794, 'test2021-12-10 14:18:04'),
(2795, 'test2021-12-10 14:24:04'),
(2796, 'test2021-12-10 14:30:05'),
(2797, 'test2021-12-10 14:36:03'),
(2798, 'test2021-12-10 14:42:03'),
(2799, 'test2021-12-10 14:48:04'),
(2800, 'test2021-12-10 14:54:03'),
(2801, 'test2021-12-10 15:00:07'),
(2802, 'test2021-12-10 15:06:02'),
(2803, 'test2021-12-10 15:12:02'),
(2804, 'test2021-12-10 15:18:04'),
(2805, 'test2021-12-10 15:24:05'),
(2806, 'test2021-12-10 15:30:05'),
(2807, 'test2021-12-10 15:36:04'),
(2808, 'test2021-12-10 15:42:03'),
(2809, 'test2021-12-10 15:48:03'),
(2810, 'test2021-12-10 15:54:03'),
(2811, 'test2021-12-10 16:00:08'),
(2812, 'test2021-12-10 16:06:02'),
(2813, 'test2021-12-10 16:12:03'),
(2814, 'test2021-12-10 16:18:04'),
(2815, 'test2021-12-10 16:24:03'),
(2816, 'test2021-12-10 16:30:05'),
(2817, 'test2021-12-10 16:36:03'),
(2818, 'test2021-12-10 16:42:03'),
(2819, 'test2021-12-10 16:48:03'),
(2820, 'test2021-12-10 16:54:03'),
(2821, 'test2021-12-10 17:00:08'),
(2822, 'test2021-12-10 17:06:03'),
(2823, 'test2021-12-10 17:12:02'),
(2824, 'test2021-12-10 17:18:02'),
(2825, 'test2021-12-10 17:24:03'),
(2826, 'test2021-12-10 17:30:05'),
(2827, 'test2021-12-10 17:36:03'),
(2828, 'test2021-12-10 17:42:03'),
(2829, 'test2021-12-10 17:48:03'),
(2830, 'test2021-12-10 17:54:03'),
(2831, 'test2021-12-10 18:00:08'),
(2832, 'test2021-12-10 18:06:02'),
(2833, 'test2021-12-10 18:12:02'),
(2834, 'test2021-12-10 18:18:03'),
(2835, 'test2021-12-10 18:24:03'),
(2836, 'test2021-12-10 18:30:04'),
(2837, 'test2021-12-10 18:36:04'),
(2838, 'test2021-12-10 18:42:03'),
(2839, 'test2021-12-10 18:48:04'),
(2840, 'test2021-12-10 18:54:03'),
(2841, 'test2021-12-10 19:00:07'),
(2842, 'test2021-12-10 19:06:03'),
(2843, 'test2021-12-10 19:12:03'),
(2844, 'test2021-12-10 19:18:03'),
(2845, 'test2021-12-10 19:24:04'),
(2846, 'test2021-12-10 19:30:05'),
(2847, 'test2021-12-10 19:36:04'),
(2848, 'test2021-12-10 19:42:03'),
(2849, 'test2021-12-10 19:48:03'),
(2850, 'test2021-12-10 19:54:03'),
(2851, 'test2021-12-10 20:00:06'),
(2852, 'test2021-12-10 20:06:02'),
(2853, 'test2021-12-10 20:12:02'),
(2854, 'test2021-12-10 20:18:03'),
(2855, 'test2021-12-10 20:24:04'),
(2856, 'test2021-12-10 20:30:05'),
(2857, 'test2021-12-10 20:36:03'),
(2858, 'test2021-12-10 20:42:04'),
(2859, 'test2021-12-10 20:48:03'),
(2860, 'test2021-12-10 20:54:04'),
(2861, 'test2021-12-10 21:00:08'),
(2862, 'test2021-12-10 21:06:02'),
(2863, 'test2021-12-10 21:12:02'),
(2864, 'test2021-12-10 21:18:03'),
(2865, 'test2021-12-10 21:24:04'),
(2866, 'test2021-12-10 21:30:05'),
(2867, 'test2021-12-10 21:36:03'),
(2868, 'test2021-12-10 21:42:03'),
(2869, 'test2021-12-10 21:48:04'),
(2870, 'test2021-12-10 21:54:03'),
(2871, 'test2021-12-10 22:00:07'),
(2872, 'test2021-12-10 22:06:03'),
(2873, 'test2021-12-10 22:12:03'),
(2874, 'test2021-12-10 22:18:04'),
(2875, 'test2021-12-10 22:24:03'),
(2876, 'test2021-12-10 22:30:04'),
(2877, 'test2021-12-10 22:36:04'),
(2878, 'test2021-12-10 22:42:03'),
(2879, 'test2021-12-10 22:48:03'),
(2880, 'test2021-12-10 22:54:03'),
(2881, 'test2021-12-10 23:00:07'),
(2882, 'test2021-12-10 23:06:02'),
(2883, 'test2021-12-10 23:12:02'),
(2884, 'test2021-12-10 23:18:04'),
(2885, 'test2021-12-10 23:24:04'),
(2886, 'test2021-12-10 23:30:04'),
(2887, 'test2021-12-10 23:36:03'),
(2888, 'test2021-12-10 23:42:04'),
(2889, 'test2021-12-10 23:48:04'),
(2890, 'test2021-12-10 23:54:03'),
(2891, 'test2021-12-11 00:00:10'),
(2892, 'test2021-12-11 00:06:02'),
(2893, 'test2021-12-11 00:12:02'),
(2894, 'test2021-12-11 00:18:03'),
(2895, 'test2021-12-11 00:24:04'),
(2896, 'test2021-12-11 00:30:05'),
(2897, 'test2021-12-11 00:36:03'),
(2898, 'test2021-12-11 00:42:02'),
(2899, 'test2021-12-11 00:48:03'),
(2900, 'test2021-12-11 00:54:03'),
(2901, 'test2021-12-11 01:00:05'),
(2902, 'test2021-12-11 01:06:03'),
(2903, 'test2021-12-11 01:12:02'),
(2904, 'test2021-12-11 01:18:04'),
(2905, 'test2021-12-11 01:24:04'),
(2906, 'test2021-12-11 01:30:05'),
(2907, 'test2021-12-11 01:36:03'),
(2908, 'test2021-12-11 01:42:03'),
(2909, 'test2021-12-11 01:48:03'),
(2910, 'test2021-12-11 01:54:03'),
(2911, 'test2021-12-11 02:00:06'),
(2912, 'test2021-12-11 02:06:02'),
(2913, 'test2021-12-11 02:12:02'),
(2914, 'test2021-12-11 02:18:04'),
(2915, 'test2021-12-11 02:24:02'),
(2916, 'test2021-12-11 02:30:04'),
(2917, 'test2021-12-11 02:36:02'),
(2918, 'test2021-12-11 02:42:03'),
(2919, 'test2021-12-11 02:48:03'),
(2920, 'test2021-12-11 02:54:04'),
(2921, 'test2021-12-11 03:00:04'),
(2922, 'test2021-12-11 03:06:02'),
(2923, 'test2021-12-11 03:12:02'),
(2924, 'test2021-12-11 03:18:02'),
(2925, 'test2021-12-11 03:24:02'),
(2926, 'test2021-12-11 03:30:04'),
(2927, 'test2021-12-11 03:36:03'),
(2928, 'test2021-12-11 03:42:02'),
(2929, 'test2021-12-11 03:48:03'),
(2930, 'test2021-12-11 03:54:02'),
(2931, 'test2021-12-11 04:00:07'),
(2932, 'test2021-12-11 04:06:02'),
(2933, 'test2021-12-11 04:12:02'),
(2934, 'test2021-12-11 04:18:03'),
(2935, 'test2021-12-11 04:24:03'),
(2936, 'test2021-12-11 04:30:04'),
(2937, 'test2021-12-11 04:36:02'),
(2938, 'test2021-12-11 04:42:02'),
(2939, 'test2021-12-11 04:48:03'),
(2940, 'test2021-12-11 04:54:03'),
(2941, 'test2021-12-11 05:00:06'),
(2942, 'test2021-12-11 05:06:03'),
(2943, 'test2021-12-11 05:12:02'),
(2944, 'test2021-12-11 05:18:03'),
(2945, 'test2021-12-11 05:24:03'),
(2946, 'test2021-12-11 05:30:05'),
(2947, 'test2021-12-11 05:36:03'),
(2948, 'test2021-12-11 05:42:03'),
(2949, 'test2021-12-11 05:48:03'),
(2950, 'test2021-12-11 05:54:03'),
(2951, 'test2021-12-11 06:00:07'),
(2952, 'test2021-12-11 06:06:02'),
(2953, 'test2021-12-11 06:12:02'),
(2954, 'test2021-12-11 06:18:03'),
(2955, 'test2021-12-11 06:24:03'),
(2956, 'test2021-12-11 06:30:03'),
(2957, 'test2021-12-11 06:36:03'),
(2958, 'test2021-12-11 06:42:04'),
(2959, 'test2021-12-11 06:48:03'),
(2960, 'test2021-12-11 06:54:02'),
(2961, 'test2021-12-11 07:00:09'),
(2962, 'test2021-12-11 07:06:02'),
(2963, 'test2021-12-11 07:12:02'),
(2964, 'test2021-12-11 07:18:04'),
(2965, 'test2021-12-11 07:24:03'),
(2966, 'test2021-12-11 07:30:04'),
(2967, 'test2021-12-11 07:36:04'),
(2968, 'test2021-12-11 07:42:03'),
(2969, 'test2021-12-11 07:48:03'),
(2970, 'test2021-12-11 07:54:03'),
(2971, 'test2021-12-11 08:00:07'),
(2972, 'test2021-12-11 08:06:02'),
(2973, 'test2021-12-11 08:12:02'),
(2974, 'test2021-12-11 08:18:04'),
(2975, 'test2021-12-11 08:24:03'),
(2976, 'test2021-12-11 08:30:04'),
(2977, 'test2021-12-11 08:36:03'),
(2978, 'test2021-12-11 08:42:03'),
(2979, 'test2021-12-11 08:48:03'),
(2980, 'test2021-12-11 08:54:03'),
(2981, 'test2021-12-11 09:00:09'),
(2982, 'test2021-12-11 09:06:02'),
(2983, 'test2021-12-11 09:12:02'),
(2984, 'test2021-12-11 09:18:03'),
(2985, 'test2021-12-11 09:24:03'),
(2986, 'test2021-12-11 09:30:04'),
(2987, 'test2021-12-11 09:36:02'),
(2988, 'test2021-12-11 09:42:02'),
(2989, 'test2021-12-11 09:48:02'),
(2990, 'test2021-12-11 09:54:02'),
(2991, 'test2021-12-11 10:00:07'),
(2992, 'test2021-12-11 10:06:03'),
(2993, 'test2021-12-11 10:12:02'),
(2994, 'test2021-12-11 10:18:03'),
(2995, 'test2021-12-11 10:24:03'),
(2996, 'test2021-12-11 10:30:03'),
(2997, 'test2021-12-11 10:36:03'),
(2998, 'test2021-12-11 10:42:03'),
(2999, 'test2021-12-11 10:48:03'),
(3000, 'test2021-12-11 10:54:03'),
(3001, 'test2021-12-11 11:00:07'),
(3002, 'test2021-12-11 11:06:01'),
(3003, 'test2021-12-11 11:12:03'),
(3004, 'test2021-12-11 11:18:04'),
(3005, 'test2021-12-11 11:24:03'),
(3006, 'test2021-12-11 11:30:05'),
(3007, 'test2021-12-11 11:36:03'),
(3008, 'test2021-12-11 11:42:03'),
(3009, 'test2021-12-11 11:48:04'),
(3010, 'test2021-12-11 11:54:04'),
(3011, 'test2021-12-11 12:00:09'),
(3012, 'test2021-12-11 12:06:02'),
(3013, 'test2021-12-11 12:12:02'),
(3014, 'test2021-12-11 12:18:04'),
(3015, 'test2021-12-11 12:24:02'),
(3016, 'test2021-12-11 12:30:04'),
(3017, 'test2021-12-11 12:36:03'),
(3018, 'test2021-12-11 12:42:03'),
(3019, 'test2021-12-11 12:48:04'),
(3020, 'test2021-12-11 12:54:03'),
(3021, 'test2021-12-11 13:00:07'),
(3022, 'test2021-12-11 13:06:03'),
(3023, 'test2021-12-11 13:12:02'),
(3024, 'test2021-12-11 13:18:04'),
(3025, 'test2021-12-11 13:24:03'),
(3026, 'test2021-12-11 13:30:04'),
(3027, 'test2021-12-11 13:36:03'),
(3028, 'test2021-12-11 13:42:03'),
(3029, 'test2021-12-11 13:48:04'),
(3030, 'test2021-12-11 13:54:03'),
(3031, 'test2021-12-11 14:00:08'),
(3032, 'test2021-12-11 14:06:02'),
(3033, 'test2021-12-11 14:12:02'),
(3034, 'test2021-12-11 14:18:03'),
(3035, 'test2021-12-11 14:24:04'),
(3036, 'test2021-12-11 14:30:04'),
(3037, 'test2021-12-11 14:36:04'),
(3038, 'test2021-12-11 14:42:03'),
(3039, 'test2021-12-11 14:48:03'),
(3040, 'test2021-12-11 14:54:03'),
(3041, 'test2021-12-11 15:00:06'),
(3042, 'test2021-12-11 15:06:02'),
(3043, 'test2021-12-11 15:12:03'),
(3044, 'test2021-12-11 15:18:04'),
(3045, 'test2021-12-11 15:24:03'),
(3046, 'test2021-12-11 15:30:04'),
(3047, 'test2021-12-11 15:36:03'),
(3048, 'test2021-12-11 15:42:03'),
(3049, 'test2021-12-11 15:48:02'),
(3050, 'test2021-12-11 15:54:03'),
(3051, 'test2021-12-11 16:00:07'),
(3052, 'test2021-12-11 16:06:02'),
(3053, 'test2021-12-11 16:12:02'),
(3054, 'test2021-12-11 16:18:03'),
(3055, 'test2021-12-11 16:24:03'),
(3056, 'test2021-12-11 16:30:04'),
(3057, 'test2021-12-11 16:36:03'),
(3058, 'test2021-12-11 16:42:04'),
(3059, 'test2021-12-11 16:48:03'),
(3060, 'test2021-12-11 16:54:02');
INSERT INTO `test` (`id`, `name`) VALUES
(3061, 'test2021-12-11 17:00:07'),
(3062, 'test2021-12-11 17:06:02'),
(3063, 'test2021-12-11 17:12:02'),
(3064, 'test2021-12-11 17:18:03'),
(3065, 'test2021-12-11 17:24:03'),
(3066, 'test2021-12-11 17:30:04'),
(3067, 'test2021-12-11 17:36:04'),
(3068, 'test2021-12-11 17:42:03'),
(3069, 'test2021-12-11 17:48:03'),
(3070, 'test2021-12-11 17:54:02'),
(3071, 'test2021-12-11 18:00:07'),
(3072, 'test2021-12-11 18:06:02'),
(3073, 'test2021-12-11 18:12:02'),
(3074, 'test2021-12-11 18:18:03'),
(3075, 'test2021-12-11 18:24:03'),
(3076, 'test2021-12-11 18:30:04'),
(3077, 'test2021-12-11 18:36:03'),
(3078, 'test2021-12-11 18:42:03'),
(3079, 'test2021-12-11 18:48:03'),
(3080, 'test2021-12-11 18:54:04'),
(3081, 'test2021-12-11 19:00:06'),
(3082, 'test2021-12-11 19:06:02'),
(3083, 'test2021-12-11 19:12:02'),
(3084, 'test2021-12-11 19:18:03'),
(3085, 'test2021-12-11 19:24:03'),
(3086, 'test2021-12-11 19:30:05'),
(3087, 'test2021-12-11 19:36:02'),
(3088, 'test2021-12-11 19:42:03'),
(3089, 'test2021-12-11 19:48:03'),
(3090, 'test2021-12-11 19:54:03'),
(3091, 'test2021-12-11 20:00:06'),
(3092, 'test2021-12-11 20:06:02'),
(3093, 'test2021-12-11 20:12:01'),
(3094, 'test2021-12-11 20:18:03'),
(3095, 'test2021-12-11 20:24:03'),
(3096, 'test2021-12-11 20:30:05'),
(3097, 'test2021-12-11 20:36:03'),
(3098, 'test2021-12-11 20:42:04'),
(3099, 'test2021-12-11 20:48:04'),
(3100, 'test2021-12-11 20:54:03'),
(3101, 'test2021-12-11 21:00:07'),
(3102, 'test2021-12-11 21:06:02'),
(3103, 'test2021-12-11 21:12:03'),
(3104, 'test2021-12-11 21:18:04'),
(3105, 'test2021-12-11 21:24:03'),
(3106, 'test2021-12-11 21:30:05'),
(3107, 'test2021-12-11 21:36:03'),
(3108, 'test2021-12-11 21:42:03'),
(3109, 'test2021-12-11 21:48:05'),
(3110, 'test2021-12-11 21:54:03'),
(3111, 'test2021-12-11 22:00:08'),
(3112, 'test2021-12-11 22:06:02'),
(3113, 'test2021-12-11 22:12:02'),
(3114, 'test2021-12-11 22:18:03'),
(3115, 'test2021-12-11 22:24:04'),
(3116, 'test2021-12-11 22:30:06'),
(3117, 'test2021-12-11 22:36:04'),
(3118, 'test2021-12-11 22:42:04'),
(3119, 'test2021-12-11 22:48:04'),
(3120, 'test2021-12-11 22:54:04'),
(3121, 'test2021-12-11 23:00:08'),
(3122, 'test2021-12-11 23:06:03'),
(3123, 'test2021-12-11 23:12:03'),
(3124, 'test2021-12-11 23:18:03'),
(3125, 'test2021-12-11 23:24:04'),
(3126, 'test2021-12-11 23:30:05'),
(3127, 'test2021-12-11 23:36:03'),
(3128, 'test2021-12-11 23:42:04'),
(3129, 'test2021-12-11 23:48:03'),
(3130, 'test2021-12-11 23:54:03'),
(3131, 'test2021-12-12 00:00:11'),
(3132, 'test2021-12-12 00:06:03'),
(3133, 'test2021-12-12 00:12:02'),
(3134, 'test2021-12-12 00:18:03'),
(3135, 'test2021-12-12 00:24:04'),
(3136, 'test2021-12-12 00:30:05'),
(3137, 'test2021-12-12 00:36:03'),
(3138, 'test2021-12-12 00:42:03'),
(3139, 'test2021-12-12 00:48:04'),
(3140, 'test2021-12-12 00:54:03'),
(3141, 'test2021-12-12 01:00:08'),
(3142, 'test2021-12-12 01:06:02'),
(3143, 'test2021-12-12 01:12:03'),
(3144, 'test2021-12-12 01:18:04'),
(3145, 'test2021-12-12 01:24:03'),
(3146, 'test2021-12-12 01:30:05'),
(3147, 'test2021-12-12 01:36:05'),
(3148, 'test2021-12-12 01:42:03'),
(3149, 'test2021-12-12 01:48:03'),
(3150, 'test2021-12-12 01:54:04'),
(3151, 'test2021-12-12 02:00:08'),
(3152, 'test2021-12-12 02:06:03'),
(3153, 'test2021-12-12 02:12:02'),
(3154, 'test2021-12-12 02:18:03'),
(3155, 'test2021-12-12 02:24:03'),
(3156, 'test2021-12-12 02:30:06'),
(3157, 'test2021-12-12 02:36:03'),
(3158, 'test2021-12-12 02:42:02'),
(3159, 'test2021-12-12 02:48:04'),
(3160, 'test2021-12-12 02:54:04'),
(3161, 'test2021-12-12 03:00:08'),
(3162, 'test2021-12-12 03:06:03'),
(3163, 'test2021-12-12 03:12:03'),
(3164, 'test2021-12-12 03:18:04'),
(3165, 'test2021-12-12 03:24:03'),
(3166, 'test2021-12-12 03:30:03'),
(3167, 'test2021-12-12 03:36:03'),
(3168, 'test2021-12-12 03:42:03'),
(3169, 'test2021-12-12 03:48:03'),
(3170, 'test2021-12-12 03:54:03'),
(3171, 'test2021-12-12 04:00:08'),
(3172, 'test2021-12-12 04:06:02'),
(3173, 'test2021-12-12 04:12:02'),
(3174, 'test2021-12-12 04:18:04'),
(3175, 'test2021-12-12 04:24:04'),
(3176, 'test2021-12-12 04:30:05'),
(3177, 'test2021-12-12 04:36:03'),
(3178, 'test2021-12-12 04:42:04'),
(3179, 'test2021-12-12 04:48:04'),
(3180, 'test2021-12-12 04:54:02'),
(3181, 'test2021-12-12 05:00:07'),
(3182, 'test2021-12-12 05:06:03'),
(3183, 'test2021-12-12 05:12:03'),
(3184, 'test2021-12-12 05:18:03'),
(3185, 'test2021-12-12 05:24:03'),
(3186, 'test2021-12-12 05:30:06'),
(3187, 'test2021-12-12 05:36:04'),
(3188, 'test2021-12-12 05:42:03'),
(3189, 'test2021-12-12 05:48:04'),
(3190, 'test2021-12-12 05:54:03'),
(3191, 'test2021-12-12 06:00:06'),
(3192, 'test2021-12-12 06:06:02'),
(3193, 'test2021-12-12 06:12:02'),
(3194, 'test2021-12-12 06:18:04'),
(3195, 'test2021-12-12 06:24:03'),
(3196, 'test2021-12-12 06:30:06'),
(3197, 'test2021-12-12 06:36:03'),
(3198, 'test2021-12-12 06:42:03'),
(3199, 'test2021-12-12 06:48:04'),
(3200, 'test2021-12-12 06:54:04'),
(3201, 'test2021-12-12 07:00:07'),
(3202, 'test2021-12-12 07:06:02'),
(3203, 'test2021-12-12 07:12:03'),
(3204, 'test2021-12-12 07:18:03'),
(3205, 'test2021-12-12 07:24:04'),
(3206, 'test2021-12-12 07:30:05'),
(3207, 'test2021-12-12 07:36:03'),
(3208, 'test2021-12-12 07:42:03'),
(3209, 'test2021-12-12 07:48:03'),
(3210, 'test2021-12-12 07:54:03'),
(3211, 'test2021-12-12 08:00:08'),
(3212, 'test2021-12-12 08:06:02'),
(3213, 'test2021-12-12 08:12:02'),
(3214, 'test2021-12-12 08:18:03'),
(3215, 'test2021-12-12 08:24:03'),
(3216, 'test2021-12-12 08:30:06'),
(3217, 'test2021-12-12 08:36:03'),
(3218, 'test2021-12-12 08:42:02'),
(3219, 'test2021-12-12 08:48:04'),
(3220, 'test2021-12-12 08:54:03'),
(3221, 'test2021-12-12 09:00:06'),
(3222, 'test2021-12-12 09:06:03'),
(3223, 'test2021-12-12 09:12:02'),
(3224, 'test2021-12-12 09:18:03'),
(3225, 'test2021-12-12 09:24:03'),
(3226, 'test2021-12-12 09:30:04'),
(3227, 'test2021-12-12 09:36:03'),
(3228, 'test2021-12-12 09:42:03'),
(3229, 'test2021-12-12 09:48:03'),
(3230, 'test2021-12-12 09:54:03'),
(3231, 'test2021-12-12 10:00:07'),
(3232, 'test2021-12-12 10:06:02'),
(3233, 'test2021-12-12 10:12:03'),
(3234, 'test2021-12-12 10:18:03'),
(3235, 'test2021-12-12 10:24:04'),
(3236, 'test2021-12-12 10:30:05'),
(3237, 'test2021-12-12 10:36:04'),
(3238, 'test2021-12-12 10:42:03'),
(3239, 'test2021-12-12 10:48:04'),
(3240, 'test2021-12-12 10:54:03'),
(3241, 'test2021-12-12 11:00:08'),
(3242, 'test2021-12-12 11:06:02'),
(3243, 'test2021-12-12 11:12:02'),
(3244, 'test2021-12-12 11:18:03'),
(3245, 'test2021-12-12 11:24:03'),
(3246, 'test2021-12-12 11:30:04'),
(3247, 'test2021-12-12 11:36:03'),
(3248, 'test2021-12-12 11:42:04'),
(3249, 'test2021-12-12 11:48:03'),
(3250, 'test2021-12-12 11:54:04'),
(3251, 'test2021-12-12 12:00:08'),
(3252, 'test2021-12-12 12:06:02'),
(3253, 'test2021-12-12 12:12:02'),
(3254, 'test2021-12-12 12:18:03'),
(3255, 'test2021-12-12 12:24:03'),
(3256, 'test2021-12-12 12:30:05'),
(3257, 'test2021-12-12 12:36:03'),
(3258, 'test2021-12-12 12:42:03'),
(3259, 'test2021-12-12 12:48:03'),
(3260, 'test2021-12-12 12:54:03'),
(3261, 'test2021-12-12 13:00:07'),
(3262, 'test2021-12-12 13:06:02'),
(3263, 'test2021-12-12 13:12:02'),
(3264, 'test2021-12-12 13:18:04'),
(3265, 'test2021-12-12 13:24:03'),
(3266, 'test2021-12-12 13:30:05'),
(3267, 'test2021-12-12 13:36:02'),
(3268, 'test2021-12-12 13:42:04'),
(3269, 'test2021-12-12 13:48:03'),
(3270, 'test2021-12-12 13:54:03'),
(3271, 'test2021-12-12 14:00:08'),
(3272, 'test2021-12-12 14:06:03'),
(3273, 'test2021-12-12 14:12:02'),
(3274, 'test2021-12-12 14:18:04'),
(3275, 'test2021-12-12 14:24:03'),
(3276, 'test2021-12-12 14:30:05'),
(3277, 'test2021-12-12 14:36:03'),
(3278, 'test2021-12-12 14:42:03'),
(3279, 'test2021-12-12 14:48:04'),
(3280, 'test2021-12-12 14:54:03'),
(3281, 'test2021-12-12 15:00:07'),
(3282, 'test2021-12-12 15:06:02'),
(3283, 'test2021-12-12 15:12:02'),
(3284, 'test2021-12-12 15:18:03'),
(3285, 'test2021-12-12 15:24:02'),
(3286, 'test2021-12-12 15:30:04'),
(3287, 'test2021-12-12 15:36:03'),
(3288, 'test2021-12-12 15:42:03'),
(3289, 'test2021-12-12 15:48:03'),
(3290, 'test2021-12-12 15:54:03'),
(3291, 'test2021-12-12 16:00:08'),
(3292, 'test2021-12-12 16:06:03'),
(3293, 'test2021-12-12 16:12:02'),
(3294, 'test2021-12-12 16:18:02'),
(3295, 'test2021-12-12 16:24:03'),
(3296, 'test2021-12-12 16:30:04'),
(3297, 'test2021-12-12 16:36:03'),
(3298, 'test2021-12-12 16:42:04'),
(3299, 'test2021-12-12 16:48:03'),
(3300, 'test2021-12-12 16:54:03'),
(3301, 'test2021-12-12 17:00:07'),
(3302, 'test2021-12-12 17:06:01'),
(3303, 'test2021-12-12 17:12:02'),
(3304, 'test2021-12-12 17:18:03'),
(3305, 'test2021-12-12 17:24:04'),
(3306, 'test2021-12-12 17:30:04'),
(3307, 'test2021-12-12 17:36:02'),
(3308, 'test2021-12-12 17:42:03'),
(3309, 'test2021-12-12 17:48:03'),
(3310, 'test2021-12-12 17:54:03'),
(3311, 'test2021-12-12 18:00:07'),
(3312, 'test2021-12-12 18:06:02'),
(3313, 'test2021-12-12 18:12:02'),
(3314, 'test2021-12-12 18:18:03'),
(3315, 'test2021-12-12 18:24:04'),
(3316, 'test2021-12-12 18:30:04'),
(3317, 'test2021-12-12 18:36:03'),
(3318, 'test2021-12-12 18:42:02'),
(3319, 'test2021-12-12 18:48:03'),
(3320, 'test2021-12-12 18:54:03'),
(3321, 'test2021-12-12 19:00:07'),
(3322, 'test2021-12-12 19:06:03'),
(3323, 'test2021-12-12 19:12:02'),
(3324, 'test2021-12-12 19:18:03'),
(3325, 'test2021-12-12 19:24:03'),
(3326, 'test2021-12-12 19:30:04'),
(3327, 'test2021-12-12 19:36:03'),
(3328, 'test2021-12-12 19:42:03'),
(3329, 'test2021-12-12 19:48:03'),
(3330, 'test2021-12-12 19:54:04'),
(3331, 'test2021-12-12 20:00:07'),
(3332, 'test2021-12-12 20:06:02'),
(3333, 'test2021-12-12 20:12:02'),
(3334, 'test2021-12-12 20:18:02'),
(3335, 'test2021-12-12 20:24:03'),
(3336, 'test2021-12-12 20:30:04'),
(3337, 'test2021-12-12 20:36:03'),
(3338, 'test2021-12-12 20:42:03'),
(3339, 'test2021-12-12 20:48:03'),
(3340, 'test2021-12-12 20:54:03'),
(3341, 'test2021-12-12 21:00:07'),
(3342, 'test2021-12-12 21:06:02'),
(3343, 'test2021-12-12 21:12:02'),
(3344, 'test2021-12-12 21:18:03'),
(3345, 'test2021-12-12 21:24:03'),
(3346, 'test2021-12-12 21:30:04'),
(3347, 'test2021-12-12 21:36:03'),
(3348, 'test2021-12-12 21:42:03'),
(3349, 'test2021-12-12 21:48:04'),
(3350, 'test2021-12-12 21:54:03'),
(3351, 'test2021-12-12 22:00:07'),
(3352, 'test2021-12-12 22:06:02'),
(3353, 'test2021-12-12 22:12:03'),
(3354, 'test2021-12-12 22:18:04'),
(3355, 'test2021-12-12 22:24:03'),
(3356, 'test2021-12-12 22:30:05'),
(3357, 'test2021-12-12 22:36:03'),
(3358, 'test2021-12-12 22:42:04'),
(3359, 'test2021-12-12 22:48:03'),
(3360, 'test2021-12-12 22:54:03'),
(3361, 'test2021-12-12 23:00:06'),
(3362, 'test2021-12-12 23:06:02'),
(3363, 'test2021-12-12 23:12:02'),
(3364, 'test2021-12-12 23:18:03'),
(3365, 'test2021-12-12 23:24:04'),
(3366, 'test2021-12-12 23:30:04'),
(3367, 'test2021-12-12 23:36:03'),
(3368, 'test2021-12-12 23:42:04'),
(3369, 'test2021-12-12 23:48:02'),
(3370, 'test2021-12-12 23:54:03'),
(3371, 'test2021-12-13 00:00:09'),
(3372, 'test2021-12-13 00:06:02'),
(3373, 'test2021-12-13 00:12:02'),
(3374, 'test2021-12-13 00:18:03'),
(3375, 'test2021-12-13 00:24:04'),
(3376, 'test2021-12-13 00:30:05'),
(3377, 'test2021-12-13 00:36:04'),
(3378, 'test2021-12-13 00:42:03'),
(3379, 'test2021-12-13 00:48:04'),
(3380, 'test2021-12-13 00:54:04'),
(3381, 'test2021-12-13 01:00:07'),
(3382, 'test2021-12-13 01:06:02'),
(3383, 'test2021-12-13 01:12:02'),
(3384, 'test2021-12-13 01:18:03'),
(3385, 'test2021-12-13 01:24:03'),
(3386, 'test2021-12-13 01:30:04'),
(3387, 'test2021-12-13 01:36:03'),
(3388, 'test2021-12-13 01:42:03'),
(3389, 'test2021-12-13 01:48:03'),
(3390, 'test2021-12-13 01:54:03'),
(3391, 'test2021-12-13 02:00:06'),
(3392, 'test2021-12-13 02:06:01'),
(3393, 'test2021-12-13 02:12:02'),
(3394, 'test2021-12-13 02:18:03'),
(3395, 'test2021-12-13 02:24:02'),
(3396, 'test2021-12-13 02:30:05'),
(3397, 'test2021-12-13 02:36:03'),
(3398, 'test2021-12-13 02:42:03'),
(3399, 'test2021-12-13 02:48:02'),
(3400, 'test2021-12-13 02:54:02'),
(3401, 'test2021-12-13 03:00:06'),
(3402, 'test2021-12-13 03:06:02'),
(3403, 'test2021-12-13 03:12:02'),
(3404, 'test2021-12-13 03:18:03'),
(3405, 'test2021-12-13 03:24:03'),
(3406, 'test2021-12-13 03:30:03'),
(3407, 'test2021-12-13 03:36:03'),
(3408, 'test2021-12-13 03:42:03'),
(3409, 'test2021-12-13 03:48:03'),
(3410, 'test2021-12-13 03:54:02'),
(3411, 'test2021-12-13 04:00:06'),
(3412, 'test2021-12-13 04:06:02'),
(3413, 'test2021-12-13 04:12:02'),
(3414, 'test2021-12-13 04:18:02'),
(3415, 'test2021-12-13 04:24:03'),
(3416, 'test2021-12-13 04:30:04'),
(3417, 'test2021-12-13 04:36:03'),
(3418, 'test2021-12-13 04:42:02'),
(3419, 'test2021-12-13 04:48:02'),
(3420, 'test2021-12-13 04:54:03'),
(3421, 'test2021-12-13 05:00:05'),
(3422, 'test2021-12-13 05:06:02'),
(3423, 'test2021-12-13 05:12:02'),
(3424, 'test2021-12-13 05:18:03'),
(3425, 'test2021-12-13 05:24:03'),
(3426, 'test2021-12-13 05:30:04'),
(3427, 'test2021-12-13 05:36:03'),
(3428, 'test2021-12-13 05:42:02'),
(3429, 'test2021-12-13 05:48:03'),
(3430, 'test2021-12-13 05:54:02'),
(3431, 'test2021-12-13 06:00:07'),
(3432, 'test2021-12-13 06:06:02'),
(3433, 'test2021-12-13 06:12:01'),
(3434, 'test2021-12-13 06:18:03'),
(3435, 'test2021-12-13 06:24:02'),
(3436, 'test2021-12-13 06:30:04'),
(3437, 'test2021-12-13 06:36:03'),
(3438, 'test2021-12-13 06:42:02'),
(3439, 'test2021-12-13 06:48:03'),
(3440, 'test2021-12-13 06:54:02'),
(3441, 'test2021-12-13 07:00:06'),
(3442, 'test2021-12-13 07:06:02'),
(3443, 'test2021-12-13 07:12:02'),
(3444, 'test2021-12-13 07:18:03'),
(3445, 'test2021-12-13 07:24:03'),
(3446, 'test2021-12-13 07:30:05'),
(3447, 'test2021-12-13 07:36:03'),
(3448, 'test2021-12-13 07:42:03'),
(3449, 'test2021-12-13 07:48:02'),
(3450, 'test2021-12-13 07:54:04'),
(3451, 'test2021-12-13 08:00:06'),
(3452, 'test2021-12-13 08:06:02'),
(3453, 'test2021-12-13 08:12:02'),
(3454, 'test2021-12-13 08:18:03'),
(3455, 'test2021-12-13 08:24:04'),
(3456, 'test2021-12-13 08:30:04'),
(3457, 'test2021-12-13 08:36:03'),
(3458, 'test2021-12-13 08:42:03'),
(3459, 'test2021-12-13 08:48:03'),
(3460, 'test2021-12-13 08:54:03'),
(3461, 'test2021-12-13 09:00:07'),
(3462, 'test2021-12-13 09:06:02'),
(3463, 'test2021-12-13 09:12:02'),
(3464, 'test2021-12-13 09:18:04'),
(3465, 'test2021-12-13 09:24:03'),
(3466, 'test2021-12-13 09:30:06'),
(3467, 'test2021-12-13 09:36:04'),
(3468, 'test2021-12-13 09:42:03'),
(3469, 'test2021-12-13 09:48:04'),
(3470, 'test2021-12-13 09:54:04'),
(3471, 'test2021-12-13 10:00:09'),
(3472, 'test2021-12-13 10:06:02'),
(3473, 'test2021-12-13 10:12:03'),
(3474, 'test2021-12-13 10:18:02'),
(3475, 'test2021-12-13 10:24:03'),
(3476, 'test2021-12-13 10:30:05'),
(3477, 'test2021-12-13 10:36:04'),
(3478, 'test2021-12-13 10:42:03'),
(3479, 'test2021-12-13 10:48:03'),
(3480, 'test2021-12-13 10:54:02'),
(3481, 'test2021-12-13 11:00:07'),
(3482, 'test2021-12-13 11:06:03'),
(3483, 'test2021-12-13 11:12:03'),
(3484, 'test2021-12-13 11:18:04'),
(3485, 'test2021-12-13 11:24:04'),
(3486, 'test2021-12-13 11:30:04'),
(3487, 'test2021-12-13 11:36:04'),
(3488, 'test2021-12-13 11:42:03'),
(3489, 'test2021-12-13 11:48:03'),
(3490, 'test2021-12-13 11:54:02'),
(3491, 'test2021-12-13 12:00:08'),
(3492, 'test2021-12-13 12:06:03'),
(3493, 'test2021-12-13 12:12:02'),
(3494, 'test2021-12-13 12:18:03'),
(3495, 'test2021-12-13 12:24:04'),
(3496, 'test2021-12-13 12:30:05'),
(3497, 'test2021-12-13 12:36:04'),
(3498, 'test2021-12-13 12:42:03'),
(3499, 'test2021-12-13 12:48:03'),
(3500, 'test2021-12-13 12:54:03'),
(3501, 'test2021-12-13 13:00:07'),
(3502, 'test2021-12-13 13:06:02'),
(3503, 'test2021-12-13 13:12:02'),
(3504, 'test2021-12-13 13:18:03'),
(3505, 'test2021-12-13 13:24:05'),
(3506, 'test2021-12-13 13:30:05'),
(3507, 'test2021-12-13 13:36:04'),
(3508, 'test2021-12-13 13:42:02'),
(3509, 'test2021-12-13 13:48:03'),
(3510, 'test2021-12-13 13:54:02'),
(3511, 'test2021-12-13 14:00:07'),
(3512, 'test2021-12-13 14:06:02'),
(3513, 'test2021-12-13 14:12:03'),
(3514, 'test2021-12-13 14:18:03'),
(3515, 'test2021-12-13 14:24:03'),
(3516, 'test2021-12-13 14:30:05'),
(3517, 'test2021-12-13 14:36:03'),
(3518, 'test2021-12-13 14:42:04'),
(3519, 'test2021-12-13 14:48:03'),
(3520, 'test2021-12-13 14:54:03'),
(3521, 'test2021-12-13 15:00:08'),
(3522, 'test2021-12-13 15:06:02'),
(3523, 'test2021-12-13 15:12:02'),
(3524, 'test2021-12-13 15:18:03'),
(3525, 'test2021-12-13 15:24:04'),
(3526, 'test2021-12-13 15:30:05'),
(3527, 'test2021-12-13 15:36:03'),
(3528, 'test2021-12-13 15:42:03'),
(3529, 'test2021-12-13 15:48:03'),
(3530, 'test2021-12-13 15:54:03'),
(3531, 'test2021-12-13 16:00:07'),
(3532, 'test2021-12-13 16:06:02'),
(3533, 'test2021-12-13 16:12:03'),
(3534, 'test2021-12-13 16:18:03'),
(3535, 'test2021-12-13 16:24:03'),
(3536, 'test2021-12-13 16:30:05'),
(3537, 'test2021-12-13 16:36:03'),
(3538, 'test2021-12-13 16:42:03'),
(3539, 'test2021-12-13 16:48:04'),
(3540, 'test2021-12-13 16:54:03'),
(3541, 'test2021-12-13 17:00:06'),
(3542, 'test2021-12-13 17:06:02'),
(3543, 'test2021-12-13 17:12:02'),
(3544, 'test2021-12-13 17:18:03'),
(3545, 'test2021-12-13 17:24:04'),
(3546, 'test2021-12-13 17:30:05'),
(3547, 'test2021-12-13 17:36:03'),
(3548, 'test2021-12-13 17:42:02'),
(3549, 'test2021-12-13 17:48:04'),
(3550, 'test2021-12-13 17:54:04'),
(3551, 'test2021-12-13 18:00:08'),
(3552, 'test2021-12-13 18:06:02'),
(3553, 'test2021-12-13 18:12:02'),
(3554, 'test2021-12-13 18:18:02'),
(3555, 'test2021-12-13 18:24:03'),
(3556, 'test2021-12-13 18:30:05'),
(3557, 'test2021-12-13 18:36:03'),
(3558, 'test2021-12-13 18:42:03'),
(3559, 'test2021-12-13 18:48:01'),
(3560, 'test2021-12-13 18:54:03'),
(3561, 'test2021-12-13 19:00:09'),
(3562, 'test2021-12-13 19:06:02'),
(3563, 'test2021-12-13 19:12:02'),
(3564, 'test2021-12-13 19:18:03'),
(3565, 'test2021-12-13 19:24:01'),
(3566, 'test2021-12-13 19:30:06'),
(3567, 'test2021-12-13 19:36:05'),
(3568, 'test2021-12-13 19:42:04'),
(3569, 'test2021-12-13 19:48:03'),
(3570, 'test2021-12-13 19:54:02'),
(3571, 'test2021-12-13 20:00:06'),
(3572, 'test2021-12-13 20:06:03'),
(3573, 'test2021-12-13 20:12:03'),
(3574, 'test2021-12-13 20:18:04'),
(3575, 'test2021-12-13 20:24:04'),
(3576, 'test2021-12-13 20:30:04'),
(3577, 'test2021-12-13 20:36:03'),
(3578, 'test2021-12-13 20:42:04'),
(3579, 'test2021-12-13 20:48:01'),
(3580, 'test2021-12-13 20:54:04'),
(3581, 'test2021-12-13 21:00:07'),
(3582, 'test2021-12-13 21:06:02'),
(3583, 'test2021-12-13 21:12:02'),
(3584, 'test2021-12-13 21:18:03'),
(3585, 'test2021-12-13 21:24:03'),
(3586, 'test2021-12-13 21:30:03'),
(3587, 'test2021-12-13 21:36:03'),
(3588, 'test2021-12-13 21:42:04'),
(3589, 'test2021-12-13 21:48:04'),
(3590, 'test2021-12-13 21:54:04'),
(3591, 'test2021-12-13 22:00:07'),
(3592, 'test2021-12-13 22:06:03'),
(3593, 'test2021-12-13 22:12:03'),
(3594, 'test2021-12-13 22:18:03'),
(3595, 'test2021-12-13 22:24:04'),
(3596, 'test2021-12-13 22:30:04'),
(3597, 'test2021-12-13 22:36:04'),
(3598, 'test2021-12-13 22:42:03'),
(3599, 'test2021-12-13 22:48:04'),
(3600, 'test2021-12-13 22:54:03'),
(3601, 'test2021-12-13 23:00:07'),
(3602, 'test2021-12-13 23:06:02'),
(3603, 'test2021-12-13 23:12:02'),
(3604, 'test2021-12-13 23:18:04'),
(3605, 'test2021-12-13 23:24:04'),
(3606, 'test2021-12-13 23:30:06'),
(3607, 'test2021-12-13 23:36:03'),
(3608, 'test2021-12-13 23:42:04'),
(3609, 'test2021-12-13 23:48:04'),
(3610, 'test2021-12-13 23:54:04'),
(3611, 'test2021-12-14 00:00:08'),
(3612, 'test2021-12-14 00:06:04'),
(3613, 'test2021-12-14 00:12:04'),
(3614, 'test2021-12-14 00:18:04'),
(3615, 'test2021-12-14 00:24:04'),
(3616, 'test2021-12-14 00:30:04'),
(3617, 'test2021-12-14 00:36:04'),
(3618, 'test2021-12-14 00:42:04'),
(3619, 'test2021-12-14 00:48:04'),
(3620, 'test2021-12-14 00:54:04'),
(3621, 'test2021-12-14 01:00:08'),
(3622, 'test2021-12-14 01:06:04'),
(3623, 'test2021-12-14 01:12:02'),
(3624, 'test2021-12-14 01:18:04'),
(3625, 'test2021-12-14 01:24:04'),
(3626, 'test2021-12-14 01:30:05'),
(3627, 'test2021-12-14 01:36:03'),
(3628, 'test2021-12-14 01:42:03'),
(3629, 'test2021-12-14 01:48:04'),
(3630, 'test2021-12-14 01:54:04'),
(3631, 'test2021-12-14 02:00:09'),
(3632, 'test2021-12-14 02:06:04'),
(3633, 'test2021-12-14 02:12:02'),
(3634, 'test2021-12-14 02:18:03'),
(3635, 'test2021-12-14 02:24:04'),
(3636, 'test2021-12-14 02:30:06'),
(3637, 'test2021-12-14 02:36:03'),
(3638, 'test2021-12-14 02:42:04'),
(3639, 'test2021-12-14 02:48:04'),
(3640, 'test2021-12-14 02:54:04'),
(3641, 'test2021-12-14 03:00:07'),
(3642, 'test2021-12-14 03:06:03'),
(3643, 'test2021-12-14 03:12:04'),
(3644, 'test2021-12-14 03:18:04'),
(3645, 'test2021-12-14 03:24:03'),
(3646, 'test2021-12-14 03:30:05'),
(3647, 'test2021-12-14 03:36:04'),
(3648, 'test2021-12-14 03:42:04'),
(3649, 'test2021-12-14 03:48:04'),
(3650, 'test2021-12-14 03:54:03'),
(3651, 'test2021-12-14 04:00:07'),
(3652, 'test2021-12-14 04:06:03'),
(3653, 'test2021-12-14 04:12:03'),
(3654, 'test2021-12-14 04:18:04'),
(3655, 'test2021-12-14 04:24:04'),
(3656, 'test2021-12-14 04:30:06'),
(3657, 'test2021-12-14 04:36:04'),
(3658, 'test2021-12-14 04:42:04'),
(3659, 'test2021-12-14 04:48:03'),
(3660, 'test2021-12-14 04:54:03'),
(3661, 'test2021-12-14 05:00:07'),
(3662, 'test2021-12-14 05:06:03'),
(3663, 'test2021-12-14 05:12:03'),
(3664, 'test2021-12-14 05:18:03'),
(3665, 'test2021-12-14 05:24:04'),
(3666, 'test2021-12-14 05:30:04'),
(3667, 'test2021-12-14 05:36:03'),
(3668, 'test2021-12-14 05:42:01'),
(3669, 'test2021-12-14 05:48:04'),
(3670, 'test2021-12-14 05:54:04'),
(3671, 'test2021-12-14 06:00:07'),
(3672, 'test2021-12-14 06:06:02'),
(3673, 'test2021-12-14 06:12:03'),
(3674, 'test2021-12-14 06:18:04'),
(3675, 'test2021-12-14 06:24:04'),
(3676, 'test2021-12-14 06:30:04'),
(3677, 'test2021-12-14 06:36:03'),
(3678, 'test2021-12-14 06:42:04'),
(3679, 'test2021-12-14 06:48:04'),
(3680, 'test2021-12-14 06:54:03'),
(3681, 'test2021-12-14 07:00:07'),
(3682, 'test2021-12-14 07:06:03'),
(3683, 'test2021-12-14 07:12:02'),
(3684, 'test2021-12-14 07:18:03'),
(3685, 'test2021-12-14 07:24:03'),
(3686, 'test2021-12-14 07:30:03'),
(3687, 'test2021-12-14 07:36:03'),
(3688, 'test2021-12-14 07:42:04'),
(3689, 'test2021-12-14 07:48:03'),
(3690, 'test2021-12-14 07:54:03'),
(3691, 'test2021-12-14 08:00:07'),
(3692, 'test2021-12-14 08:06:03'),
(3693, 'test2021-12-14 08:12:02'),
(3694, 'test2021-12-14 08:18:03'),
(3695, 'test2021-12-14 08:24:03'),
(3696, 'test2021-12-14 08:30:05'),
(3697, 'test2021-12-14 08:36:03'),
(3698, 'test2021-12-14 08:42:03'),
(3699, 'test2021-12-14 08:48:03'),
(3700, 'test2021-12-14 08:54:04'),
(3701, 'test2021-12-14 09:00:07'),
(3702, 'test2021-12-14 09:06:03'),
(3703, 'test2021-12-14 09:12:02'),
(3704, 'test2021-12-14 09:18:03'),
(3705, 'test2021-12-14 09:24:03'),
(3706, 'test2021-12-14 09:30:04'),
(3707, 'test2021-12-14 09:36:04'),
(3708, 'test2021-12-14 09:42:03'),
(3709, 'test2021-12-14 09:48:03'),
(3710, 'test2021-12-14 09:54:03'),
(3711, 'test2021-12-14 10:00:09'),
(3712, 'test2021-12-14 10:06:03'),
(3713, 'test2021-12-14 10:12:02'),
(3714, 'test2021-12-14 10:18:04'),
(3715, 'test2021-12-14 10:24:03'),
(3716, 'test2021-12-14 10:30:05'),
(3717, 'test2021-12-14 10:36:04'),
(3718, 'test2021-12-14 10:42:04'),
(3719, 'test2021-12-14 10:48:03'),
(3720, 'test2021-12-14 10:54:03'),
(3721, 'test2021-12-14 11:00:08'),
(3722, 'test2021-12-14 11:06:03'),
(3723, 'test2021-12-14 11:12:03'),
(3724, 'test2021-12-14 11:18:03'),
(3725, 'test2021-12-14 11:24:04'),
(3726, 'test2021-12-14 11:30:05'),
(3727, 'test2021-12-14 11:36:03'),
(3728, 'test2021-12-14 11:42:04'),
(3729, 'test2021-12-14 11:48:04'),
(3730, 'test2021-12-14 11:54:04'),
(3731, 'test2021-12-14 12:00:10'),
(3732, 'test2021-12-14 12:06:04'),
(3733, 'test2021-12-14 12:12:04'),
(3734, 'test2021-12-14 12:18:04'),
(3735, 'test2021-12-14 12:24:04'),
(3736, 'test2021-12-14 12:30:07'),
(3737, 'test2021-12-14 12:36:03'),
(3738, 'test2021-12-14 12:42:04'),
(3739, 'test2021-12-14 12:48:05'),
(3740, 'test2021-12-14 12:54:03'),
(3741, 'test2021-12-14 13:00:07'),
(3742, 'test2021-12-14 13:06:02'),
(3743, 'test2021-12-14 13:12:02'),
(3744, 'test2021-12-14 13:18:04'),
(3745, 'test2021-12-14 13:24:04'),
(3746, 'test2021-12-14 13:30:06'),
(3747, 'test2021-12-14 13:36:03'),
(3748, 'test2021-12-14 13:42:04'),
(3749, 'test2021-12-14 13:48:04'),
(3750, 'test2021-12-14 13:54:03'),
(3751, 'test2021-12-14 14:00:08'),
(3752, 'test2021-12-14 14:06:02'),
(3753, 'test2021-12-14 14:12:02'),
(3754, 'test2021-12-14 14:18:04'),
(3755, 'test2021-12-14 14:24:04'),
(3756, 'test2021-12-14 14:30:04'),
(3757, 'test2021-12-14 14:36:05'),
(3758, 'test2021-12-14 14:42:03'),
(3759, 'test2021-12-14 14:48:04'),
(3760, 'test2021-12-14 14:54:04'),
(3761, 'test2021-12-14 15:00:08'),
(3762, 'test2021-12-14 15:06:04'),
(3763, 'test2021-12-14 15:12:03'),
(3764, 'test2021-12-14 15:18:04'),
(3765, 'test2021-12-14 15:24:03'),
(3766, 'test2021-12-14 15:30:05'),
(3767, 'test2021-12-14 15:36:03'),
(3768, 'test2021-12-14 15:42:03'),
(3769, 'test2021-12-14 15:48:03'),
(3770, 'test2021-12-14 15:54:04'),
(3771, 'test2021-12-14 16:00:09'),
(3772, 'test2021-12-14 16:06:02'),
(3773, 'test2021-12-14 16:12:02'),
(3774, 'test2021-12-14 16:18:03'),
(3775, 'test2021-12-14 16:24:04'),
(3776, 'test2021-12-14 16:30:04'),
(3777, 'test2021-12-14 16:36:05'),
(3778, 'test2021-12-14 16:42:04'),
(3779, 'test2021-12-14 16:48:05'),
(3780, 'test2021-12-14 16:54:03'),
(3781, 'test2021-12-14 17:00:09'),
(3782, 'test2021-12-14 17:06:04'),
(3783, 'test2021-12-14 17:12:02'),
(3784, 'test2021-12-14 17:18:04'),
(3785, 'test2021-12-14 17:24:05'),
(3786, 'test2021-12-14 17:30:04'),
(3787, 'test2021-12-14 17:36:04'),
(3788, 'test2021-12-14 17:42:03'),
(3789, 'test2021-12-14 17:48:04'),
(3790, 'test2021-12-14 17:54:03'),
(3791, 'test2021-12-14 18:00:09'),
(3792, 'test2021-12-14 18:06:03'),
(3793, 'test2021-12-14 18:12:02'),
(3794, 'test2021-12-14 18:18:04'),
(3795, 'test2021-12-14 18:24:04'),
(3796, 'test2021-12-14 18:30:06'),
(3797, 'test2021-12-14 18:36:04'),
(3798, 'test2021-12-14 18:42:03'),
(3799, 'test2021-12-14 18:48:04'),
(3800, 'test2021-12-14 18:54:03'),
(3801, 'test2021-12-14 19:00:09'),
(3802, 'test2021-12-14 19:06:03'),
(3803, 'test2021-12-14 19:12:02'),
(3804, 'test2021-12-14 19:18:03'),
(3805, 'test2021-12-14 19:24:03'),
(3806, 'test2021-12-14 19:30:05'),
(3807, 'test2021-12-14 19:36:04'),
(3808, 'test2021-12-14 19:42:03'),
(3809, 'test2021-12-14 19:48:03'),
(3810, 'test2021-12-14 19:54:03'),
(3811, 'test2021-12-14 20:00:07'),
(3812, 'test2021-12-14 20:06:02'),
(3813, 'test2021-12-14 20:12:02'),
(3814, 'test2021-12-14 20:18:03'),
(3815, 'test2021-12-14 20:24:03'),
(3816, 'test2021-12-14 20:30:05'),
(3817, 'test2021-12-14 20:36:03'),
(3818, 'test2021-12-14 20:42:03'),
(3819, 'test2021-12-14 20:48:04'),
(3820, 'test2021-12-14 20:54:03'),
(3821, 'test2021-12-14 21:00:07'),
(3822, 'test2021-12-14 21:06:03'),
(3823, 'test2021-12-14 21:12:03'),
(3824, 'test2021-12-14 21:18:04'),
(3825, 'test2021-12-14 21:24:04'),
(3826, 'test2021-12-14 21:30:05'),
(3827, 'test2021-12-14 21:36:04'),
(3828, 'test2021-12-14 21:42:04'),
(3829, 'test2021-12-14 21:48:04'),
(3830, 'test2021-12-14 21:54:04'),
(3831, 'test2021-12-14 22:00:06'),
(3832, 'test2021-12-14 22:06:02'),
(3833, 'test2021-12-14 22:12:03'),
(3834, 'test2021-12-14 22:18:04'),
(3835, 'test2021-12-14 22:24:03'),
(3836, 'test2021-12-14 22:30:05'),
(3837, 'test2021-12-14 22:36:04'),
(3838, 'test2021-12-14 22:42:05'),
(3839, 'test2021-12-14 22:48:03'),
(3840, 'test2021-12-14 22:54:04'),
(3841, 'test2021-12-14 23:00:05'),
(3842, 'test2021-12-14 23:06:03'),
(3843, 'test2021-12-14 23:12:03'),
(3844, 'test2021-12-14 23:18:04'),
(3845, 'test2021-12-14 23:24:03'),
(3846, 'test2021-12-14 23:30:06'),
(3847, 'test2021-12-14 23:36:03'),
(3848, 'test2021-12-14 23:42:04'),
(3849, 'test2021-12-14 23:48:04'),
(3850, 'test2021-12-14 23:54:04'),
(3851, 'test2021-12-15 00:00:10'),
(3852, 'test2021-12-15 00:06:02'),
(3853, 'test2021-12-15 00:12:03'),
(3854, 'test2021-12-15 00:18:04'),
(3855, 'test2021-12-15 00:24:04'),
(3856, 'test2021-12-15 00:30:05'),
(3857, 'test2021-12-15 00:36:03'),
(3858, 'test2021-12-15 00:42:04'),
(3859, 'test2021-12-15 00:48:03'),
(3860, 'test2021-12-15 00:54:03'),
(3861, 'test2021-12-15 01:00:08'),
(3862, 'test2021-12-15 01:06:03'),
(3863, 'test2021-12-15 01:12:03'),
(3864, 'test2021-12-15 01:18:03'),
(3865, 'test2021-12-15 01:24:03'),
(3866, 'test2021-12-15 01:30:07'),
(3867, 'test2021-12-15 01:36:03'),
(3868, 'test2021-12-15 01:42:03'),
(3869, 'test2021-12-15 01:48:03'),
(3870, 'test2021-12-15 01:54:03'),
(3871, 'test2021-12-15 02:00:06'),
(3872, 'test2021-12-15 02:06:03'),
(3873, 'test2021-12-15 02:12:02'),
(3874, 'test2021-12-15 02:18:03'),
(3875, 'test2021-12-15 02:24:03'),
(3876, 'test2021-12-15 02:30:04'),
(3877, 'test2021-12-15 02:36:03'),
(3878, 'test2021-12-15 02:42:04'),
(3879, 'test2021-12-15 02:48:03'),
(3880, 'test2021-12-15 02:54:03'),
(3881, 'test2021-12-15 03:00:07'),
(3882, 'test2021-12-15 03:06:02'),
(3883, 'test2021-12-15 03:12:02'),
(3884, 'test2021-12-15 03:18:03'),
(3885, 'test2021-12-15 03:24:03'),
(3886, 'test2021-12-15 03:30:05'),
(3887, 'test2021-12-15 03:36:03'),
(3888, 'test2021-12-15 03:42:03'),
(3889, 'test2021-12-15 03:48:04'),
(3890, 'test2021-12-15 03:54:03'),
(3891, 'test2021-12-15 04:00:08'),
(3892, 'test2021-12-15 04:06:03'),
(3893, 'test2021-12-15 04:12:03'),
(3894, 'test2021-12-15 04:18:03'),
(3895, 'test2021-12-15 04:24:04'),
(3896, 'test2021-12-15 04:30:06'),
(3897, 'test2021-12-15 04:36:04'),
(3898, 'test2021-12-15 04:42:03'),
(3899, 'test2021-12-15 04:48:04'),
(3900, 'test2021-12-15 04:54:03'),
(3901, 'test2021-12-15 05:00:08'),
(3902, 'test2021-12-15 05:06:04'),
(3903, 'test2021-12-15 05:12:03'),
(3904, 'test2021-12-15 05:18:04'),
(3905, 'test2021-12-15 05:24:03'),
(3906, 'test2021-12-15 05:30:04'),
(3907, 'test2021-12-15 05:36:04'),
(3908, 'test2021-12-15 05:42:03'),
(3909, 'test2021-12-15 05:48:03'),
(3910, 'test2021-12-15 05:54:04'),
(3911, 'test2021-12-15 06:00:08'),
(3912, 'test2021-12-15 06:06:03'),
(3913, 'test2021-12-15 06:12:02'),
(3914, 'test2021-12-15 06:18:03'),
(3915, 'test2021-12-15 06:24:02'),
(3916, 'test2021-12-15 06:30:05'),
(3917, 'test2021-12-15 06:36:04'),
(3918, 'test2021-12-15 06:42:03'),
(3919, 'test2021-12-15 06:48:03'),
(3920, 'test2021-12-15 06:54:04'),
(3921, 'test2021-12-15 07:00:08'),
(3922, 'test2021-12-15 07:06:03'),
(3923, 'test2021-12-15 07:12:03'),
(3924, 'test2021-12-15 07:18:03'),
(3925, 'test2021-12-15 07:24:04'),
(3926, 'test2021-12-15 07:30:05'),
(3927, 'test2021-12-15 07:36:03'),
(3928, 'test2021-12-15 07:42:02'),
(3929, 'test2021-12-15 07:48:03'),
(3930, 'test2021-12-15 07:54:03'),
(3931, 'test2021-12-15 08:00:06'),
(3932, 'test2021-12-15 08:06:02'),
(3933, 'test2021-12-15 08:12:03'),
(3934, 'test2021-12-15 08:18:03'),
(3935, 'test2021-12-15 08:24:04'),
(3936, 'test2021-12-15 08:30:06'),
(3937, 'test2021-12-15 08:36:03'),
(3938, 'test2021-12-15 08:42:04'),
(3939, 'test2021-12-15 08:48:03'),
(3940, 'test2021-12-15 08:54:04'),
(3941, 'test2021-12-15 09:00:08'),
(3942, 'test2021-12-15 09:06:02'),
(3943, 'test2021-12-15 09:12:02'),
(3944, 'test2021-12-15 09:18:04'),
(3945, 'test2021-12-15 09:24:04'),
(3946, 'test2021-12-15 09:30:06'),
(3947, 'test2021-12-15 09:36:03'),
(3948, 'test2021-12-15 09:42:03'),
(3949, 'test2021-12-15 09:48:04'),
(3950, 'test2021-12-15 09:54:03'),
(3951, 'test2021-12-15 10:00:08'),
(3952, 'test2021-12-15 10:06:03'),
(3953, 'test2021-12-15 10:12:02'),
(3954, 'test2021-12-15 10:18:04'),
(3955, 'test2021-12-15 10:24:03'),
(3956, 'test2021-12-15 10:30:04'),
(3957, 'test2021-12-15 10:36:03'),
(3958, 'test2021-12-15 10:42:04'),
(3959, 'test2021-12-15 10:48:04'),
(3960, 'test2021-12-15 10:54:03'),
(3961, 'test2021-12-15 11:00:06'),
(3962, 'test2021-12-15 11:06:02'),
(3963, 'test2021-12-15 11:12:03'),
(3964, 'test2021-12-15 11:18:03'),
(3965, 'test2021-12-15 11:24:03'),
(3966, 'test2021-12-15 11:30:04'),
(3967, 'test2021-12-15 11:36:02'),
(3968, 'test2021-12-15 11:42:03'),
(3969, 'test2021-12-15 11:48:03'),
(3970, 'test2021-12-15 11:54:03'),
(3971, 'test2021-12-15 12:00:10'),
(3972, 'test2021-12-15 12:06:03'),
(3973, 'test2021-12-15 12:12:03'),
(3974, 'test2021-12-15 12:18:03'),
(3975, 'test2021-12-15 12:24:03'),
(3976, 'test2021-12-15 12:30:04'),
(3977, 'test2021-12-15 12:36:03'),
(3978, 'test2021-12-15 12:42:03'),
(3979, 'test2021-12-15 12:48:04'),
(3980, 'test2021-12-15 12:54:03'),
(3981, 'test2021-12-15 13:00:06'),
(3982, 'test2021-12-15 13:06:03'),
(3983, 'test2021-12-15 13:12:02'),
(3984, 'test2021-12-15 13:18:03'),
(3985, 'test2021-12-15 13:24:03'),
(3986, 'test2021-12-15 13:30:04'),
(3987, 'test2021-12-15 13:36:04'),
(3988, 'test2021-12-15 13:42:04'),
(3989, 'test2021-12-15 13:48:01'),
(3990, 'test2021-12-15 13:54:03'),
(3991, 'test2021-12-15 14:00:08'),
(3992, 'test2021-12-15 14:06:01'),
(3993, 'test2021-12-15 14:12:02'),
(3994, 'test2021-12-15 14:18:04'),
(3995, 'test2021-12-15 14:24:03'),
(3996, 'test2021-12-15 14:30:05'),
(3997, 'test2021-12-15 14:36:04'),
(3998, 'test2021-12-15 14:42:03'),
(3999, 'test2021-12-15 14:48:03'),
(4000, 'test2021-12-15 14:54:03'),
(4001, 'test2021-12-15 15:00:06'),
(4002, 'test2021-12-15 15:06:02'),
(4003, 'test2021-12-15 15:12:02'),
(4004, 'test2021-12-15 15:18:04'),
(4005, 'test2021-12-15 15:24:02'),
(4006, 'test2021-12-15 15:30:04'),
(4007, 'test2021-12-15 15:36:03'),
(4008, 'test2021-12-15 15:42:04'),
(4009, 'test2021-12-15 15:48:02'),
(4010, 'test2021-12-15 15:54:03'),
(4011, 'test2021-12-15 16:00:08'),
(4012, 'test2021-12-15 16:06:03'),
(4013, 'test2021-12-15 16:12:02'),
(4014, 'test2021-12-15 16:18:03'),
(4015, 'test2021-12-15 16:24:03'),
(4016, 'test2021-12-15 16:30:05'),
(4017, 'test2021-12-15 16:36:04'),
(4018, 'test2021-12-15 16:42:03'),
(4019, 'test2021-12-15 16:48:02'),
(4020, 'test2021-12-15 16:54:03'),
(4021, 'test2021-12-15 17:00:08'),
(4022, 'test2021-12-15 17:06:03'),
(4023, 'test2021-12-15 17:12:03'),
(4024, 'test2021-12-15 17:18:03'),
(4025, 'test2021-12-15 17:24:02'),
(4026, 'test2021-12-15 17:30:04'),
(4027, 'test2021-12-15 17:36:03'),
(4028, 'test2021-12-15 17:42:04'),
(4029, 'test2021-12-15 17:48:03'),
(4030, 'test2021-12-15 17:54:03'),
(4031, 'test2021-12-15 18:00:06'),
(4032, 'test2021-12-15 18:06:02'),
(4033, 'test2021-12-15 18:12:03'),
(4034, 'test2021-12-15 18:18:02'),
(4035, 'test2021-12-15 18:24:04'),
(4036, 'test2021-12-15 18:30:07'),
(4037, 'test2021-12-15 18:36:03'),
(4038, 'test2021-12-15 18:42:02'),
(4039, 'test2021-12-15 18:48:03'),
(4040, 'test2021-12-15 18:54:03'),
(4041, 'test2021-12-15 19:00:07'),
(4042, 'test2021-12-15 19:06:01'),
(4043, 'test2021-12-15 19:12:03'),
(4044, 'test2021-12-15 19:18:03'),
(4045, 'test2021-12-15 19:24:04'),
(4046, 'test2021-12-15 19:30:05'),
(4047, 'test2021-12-15 19:36:03'),
(4048, 'test2021-12-15 19:42:04'),
(4049, 'test2021-12-15 19:48:04'),
(4050, 'test2021-12-15 19:54:03'),
(4051, 'test2021-12-15 20:00:06'),
(4052, 'test2021-12-15 20:06:02'),
(4053, 'test2021-12-15 20:12:02'),
(4054, 'test2021-12-15 20:18:02'),
(4055, 'test2021-12-15 20:24:04'),
(4056, 'test2021-12-15 20:30:05'),
(4057, 'test2021-12-15 20:36:04'),
(4058, 'test2021-12-15 20:42:03'),
(4059, 'test2021-12-15 20:48:03'),
(4060, 'test2021-12-15 20:54:03'),
(4061, 'test2021-12-15 21:00:07'),
(4062, 'test2021-12-15 21:06:03'),
(4063, 'test2021-12-15 21:12:02'),
(4064, 'test2021-12-15 21:18:03'),
(4065, 'test2021-12-15 21:24:03'),
(4066, 'test2021-12-15 21:30:05'),
(4067, 'test2021-12-15 21:36:04'),
(4068, 'test2021-12-15 21:42:03'),
(4069, 'test2021-12-15 21:48:03'),
(4070, 'test2021-12-15 21:54:03'),
(4071, 'test2021-12-15 22:00:07'),
(4072, 'test2021-12-15 22:06:02'),
(4073, 'test2021-12-15 22:12:03'),
(4074, 'test2021-12-15 22:18:04'),
(4075, 'test2021-12-15 22:24:04'),
(4076, 'test2021-12-15 22:30:03'),
(4077, 'test2021-12-15 22:36:03'),
(4078, 'test2021-12-15 22:42:03'),
(4079, 'test2021-12-15 22:48:04'),
(4080, 'test2021-12-15 22:54:03'),
(4081, 'test2021-12-15 23:00:07'),
(4082, 'test2021-12-15 23:06:02'),
(4083, 'test2021-12-15 23:12:03'),
(4084, 'test2021-12-15 23:18:04'),
(4085, 'test2021-12-15 23:24:04'),
(4086, 'test2021-12-15 23:30:05'),
(4087, 'test2021-12-15 23:36:02'),
(4088, 'test2021-12-15 23:42:03'),
(4089, 'test2021-12-15 23:48:04'),
(4090, 'test2021-12-15 23:54:03'),
(4091, 'test2021-12-16 00:00:09'),
(4092, 'test2021-12-16 00:06:03'),
(4093, 'test2021-12-16 00:12:02'),
(4094, 'test2021-12-16 00:18:03'),
(4095, 'test2021-12-16 00:24:03'),
(4096, 'test2021-12-16 00:30:04'),
(4097, 'test2021-12-16 00:36:04'),
(4098, 'test2021-12-16 00:42:02'),
(4099, 'test2021-12-16 00:48:04'),
(4100, 'test2021-12-16 00:54:04'),
(4101, 'test2021-12-16 01:00:05'),
(4102, 'test2021-12-16 01:06:01'),
(4103, 'test2021-12-16 01:12:01'),
(4104, 'test2021-12-16 01:18:03'),
(4105, 'test2021-12-16 01:24:03'),
(4106, 'test2021-12-16 01:30:05'),
(4107, 'test2021-12-16 01:36:03'),
(4108, 'test2021-12-16 01:42:02'),
(4109, 'test2021-12-16 01:48:02'),
(4110, 'test2021-12-16 01:54:03'),
(4111, 'test2021-12-16 02:00:06'),
(4112, 'test2021-12-16 02:06:02'),
(4113, 'test2021-12-16 02:12:02'),
(4114, 'test2021-12-16 02:18:03'),
(4115, 'test2021-12-16 02:24:04'),
(4116, 'test2021-12-16 02:30:04'),
(4117, 'test2021-12-16 02:36:03'),
(4118, 'test2021-12-16 02:42:03'),
(4119, 'test2021-12-16 02:48:02'),
(4120, 'test2021-12-16 02:54:03'),
(4121, 'test2021-12-16 03:00:06'),
(4122, 'test2021-12-16 03:06:03'),
(4123, 'test2021-12-16 03:12:02'),
(4124, 'test2021-12-16 03:18:02'),
(4125, 'test2021-12-16 03:24:03'),
(4126, 'test2021-12-16 03:30:03'),
(4127, 'test2021-12-16 03:36:03'),
(4128, 'test2021-12-16 03:42:03');

-- --------------------------------------------------------

--
-- Table structure for table `units`
--

CREATE TABLE `units` (
  `id` int(10) UNSIGNED NOT NULL,
  `name` varchar(10) NOT NULL,
  `created_at` datetime NOT NULL,
  `updated_at` datetime DEFAULT NULL,
  `deleted_at` datetime DEFAULT NULL,
  `created_by` int(10) UNSIGNED NOT NULL,
  `updated_by` int(10) UNSIGNED DEFAULT NULL,
  `deleted_by` int(10) UNSIGNED DEFAULT NULL
) ENGINE=InnoDB DEFAULT CHARSET=utf8mb4 ROW_FORMAT=DYNAMIC;

--
-- Dumping data for table `units`
--

INSERT INTO `units` (`id`, `name`, `created_at`, `updated_at`, `deleted_at`, `created_by`, `updated_by`, `deleted_by`) VALUES
(1, 'RENCENG', '2021-11-29 09:21:06', '2021-11-29 09:21:06', NULL, 3, 3, NULL),
(2, 'GR', '2021-11-29 09:21:25', '2021-11-29 09:21:25', NULL, 3, 3, NULL),
(3, 'M', '2021-11-29 09:21:31', '2021-11-29 09:21:31', NULL, 3, 3, NULL),
(4, 'PCS', '2021-11-29 09:21:44', '2021-11-29 09:21:44', NULL, 3, 3, NULL),
(5, 'Y', '2021-12-01 07:21:14', '2021-12-01 07:21:14', NULL, 3, 3, NULL),
(6, 'PANEL', '2021-12-01 07:44:18', '2021-12-01 07:44:18', NULL, 3, 3, NULL),
(7, 'CM', '2021-12-01 10:28:25', '2021-12-01 10:28:25', NULL, 3, 3, NULL),
(8, 'ATK', '2021-12-09 13:19:40', '2021-12-09 13:19:40', NULL, 11, 11, NULL),
(9, 'Gram', '2021-12-09 14:19:44', '2021-12-09 14:19:44', NULL, 11, 11, NULL);

--
-- Indexes for dumped tables
--

--
-- Indexes for table `accounts`
--
ALTER TABLE `accounts`
  ADD PRIMARY KEY (`id`) USING BTREE;

--
-- Indexes for table `account_groups`
--
ALTER TABLE `account_groups`
  ADD PRIMARY KEY (`id`) USING BTREE;

--
-- Indexes for table `admins`
--
ALTER TABLE `admins`
  ADD PRIMARY KEY (`id`) USING BTREE;

--
-- Indexes for table `barangs`
--
ALTER TABLE `barangs`
  ADD PRIMARY KEY (`id`) USING BTREE;

--
-- Indexes for table `cashflow`
--
ALTER TABLE `cashflow`
  ADD PRIMARY KEY (`id`) USING BTREE;

--
-- Indexes for table `categories`
--
ALTER TABLE `categories`
  ADD PRIMARY KEY (`id`) USING BTREE;

--
-- Indexes for table `colors`
--
ALTER TABLE `colors`
  ADD PRIMARY KEY (`id`) USING BTREE;

--
-- Indexes for table `customers`
--
ALTER TABLE `customers`
  ADD PRIMARY KEY (`id`) USING BTREE;

--
-- Indexes for table `employees`
--
ALTER TABLE `employees`
  ADD PRIMARY KEY (`id`) USING BTREE;

--
-- Indexes for table `hpps`
--
ALTER TABLE `hpps`
  ADD PRIMARY KEY (`id`) USING BTREE;

--
-- Indexes for table `merks`
--
ALTER TABLE `merks`
  ADD PRIMARY KEY (`id`) USING BTREE;

--
-- Indexes for table `orders`
--
ALTER TABLE `orders`
  ADD PRIMARY KEY (`id`) USING BTREE;

--
-- Indexes for table `order_payments`
--
ALTER TABLE `order_payments`
  ADD PRIMARY KEY (`id`) USING BTREE;

--
-- Indexes for table `order_productions`
--
ALTER TABLE `order_productions`
  ADD PRIMARY KEY (`id`) USING BTREE;

--
-- Indexes for table `order_requests`
--
ALTER TABLE `order_requests`
  ADD PRIMARY KEY (`id`) USING BTREE;

--
-- Indexes for table `pembelian`
--
ALTER TABLE `pembelian`
  ADD PRIMARY KEY (`id`) USING BTREE;

--
-- Indexes for table `pengurangan`
--
ALTER TABLE `pengurangan`
  ADD PRIMARY KEY (`id`) USING BTREE;

--
-- Indexes for table `permintaan`
--
ALTER TABLE `permintaan`
  ADD PRIMARY KEY (`id`) USING BTREE;

--
-- Indexes for table `products`
--
ALTER TABLE `products`
  ADD PRIMARY KEY (`id`) USING BTREE;

--
-- Indexes for table `product_color_params`
--
ALTER TABLE `product_color_params`
  ADD PRIMARY KEY (`id`) USING BTREE;

--
-- Indexes for table `product_hpp_params`
--
ALTER TABLE `product_hpp_params`
  ADD PRIMARY KEY (`id`) USING BTREE;

--
-- Indexes for table `product_request_params`
--
ALTER TABLE `product_request_params`
  ADD PRIMARY KEY (`id`) USING BTREE;

--
-- Indexes for table `product_size_params`
--
ALTER TABLE `product_size_params`
  ADD PRIMARY KEY (`id`) USING BTREE;

--
-- Indexes for table `projects`
--
ALTER TABLE `projects`
  ADD PRIMARY KEY (`id`) USING BTREE;

--
-- Indexes for table `requests`
--
ALTER TABLE `requests`
  ADD PRIMARY KEY (`id`) USING BTREE;

--
-- Indexes for table `sequence_orders`
--
ALTER TABLE `sequence_orders`
  ADD PRIMARY KEY (`id`) USING BTREE;

--
-- Indexes for table `sequence_products`
--
ALTER TABLE `sequence_products`
  ADD PRIMARY KEY (`id`) USING BTREE;

--
-- Indexes for table `sizes`
--
ALTER TABLE `sizes`
  ADD PRIMARY KEY (`id`) USING BTREE;

--
-- Indexes for table `sub_barangs`
--
ALTER TABLE `sub_barangs`
  ADD PRIMARY KEY (`id`) USING BTREE;

--
-- Indexes for table `sub_pembelian`
--
ALTER TABLE `sub_pembelian`
  ADD PRIMARY KEY (`id`) USING BTREE;

--
-- Indexes for table `supplier`
--
ALTER TABLE `supplier`
  ADD PRIMARY KEY (`id`) USING BTREE;

--
-- Indexes for table `test`
--
ALTER TABLE `test`
  ADD PRIMARY KEY (`id`) USING BTREE;

--
-- Indexes for table `units`
--
ALTER TABLE `units`
  ADD PRIMARY KEY (`id`) USING BTREE;

--
-- AUTO_INCREMENT for dumped tables
--

--
-- AUTO_INCREMENT for table `accounts`
--
ALTER TABLE `accounts`
  MODIFY `id` int(10) UNSIGNED NOT NULL AUTO_INCREMENT, AUTO_INCREMENT=4;

--
-- AUTO_INCREMENT for table `account_groups`
--
ALTER TABLE `account_groups`
  MODIFY `id` int(10) UNSIGNED NOT NULL AUTO_INCREMENT, AUTO_INCREMENT=6;

--
-- AUTO_INCREMENT for table `admins`
--
ALTER TABLE `admins`
  MODIFY `id` int(10) UNSIGNED NOT NULL AUTO_INCREMENT, AUTO_INCREMENT=12;

--
-- AUTO_INCREMENT for table `barangs`
--
ALTER TABLE `barangs`
  MODIFY `id` int(10) UNSIGNED NOT NULL AUTO_INCREMENT, AUTO_INCREMENT=79;

--
-- AUTO_INCREMENT for table `cashflow`
--
ALTER TABLE `cashflow`
  MODIFY `id` int(10) UNSIGNED NOT NULL AUTO_INCREMENT, AUTO_INCREMENT=5;

--
-- AUTO_INCREMENT for table `categories`
--
ALTER TABLE `categories`
  MODIFY `id` int(10) UNSIGNED NOT NULL AUTO_INCREMENT, AUTO_INCREMENT=148;

--
-- AUTO_INCREMENT for table `colors`
--
ALTER TABLE `colors`
  MODIFY `id` int(10) UNSIGNED NOT NULL AUTO_INCREMENT, AUTO_INCREMENT=61;

--
-- AUTO_INCREMENT for table `customers`
--
ALTER TABLE `customers`
  MODIFY `id` int(10) UNSIGNED NOT NULL AUTO_INCREMENT, AUTO_INCREMENT=1003;

--
-- AUTO_INCREMENT for table `employees`
--
ALTER TABLE `employees`
  MODIFY `id` int(10) UNSIGNED NOT NULL AUTO_INCREMENT, AUTO_INCREMENT=10;

--
-- AUTO_INCREMENT for table `hpps`
--
ALTER TABLE `hpps`
  MODIFY `id` int(10) UNSIGNED NOT NULL AUTO_INCREMENT, AUTO_INCREMENT=246;

--
-- AUTO_INCREMENT for table `merks`
--
ALTER TABLE `merks`
  MODIFY `id` int(10) UNSIGNED NOT NULL AUTO_INCREMENT, AUTO_INCREMENT=61;

--
-- AUTO_INCREMENT for table `orders`
--
ALTER TABLE `orders`
  MODIFY `id` bigint(10) UNSIGNED NOT NULL AUTO_INCREMENT;

--
-- AUTO_INCREMENT for table `order_payments`
--
ALTER TABLE `order_payments`
  MODIFY `id` int(10) UNSIGNED NOT NULL AUTO_INCREMENT;

--
-- AUTO_INCREMENT for table `order_productions`
--
ALTER TABLE `order_productions`
  MODIFY `id` int(10) UNSIGNED NOT NULL AUTO_INCREMENT;

--
-- AUTO_INCREMENT for table `order_requests`
--
ALTER TABLE `order_requests`
  MODIFY `id` bigint(20) UNSIGNED NOT NULL AUTO_INCREMENT;

--
-- AUTO_INCREMENT for table `pembelian`
--
ALTER TABLE `pembelian`
  MODIFY `id` int(10) UNSIGNED NOT NULL AUTO_INCREMENT, AUTO_INCREMENT=60;

--
-- AUTO_INCREMENT for table `pengurangan`
--
ALTER TABLE `pengurangan`
  MODIFY `id` int(10) UNSIGNED NOT NULL AUTO_INCREMENT, AUTO_INCREMENT=3;

--
-- AUTO_INCREMENT for table `permintaan`
--
ALTER TABLE `permintaan`
  MODIFY `id` int(10) UNSIGNED NOT NULL AUTO_INCREMENT;

--
-- AUTO_INCREMENT for table `products`
--
ALTER TABLE `products`
  MODIFY `id` int(10) UNSIGNED NOT NULL AUTO_INCREMENT, AUTO_INCREMENT=4;

--
-- AUTO_INCREMENT for table `product_color_params`
--
ALTER TABLE `product_color_params`
  MODIFY `id` bigint(20) UNSIGNED NOT NULL AUTO_INCREMENT;

--
-- AUTO_INCREMENT for table `product_hpp_params`
--
ALTER TABLE `product_hpp_params`
  MODIFY `id` bigint(20) UNSIGNED NOT NULL AUTO_INCREMENT;

--
-- AUTO_INCREMENT for table `product_request_params`
--
ALTER TABLE `product_request_params`
  MODIFY `id` bigint(20) UNSIGNED NOT NULL AUTO_INCREMENT;

--
-- AUTO_INCREMENT for table `product_size_params`
--
ALTER TABLE `product_size_params`
  MODIFY `id` bigint(20) UNSIGNED NOT NULL AUTO_INCREMENT;

--
-- AUTO_INCREMENT for table `projects`
--
ALTER TABLE `projects`
  MODIFY `id` int(10) UNSIGNED NOT NULL AUTO_INCREMENT, AUTO_INCREMENT=3;

--
-- AUTO_INCREMENT for table `requests`
--
ALTER TABLE `requests`
  MODIFY `id` int(10) UNSIGNED NOT NULL AUTO_INCREMENT, AUTO_INCREMENT=8;

--
-- AUTO_INCREMENT for table `sequence_orders`
--
ALTER TABLE `sequence_orders`
  MODIFY `id` int(10) UNSIGNED NOT NULL AUTO_INCREMENT;

--
-- AUTO_INCREMENT for table `sequence_products`
--
ALTER TABLE `sequence_products`
  MODIFY `id` int(10) UNSIGNED NOT NULL AUTO_INCREMENT;

--
-- AUTO_INCREMENT for table `sizes`
--
ALTER TABLE `sizes`
  MODIFY `id` int(10) UNSIGNED NOT NULL AUTO_INCREMENT, AUTO_INCREMENT=8;

--
-- AUTO_INCREMENT for table `sub_barangs`
--
ALTER TABLE `sub_barangs`
  MODIFY `id` int(10) UNSIGNED NOT NULL AUTO_INCREMENT, AUTO_INCREMENT=125;

--
-- AUTO_INCREMENT for table `sub_pembelian`
--
ALTER TABLE `sub_pembelian`
  MODIFY `id` int(10) UNSIGNED NOT NULL AUTO_INCREMENT, AUTO_INCREMENT=99;

--
-- AUTO_INCREMENT for table `supplier`
--
ALTER TABLE `supplier`
  MODIFY `id` int(10) UNSIGNED NOT NULL AUTO_INCREMENT, AUTO_INCREMENT=43;

--
-- AUTO_INCREMENT for table `test`
--
ALTER TABLE `test`
  MODIFY `id` int(10) UNSIGNED NOT NULL AUTO_INCREMENT, AUTO_INCREMENT=4129;

--
-- AUTO_INCREMENT for table `units`
--
ALTER TABLE `units`
  MODIFY `id` int(10) UNSIGNED NOT NULL AUTO_INCREMENT, AUTO_INCREMENT=10;
COMMIT;

/*!40101 SET CHARACTER_SET_CLIENT=@OLD_CHARACTER_SET_CLIENT */;
/*!40101 SET CHARACTER_SET_RESULTS=@OLD_CHARACTER_SET_RESULTS */;
/*!40101 SET COLLATION_CONNECTION=@OLD_COLLATION_CONNECTION */;
